"AOU","rmse_occ","AUC","rmse_pres","AUC_pres","rmse_gam","AUC_gam","rmse_gam_pres","AUC_gam_pres","rmse_rf","AUC_RF","rmse_rf_pres","AUC_RF_pres","rmse_me_pres","AUC_me_pres"
2881,0.0754894724382852,0.608298203812317,0.241044059335958,0.667909452087287,0.0617089083980843,0.738567631964809,0.22741256369072,0.848160282258065,0.0728457168449074,0.690386730205279,0.234170073254402,0.78706860768501,0.459406244660862,0.845432578273245
2890,0.310710733098171,0.79408824168659,0.39553939526472,0.571410293089198,0.294657548235522,0.733434760559299,0.38336568190294,0.680980195816644,0.302542877729194,0.607056437006448,0.387815774872679,0.7005173564753,0.548348632658044,0.681285364613135
3000,0.0707177685172848,0.596643778026906,0.259638279194858,0.664439461883408,0.0684615417926043,0.674929932735426,0.254871874653411,0.751255605381166,0.0712127050020865,0.665740610986547,0.263294428642972,0.689181614349776,0.495551617754798,0.761953163926258
3120,0.17062995216389,0.455941114616193,0.267171392524149,0.759020975150811,0.144444806474106,0.63080967402734,0.253596207096489,0.841233604516022,0.176205399079159,0.558885383806519,0.282569551053719,0.673944324533732,0.441819777674868,0.835422546903536
3160,0.376208791444826,0.599249728408474,0.388063296684627,0.585304733334055,0.369097121915017,0.705238321564367,0.383085220348871,0.644301544919583,0.372163791404969,0.762968495382944,0.385242701762809,0.674371311783888,0.55515131677201,0.652764820841927
3190,0.289651697376951,0.611764705882353,0.383953267246289,0.799078947368421,0.213710074180114,0.715588235294118,0.279555244223293,0.945460526315789,0.295788953016954,0.800294117647059,0.371592714091278,0.823223684210526,0.384668699489681,0.877763157894737
3200,0.208475296832031,0.547245306248076,0.329208455136444,0.698791236464367,0.178360007849475,0.795937211449677,0.27804346676236,0.892092671871065,0.219231897479855,0.819021237303786,0.326338066201651,0.797582472928733,0.400209651040138,0.883379501385042
3250,0.271023442027668,0.67201812571373,0.389108806224937,0.586800023602998,0.261962374690742,0.661588551157762,0.382615219848661,0.659380470486418,0.264968236807328,0.56153266758996,0.383974351664973,0.68337193406896,0.54946599155929,0.665174678573068
3390,0.190949312778429,0.63257546769447,0.359478351902473,0.610835393656623,0.182689235190259,0.537659057862624,0.348595731349585,0.717389454121298,0.193142660753876,0.497665875870513,0.356850277455993,0.69846843101033,0.534724353272586,0.71232608173949
3850,0.161234835087359,0.560541813898704,0.326271870325379,0.669403450426107,0.147504455813735,0.574676089517079,0.310437289221097,0.794117647058823,0.164909276852282,0.493404004711425,0.335476244570996,0.659260029099979,0.49486451354896,0.778777800872999
3870,0.292463397736839,0.777662028757422,0.40435447888856,0.564787295010957,0.281621133817998,0.774890013591816,0.397791054150378,0.642237119938463,0.285828884279363,0.623318906931826,0.401833841516537,0.666868172981906,0.556540958871943,0.653170820870088
3880,0.11561049347277,0.51596069630306,0.313058021858393,0.690345869520851,0.108930587099695,0.581423987344621,0.304015452954956,0.770934431619765,0.110018537254484,0.644360060961886,0.305438176238515,0.778431767160253,0.472983801417944,0.778923558357332
3930,0.179903735134647,0.533547140689998,0.349111620998605,0.635561508366624,0.175479341513669,0.560303453160596,0.342372287977318,0.708004889827998,0.177478200605904,0.577903577903578,0.345616040733378,0.717954673406657,0.52064176872274,0.712184628724841
3940,0.258985639127484,0.707520622462918,0.357789214813948,0.656679624274497,0.251303548964379,0.683449417647712,0.353238861308076,0.6998427245618,0.254024993067603,0.598741655685718,0.354706208397794,0.724651527821022,0.520618788012691,0.712055087709433
3960,0.25152129210959,0.567272727272727,0.352032253396094,0.76055469953775,0.194341512688919,0.623272727272727,0.34579927063798,0.766656394453005,0.260182742242709,0.480727272727273,0.38046306130017,0.645300462249615,0.463710407413395,0.775963020030817
4020,0.257717933930653,0.580689655172414,0.335658071089305,0.720816696914701,0.244489352831261,0.614827586206897,0.320536398003445,0.799115245009074,0.258119852388133,0.623793103448276,0.336347916175277,0.739902450090744,0.462221873539993,0.786456442831216
4021,0.193793776951182,0.551578947368421,0.293959622617848,0.789297317367493,0.154568173827248,0.564210526315789,0.274241058468209,0.860326742782883,0.194604830765826,0.533984962406015,0.29643986132149,0.796862526687088,0.422514106456916,0.840907825118351
4050,0.269125950813887,0.526705983227722,0.397405975042118,0.598631113299385,0.260689963031056,0.578173034694774,0.388482727315888,0.680105553807976,0.263907718194981,0.615921115921116,0.387288182421505,0.703508683950989,0.526909160135524,0.693949423526676
4060,0.195945225052341,0.543925687572096,0.342071854362767,0.659400117064257,0.189456587375634,0.482922847563731,0.337019222118531,0.708299152986292,0.19377168755146,0.569816310147802,0.340829540203807,0.724479497831676,0.518135709047982,0.715974219507561
4090,0.400813038552166,0.948412106754137,0.431137036385597,0.607702882852858,0.386328042168733,0.558073654390935,0.414499120558906,0.686175915125257,0.391288407836387,0.602579394662293,0.416111774311173,0.704213186691107,0.521010955991265,0.683145864578126
4120,0.286610914616524,0.598696064485538,0.37281265867004,0.638252169513208,0.277581625925597,0.697842579421527,0.365928089968673,0.702090513332124,0.27897714993395,0.5791844476055,0.366676032117593,0.727549476357318,0.520002016100607,0.709727068555663
4230,0.302103878828532,0.632192361388113,0.380089334124506,0.616337564172834,0.29268734936081,0.631992919824491,0.371883486317033,0.694962020013028,0.294555470689707,0.608770442760271,0.375736454937982,0.710929899877465,0.523874179346692,0.70411265722165
4250,0.111988462876148,0.54496247113164,0.244914918383908,0.662476810661417,0.104141581983585,0.641743648960739,0.239439220271471,0.771362586605081,0.11584564289981,0.519341801385681,0.253365359397328,0.621171392874721,0.513331265392538,0.76339302616136
4280,0.199294526557277,0.584313893653516,0.383853609193594,0.593607367475292,0.191757785919099,0.531140651801029,0.376266686418362,0.674308176100629,0.195284766758209,0.483662092624357,0.379672098172161,0.694600588091154,0.537066663565902,0.678397043208364
4290,0.147000820195888,0.576609848484849,0.31117614523668,0.638106921487603,0.135951902068612,0.714488636363636,0.302639328058509,0.734972236570248,0.146413747651173,0.716382575757576,0.307133838415869,0.698774857954546,0.512661620241579,0.750403538223141
4320,0.292229949037845,0.640329218106996,0.453323882907833,0.680580580580581,0.169346024513411,0.565843621399177,0.38963454547949,0.843243243243243,0.299548276385159,0.564197530864198,0.438756695477757,0.737537537537537,0.452004047091531,0.805505505505505
4330,0.203023509238574,0.568945868945869,0.329299430014405,0.711967343687774,0.162661156257177,0.543874643874644,0.325636931956707,0.71989247311828,0.206398524428966,0.650712250712251,0.335203487167747,0.694782954998009,0.490515525556728,0.749044205495818
4430,0.318292300091731,0.644747725392887,0.385483646647242,0.628543899477324,0.274875947865132,0.554177005789909,0.363431177194595,0.772068528588776,0.319631497157858,0.612076095947064,0.388942135683967,0.689945092656143,0.519655657004952,0.737989018531229
4440,0.302586266565699,0.624694525904203,0.374548763865697,0.615774157057364,0.296557127034192,0.658550454921423,0.370644335998187,0.659394613924974,0.297080602681566,0.542634784570268,0.370481624877263,0.695947215734929,0.538563843467077,0.67592459130054
4470,0.279427390731758,0.679077883457445,0.363132474718551,0.586452035025359,0.267047636487225,0.5807466391408,0.344282938980917,0.696722985044153,0.26868735435886,0.472510998058443,0.341119048952881,0.715609208309938,0.526500615724222,0.682347181683612
4480,0.300317201621288,0.587748344370861,0.415547267857711,0.693676145955071,0.197261905998148,0.574503311258278,0.368562683100396,0.837034151408908,0.319040851676843,0.572847682119205,0.416059051518622,0.711985456434229,0.483942811824421,0.791455655109726
4520,0.344949368225303,0.533555030249609,0.398284735654226,0.590143467869629,0.333044517022363,0.738330862614688,0.391204140023033,0.662352497263623,0.336538657289399,0.585800713169598,0.392603987000922,0.696156393191941,0.539940810396395,0.673506908348756
4540,0.279547512120436,0.601863102470636,0.320482567962826,0.615219796910259,0.260840156008821,0.467800729040097,0.306707156192604,0.751404921020656,0.277871684248614,0.700283515593358,0.317848207366134,0.687348116646416,0.507362263574242,0.762557498698143
4560,0.346013632553702,0.641804962857594,0.399905636577913,0.596112421475647,0.335575035267656,0.709451556819978,0.394642932171156,0.64922162612916,0.340407404734734,0.446246246246246,0.396313068235356,0.68709101673597,0.544011365013705,0.663915767976193
4570,0.193927473185359,0.526395692482086,0.305734762682987,0.68214349234826,0.188119726682178,0.544006315533784,0.296338294324979,0.752598266275896,0.193860085257391,0.635925671025465,0.30145433744505,0.749669417014004,0.511498234252745,0.739115893502014
4590,0.145158023646531,0.559530948409947,0.253293093864649,0.721816769862179,0.141391121457837,0.618710529767817,0.247110113860818,0.797798031839608,0.147088749658292,0.638466727882615,0.253659262334241,0.750092896836497,0.451333537467085,0.801772763900081
4610,0.360673931338933,0.701036028170654,0.415565449855412,0.558727243276116,0.349362002116435,0.741109364996217,0.412436833460844,0.603466306455478,0.356291938848169,0.592747802805425,0.414007663799033,0.655303658221217,0.556706224998901,0.633480695326317
4620,0.240912343903329,0.669806178073895,0.326628907201516,0.65170459461798,0.232528300898972,0.614839491217444,0.320413804443312,0.725120756964203,0.241352703085867,0.515142337976984,0.326266077568219,0.704790577648382,0.523545109886815,0.724258025439128
4630,0.094373498451565,0.652609573241061,0.202437314058855,0.717719905299581,0.0680486701672563,0.838547673971549,0.179075843783817,0.878634735627997,0.0932812851936946,0.703623606305267,0.195256458915663,0.797858617131063,0.387078931435228,0.843046196806896
4640,0.174471748996437,0.584453405017921,0.278767363443572,0.757828711563856,0.13957615038052,0.63418458781362,0.258693816310218,0.85243350311262,0.178080266467042,0.659274193548387,0.284482439889681,0.712444192919575,0.44280764338744,0.831211092246746
4641,0.300496549739721,0.650246305418719,0.381931779957872,0.578448275862069,0.260842790194228,0.579802955665025,0.370988990640317,0.674838362068966,0.30847192444274,0.542857142857143,0.395289816139869,0.539412715517241,0.540660442510138,0.716433189655172
4650,0.270160833064053,0.512104675417711,0.36769739701513,0.628908868141204,0.254578351514361,0.492825688459999,0.355557489066104,0.720435616005601,0.25919571018475,0.570447314637281,0.360023461728014,0.726368557438216,0.517893610274567,0.724045115542407
4660,0.208358648187591,0.59217999126256,0.314870200845759,0.716139737081602,0.199129886279309,0.545276928304451,0.310394019807798,0.751511977147033,0.199460661276839,0.614618222416388,0.308470323148199,0.764621186120886,0.488084117141662,0.763150188591616
4661,0.255227322878357,0.548672873818788,0.33065465861705,0.673068962662472,0.239170052927564,0.558747915508616,0.314634818662241,0.77833153958661,0.254442508185077,0.596511951083936,0.323428322821229,0.742499379087673,0.462107065333152,0.791022987554157
4670,0.270569305197156,0.750511116790187,0.346197715694604,0.750518521213885,0.243275424251085,0.477095578839765,0.315256467105526,0.833779837711957,0.253653563668496,0.665825453616151,0.320898608270659,0.814904983261771,0.406895575016338,0.823329815879485
4680,0.232292059103332,0.608376511226252,0.311198367243193,0.717116400759247,0.213551331989018,0.66580310880829,0.303357024728199,0.771174267685836,0.239819923895575,0.782901554404145,0.311062113447736,0.743048786743959,0.468204073004817,0.780382701482583
4690,0.218621207793604,0.550204384986994,0.298857976695254,0.724002849002849,0.199892109371367,0.57785209959123,0.291999691979281,0.779176473017053,0.220401585213305,0.505165366034931,0.304677071448169,0.70093211941038,0.472531517351272,0.777308105206656
4740,0.264290732550958,0.494190929451288,0.324282154871715,0.634076281034603,0.256270641766536,0.522536394176932,0.316742493437115,0.725861525072069,0.252436188060709,0.577967525195969,0.310871966744775,0.763743628492484,0.515130822836319,0.727500224436664
4750,0.227569331983611,0.514985590778098,0.293160227752472,0.649265815836421,0.21773335588043,0.518270893371758,0.285508497233895,0.747102145373039,0.227796426582754,0.604121037463977,0.293405239255209,0.718210511870454,0.514078220619445,0.744869859567266
4770,0.367909854830099,0.790953008344313,0.385371427146887,0.613873762494164,0.358571707087331,0.822438431134083,0.379394383562193,0.676000366844848,0.36440079047584,0.574541400628357,0.381595810158493,0.699414417955388,0.535690667721259,0.682865606151559
4780,0.249169100903389,0.553801169590643,0.316077595617378,0.720349894343702,0.234665314381543,0.610087719298246,0.30942243676227,0.766189984765836,0.255908665529695,0.742397660818713,0.316436132254359,0.744695071010861,0.46658950629272,0.779949874686717
4840,0.16301816497057,0.614890622250894,0.288571558070536,0.724862110914962,0.142011944813033,0.772124802064395,0.276724703123881,0.799125559102509,0.160935018514132,0.709107970207026,0.287573684014059,0.763928398291364,0.45860157071501,0.797634619078544
4860,0.308938235363098,0.678035451353494,0.386277302388189,0.647448360963571,0.299604124972729,0.696483180428135,0.368480214989726,0.717452116529857,0.303951208957345,0.749193000339789,0.36037272222386,0.748403347819089,0.493850913314476,0.73895863511991
4880,0.352837792502487,0.789569932145206,0.376683407873309,0.614510582313475,0.346277189001552,0.685509873433966,0.370454127715914,0.677836886445438,0.348866698804017,0.572049599769005,0.371244729554238,0.706026724843196,0.537440252633179,0.684621141311928
4900,0.304409405889313,0.528061224489796,0.411945754868181,0.630668934240363,0.275519773223524,0.754931972789116,0.383746447701342,0.767875429741789,0.292492822808396,0.75578231292517,0.399849890994807,0.734840172628191,0.485205092836687,0.763532294638285
4910,0.157766667968787,0.433058845299778,0.285060228587438,0.730811848429989,0.12933580373344,0.673343819393042,0.263482522057864,0.848734315500343,0.158188014712288,0.62740562546262,0.286583751454896,0.748392533866034,0.447920056862007,0.814228416255696
4930,0.33171887774181,0.646560257362039,0.369536965614859,0.617705846771934,0.324908045190707,0.673265693310237,0.364988114920732,0.667218840422996,0.325763113906196,0.551400230965932,0.365239932953487,0.698263393848306,0.540095629602024,0.679358787846846
4940,0.287111881268515,0.626787458921751,0.352894862349138,0.671908499690314,0.271391694121359,0.538502531308287,0.345872981009089,0.716364325757937,0.278831516537039,0.565059063860023,0.345871281382115,0.731478393444185,0.50347750448444,0.739900463734972
4950,0.349127289270757,0.641601998037642,0.386580462357518,0.588342504501798,0.343195937335941,0.736241191686736,0.381644648372191,0.641936933294074,0.342480649870752,0.533107364790533,0.380679772511749,0.684466945543462,0.549882386046591,0.658816608583814
4970,0.185702857680598,0.485683646112601,0.285933591943416,0.589175828130342,0.170107335748899,0.496085790884718,0.278092757778335,0.7313659427461,0.180770938707263,0.504423592493298,0.281962885475205,0.691907173830901,0.556679178894977,0.691731741547763
4980,0.351409749268532,0.634776044287871,0.375018882580621,0.611981012783812,0.344364586379803,0.565576245596376,0.370906448893929,0.656341939452318,0.344893105113095,0.502692501258178,0.370679118293628,0.696574628754767,0.546033846672049,0.670039997137908
5010,0.351412629811982,0.5880571309796,0.39725150036976,0.637367260032581,0.336948595035501,0.51824687472162,0.383841509035666,0.712891517030841,0.338977127507493,0.530035335689046,0.386289484441379,0.732097786110911,0.509568138182164,0.699997966025225
5011,0.284638280243832,0.547062641999351,0.349281338117756,0.630150719310997,0.276290808523305,0.588839430611583,0.344639183343866,0.681577684216301,0.282104562532478,0.505390179440812,0.344854760792185,0.692557291166669,0.545657681019735,0.672714181878026
5060,0.297846941221159,0.652596918859322,0.397621689084293,0.57155567318106,0.287417028493685,0.68346792216693,0.394340151551604,0.623030924666556,0.287555389750263,0.617017789564647,0.392153610006749,0.664705925398328,0.556070654410498,0.654956288844874
5070,0.258515479528284,0.598327228327228,0.319685294562141,0.738734275761587,0.246882174981049,0.578925518925519,0.310519987191344,0.801274035255128,0.248322208013387,0.619426129426129,0.312088500555829,0.810738077282195,0.442256963501677,0.805790585464955
5080,0.245096605603971,0.525443097014925,0.350541642301034,0.580152123995408,0.234010252488246,0.523670708955224,0.346403728480407,0.63942820239462,0.244714096145855,0.685960820895522,0.345711717304795,0.680362780875841,0.553195196347079,0.673584344759718
5100,0.272461074179764,0.522053083528493,0.33741874789561,0.615965129428945,0.261788551447209,0.508548009367682,0.330869373982926,0.695078405357032,0.272053579895461,0.565807962529274,0.336724780713148,0.648372454385981,0.547120750640807,0.684566477591473
5110,0.354152186181219,0.62728813559322,0.384458233968031,0.617218389080546,0.346103903838063,0.624794188861985,0.379425789290796,0.668252837358132,0.347421042309759,0.584019370460048,0.379564087313493,0.704221538923054,0.536517209044884,0.678849307534623
5120,0.182251273448179,0.534824358818524,0.309266765485589,0.678517702396339,0.160477545744471,0.58259389814027,0.287172621357169,0.816142975189101,0.183199074163555,0.651543697581135,0.301937002939277,0.762273025827913,0.481924097727801,0.799595313261436
5140,0.115370012496063,0.613666845493562,0.280499834207782,0.671455545737608,0.108753562807854,0.683766988555079,0.275229869214274,0.751191302701338,0.117876535587887,0.643285050071531,0.284838821783485,0.674695468316082,0.491812036738204,0.766354771522343
5170,0.225512793416081,0.511658815612382,0.333902892084769,0.660180692309509,0.213023237372775,0.58514468371467,0.318138631994358,0.764015312507379,0.225996468249029,0.570053835800808,0.330777247124939,0.709505088427664,0.483048240309249,0.765476316970083
5180,0.217880302473098,0.625708884688091,0.34009785333937,0.693436252888049,0.179811624120192,0.672377126654064,0.30767895592973,0.832671707624449,0.218093414453334,0.685609640831758,0.339873485206264,0.729195547153959,0.478228074363955,0.773713505566058
5190,0.306761828512706,0.538053717399766,0.407173633263648,0.594896699617895,0.298025531522261,0.499470611132736,0.393632297807427,0.67271579305966,0.298796513658464,0.650260801868431,0.388396881673431,0.71443339154893,0.539527417431259,0.660554938944596
5210,0.130669334555183,0.53771556910243,0.252795035607037,0.745161225635678,0.122736498308837,0.576425764017005,0.249939705647589,0.785660142776931,0.131696343367015,0.608735060559878,0.256160125821552,0.763160744365124,0.455808413190294,0.790857864762974
5290,0.337605533965631,0.577990404536038,0.378860636377168,0.622814344907083,0.328891041583956,0.587367789772108,0.371382803423043,0.68683602816331,0.330857994286569,0.509628175771453,0.371073974631689,0.715541127311245,0.531386498237841,0.693918718943253
5300,0.211308236692446,0.583959369378902,0.326491314100042,0.638821288752513,0.184978245342209,0.583112898106021,0.307792749258774,0.786636334779388,0.217285965546424,0.519839170458153,0.330164123593087,0.691090889852926,0.510692242100575,0.758689556660671
5330,0.182234039719346,0.534594594594595,0.304360992818143,0.668573506241668,0.175312331266404,0.525702172760996,0.299448938865628,0.734298872863895,0.18249902363278,0.597456279809221,0.307634327557594,0.697143376560417,0.504852292575521,0.742828748030542
5400,0.255884722197285,0.544441892512632,0.33269460737674,0.64199088960343,0.247528543666256,0.502363726841219,0.326540150126861,0.715224544480171,0.2499571202334,0.558518986372684,0.327627823344898,0.733349946409432,0.527961277739624,0.700373526259378
5420,0.267134993649612,0.566079135386066,0.331757437100371,0.64104469857954,0.257017067119529,0.527708265332028,0.322434297155572,0.729345844198502,0.260719006212663,0.635150328219635,0.319083579008477,0.747110814669822,0.508333883856372,0.738051945004927
5460,0.234603621642692,0.576638457150448,0.369684020995628,0.585775732505811,0.225059057805265,0.538348532089301,0.36292614331136,0.653597036495054,0.226593261087079,0.603238233662314,0.360006577254934,0.69890216390202,0.548737937624005,0.670624567438885
5470,0.0921578655258979,0.595897121861604,0.271398543768203,0.633716143011918,0.0744312335977051,0.588977342314758,0.255283756236996,0.75783315276273,0.0954145652769307,0.530220453153705,0.274209693552217,0.663044420368364,0.514242950904778,0.702925243770314
5480,0.147424376336998,0.596028154851684,0.2641113297349,0.741013071895425,0.115889324213178,0.697083961789844,0.25521150030967,0.820836359235052,0.14410166043772,0.717948717948718,0.258695995936982,0.744296175260228,0.441680390365597,0.816660614863229
5520,0.244596085875629,0.553130958506099,0.35229737005849,0.602898445860261,0.235204290735303,0.574574014103689,0.346612747711869,0.668472403642194,0.239555871527181,0.573227202566508,0.344008292732109,0.714053140078221,0.547394307328652,0.680595912243087
5540,0.251851876909657,0.626315789473684,0.317025847921277,0.677432216905901,0.22436674910302,0.582121971595656,0.310975620083726,0.762349054454318,0.245176813903138,0.556975772765246,0.302071644391016,0.804408749145591,0.471705369168712,0.778035999088631
5580,0.256261811254751,0.600717488789238,0.304352327628748,0.665966485721029,0.238532289289365,0.692615844544096,0.28888582881155,0.799221147037999,0.260106207438746,0.695007473841555,0.303997279594458,0.716430088674601,0.460440611658119,0.793307259179338
5600,0.336424882195876,0.697120523784073,0.363758779716006,0.636369643367037,0.327970525466478,0.626002137894174,0.358217747910421,0.691332193611211,0.329071475025786,0.459992428291466,0.357428057118823,0.720588762876786,0.524116906175311,0.706402883228513
5610,0.261680097722995,0.550460666194189,0.336830593901286,0.708183097352915,0.240915637276364,0.569950389794472,0.328856769338643,0.74589306129628,0.258352681005204,0.549326718639263,0.33814338393014,0.710658693166828,0.481048247774112,0.759867206050479
5620,0.226477963479574,0.634331597222222,0.286704883248389,0.721616972477064,0.208388087025952,0.590711805555556,0.279407028560233,0.795925315366973,0.22807708142462,0.6396484375,0.286268980201898,0.770592925745413,0.450997317191097,0.809982439793578
5630,0.336894363391639,0.653574902723735,0.403409202827329,0.574599578293614,0.324203106181235,0.605874791550862,0.39613331219867,0.650686152410036,0.327453964606219,0.527028904947193,0.397535408148239,0.687893883850146,0.545775038743241,0.663690915956591
5730,0.270879596873951,0.461016949152542,0.338176714113055,0.691905914908336,0.240863566900039,0.63680387409201,0.311716651890539,0.813317191283293,0.273796111402944,0.545278450363196,0.345384881746172,0.687928052576963,0.500860656724999,0.763161535800761
5780,0.245776964712434,0.784383561643836,0.361091607051262,0.598952457695407,0.209559913326437,0.618356164383562,0.351105484438894,0.694520547945205,0.250040872413533,0.570958904109589,0.367402706158977,0.628364222401289,0.524982492736492,0.741176470588235
5810,0.33895434163728,0.662398841637575,0.366627313458921,0.642489668210882,0.331936183357036,0.699966280545858,0.361935147569452,0.68421113514639,0.331827684356328,0.50791415423675,0.361470992236941,0.711674054120117,0.533930158722988,0.693256134319042
5830,0.206275975357172,0.493777257738538,0.282815243839165,0.691537821383207,0.186429712524408,0.579512817785342,0.273589222416176,0.789781437519163,0.202846153108239,0.731624295287735,0.279466133002835,0.750186150409531,0.456514483456403,0.79747930445447
5840,0.227070557448779,0.543809523809524,0.31187130764901,0.632164918414918,0.212949542442496,0.657604617604618,0.297387167852779,0.783228438228438,0.226623789736404,0.712813852813853,0.308281569319602,0.756490384615385,0.47734698780228,0.777392191142191
5850,0.195415591124622,0.582481060606061,0.266133346738189,0.679352678571429,0.180295423229381,0.633806818181818,0.256185283394337,0.783494543650794,0.195514476307129,0.597064393939394,0.261278481362392,0.713932291666667,0.471890111294153,0.790290178571429
5870,0.279308343697777,0.581911926483171,0.334364296229703,0.715955241896965,0.264989204903754,0.567044103430267,0.32422883801468,0.788920183988166,0.271452565230241,0.620870512150945,0.325817071110188,0.811644068581618,0.446001494319318,0.793740610264085
5880,0.270357865369396,0.465528519099948,0.335694155849413,0.659260330312962,0.259576182202973,0.561093668236525,0.332150393636254,0.697775421459632,0.273962523661163,0.636773940345369,0.336780248682065,0.70443469785575,0.526661669292456,0.708967932652143
5900,0.250562822526966,0.614242261585257,0.319794610498914,0.709650856389987,0.21711669372,0.458400429414922,0.314121680726855,0.749286341677646,0.257791436471137,0.55358740382895,0.331511844337839,0.659548382374469,0.479198382037358,0.769653052261748
5930,0.395348918131281,0.691767881241565,0.40947305014357,0.589121730982196,0.385075455497083,0.693348756506651,0.403158447484669,0.65157930604687,0.389364251956384,0.577482166955851,0.404906870091839,0.688308875946575,0.546407335694666,0.659181495778803
5950,0.29750203880486,0.644720332827049,0.37589132089262,0.6598569421656,0.283851184988282,0.625833718549825,0.367144694405993,0.718615391764702,0.291701459403118,0.502245261837152,0.371229834316809,0.723673533585704,0.508264005524185,0.720760186883148
5960,0.25355533903812,0.504789498580889,0.333780249429735,0.653837032396635,0.242812554455335,0.600106433301798,0.330440321937828,0.688685788437444,0.25605399337784,0.514782403027436,0.337372628140521,0.657029711831036,0.524656826261465,0.70912609629497
5970,0.322519242726508,0.553011204481793,0.402307421034033,0.597613646522439,0.310688803043147,0.567436974789916,0.38795855925764,0.681122049883783,0.314084038304378,0.581395891690009,0.384894096137565,0.714836998629239,0.535102260877456,0.680125640681805
5980,0.351712994777423,0.794753846153846,0.381793638925942,0.623342756183746,0.340454744188449,0.768292307692308,0.375729696708831,0.686191519434629,0.343096008627604,0.725792307692308,0.376393364652432,0.713537102473498,0.526436071595199,0.695650176678445
5990,0.22028646362639,0.512554856806768,0.329649825144688,0.640238817425702,0.208393127171169,0.599918563090983,0.319521085541857,0.735153246101505,0.222765962355174,0.618694294892096,0.329033947497427,0.706585191253201,0.530063987466413,0.71172906473015
6010,0.299411321122949,0.630982367758186,0.370755940936953,0.601338161209068,0.250227623002896,0.581024349286314,0.347164176925184,0.741199622166247,0.308892817538856,0.57808564231738,0.382714276121205,0.613476070528967,0.532331467372901,0.721741183879093
6040,0.287551019211407,0.70883817735821,0.393004150125389,0.580424238378917,0.272583768629028,0.612824896553433,0.372041632833007,0.712437632452818,0.278824565989952,0.528680096137169,0.372648224056217,0.723413486408464,0.532795188554988,0.689120374233095
6050,0.196616508331527,0.718184104627767,0.299665626731799,0.771083644725496,0.175294248993661,0.665492957746479,0.28349102786816,0.841534923828686,0.207959289251029,0.726169517102616,0.304733686507967,0.736892785283127,0.419004262372735,0.820724346076459
6070,0.288902486279875,0.625688457854406,0.360755229793426,0.625309193769592,0.275584471540562,0.533554837164751,0.355120980323439,0.679549740399687,0.294286440019948,0.503532088122605,0.369123353048397,0.631456333268025,0.541860324191978,0.674976121669279
6080,0.313944802271891,0.694120505344995,0.415933643892348,0.558144219640476,0.296720392664164,0.646865889212828,0.405065126530241,0.6559601945588,0.306550791100658,0.47033527696793,0.409176866382506,0.669699627876994,0.550802431425224,0.654928249117307
6100,0.306798068766869,0.60433912803532,0.379583229711379,0.610944268784544,0.296784667818264,0.691501103752759,0.372083893893676,0.682553341134293,0.302547918427017,0.546530077262693,0.375645500901755,0.679721343922721,0.536403189268313,0.687115657521287
6110,0.261853952732385,0.641163340336134,0.363709836460366,0.601094283867393,0.254014339297815,0.584952731092437,0.35378334892591,0.704159202142395,0.256090018242156,0.477297794117647,0.359359612929194,0.714966755933143,0.539744842718098,0.696990488503094
6120,0.246544114895698,0.658476958806992,0.354409933551049,0.646696633495837,0.239938866535237,0.615843876054272,0.347547538740765,0.685871823222931,0.239663938800758,0.662648209265371,0.3440006877255,0.72197703590156,0.51796346744003,0.69990660233536
6130,0.343191089093886,0.627305653050556,0.378736959972738,0.593819292314083,0.337008214351583,0.590825927861997,0.372139825810813,0.659558663337566,0.337451268137148,0.535284892838474,0.373038653052929,0.687366258489748,0.545107563250379,0.674064357256325
6140,0.287227326035682,0.485725141120278,0.380687871995192,0.623413465966657,0.27816573681587,0.610079847541854,0.374468749094125,0.674583729902879,0.278746390710394,0.532246586577894,0.370200356589772,0.723323918004769,0.533751656114347,0.681467665510219
6150,0.232334940949132,0.472641685309471,0.327227271790619,0.634179890500091,0.221571515152891,0.47102597564007,0.319329958371984,0.717243724233327,0.231565399950277,0.567222843649018,0.328507168583897,0.702254137156943,0.532539550079384,0.705242781467701
6160,0.135592434933372,0.605168418241813,0.284292756083291,0.623130542447203,0.130951725289839,0.663881153560053,0.277800896396842,0.720675101776346,0.135477071936637,0.696313109157146,0.280597163432862,0.724703461023615,0.537564545740546,0.704611893705563
6170,0.188652208041388,0.50794217758541,0.359078563961059,0.613881148656139,0.184947522599772,0.486773542883557,0.355634738917265,0.657260604258836,0.18760045068686,0.556058799428499,0.356351111074,0.687531912713689,0.552053059726965,0.664310374655259
6190,0.295150269174215,0.553397846650102,0.372519445048071,0.693541567607057,0.286248445670928,0.548581142931869,0.362713619495954,0.734590021445395,0.289363219668462,0.608430321258882,0.359877837509771,0.746624117820749,0.491793872948902,0.739459942026735
6220,0.152930214147557,0.516997397527651,0.28101404351171,0.6961457341428,0.147739868772902,0.490771292251448,0.275341665319495,0.741682537152016,0.152517145671068,0.532492177092047,0.282941797711147,0.732692373980447,0.499631588493776,0.742928837030941
6240,0.322455074929238,0.57923393478949,0.363476322772589,0.651458794977314,0.313057832085662,0.629882874327319,0.358483513239129,0.698716934115794,0.317016625159165,0.502361506805951,0.359972920812404,0.720447936705059,0.520059610533077,0.707949813719045
6270,0.287383046018631,0.536389819156062,0.354338714860473,0.650845746699518,0.277389100550723,0.523194909578031,0.344917458675934,0.722698525624019,0.274519128594005,0.497655726724715,0.343827569390809,0.746074933466895,0.503619849929469,0.719336477272862
6280,0.262394276563814,0.647090268146093,0.39660987313474,0.543381405237418,0.252284351719902,0.585327092001849,0.3884574118481,0.642579771856706,0.260475383593987,0.518984049930652,0.393292327093465,0.65884808113903,0.553427505821764,0.652211719145246
6290,0.244708041712188,0.783061977456589,0.348811330852132,0.781147768656256,0.228410367982806,0.683613715600988,0.329917315827033,0.82114529967286,0.249005633345419,0.754121111600041,0.347485797875352,0.764803612945703,0.430657005051135,0.804952883566858
6291,0.183360232523938,0.93574297188755,1.54379484995821e-06,1,0.0347230690096497,0.995983935742972,3.9081515738577e-10,1,0.156253655006133,0.990461847389558,0.133184834557382,0.99526678141136,0.15442065281336,0.999010327022375
6292,0.14383171657149,0.960800438596491,0.102195010925871,0.998172514619883,0.0385317051079886,0.98656798245614,0.000291091875705763,1,0.150161803585227,0.925986842105263,0.14576993780603,0.982529239766082,0.136236798061715,0.997002923976608
6310,0.315908482564033,0.810173806179775,0.379194816071821,0.566671902720284,0.303177461715161,0.750219452247191,0.370699525880396,0.669777498521585,0.310513652835398,0.736306179775281,0.37718243932079,0.671290564015376,0.541870621046156,0.691879804849202
6330,0.194384171377165,0.577508488467393,0.353652092902454,0.593817246627828,0.169710056923395,0.533836787261445,0.341988203105476,0.710452422190731,0.191502913976711,0.535066151504508,0.354871981794587,0.696629139768016,0.536989944284994,0.720345877289666
6360,0.234774574219212,0.498537560696944,0.348135062313876,0.629856553716633,0.225257476272429,0.525844044558697,0.336985295290001,0.722274171125902,0.232510090292535,0.615778349043131,0.344892267132335,0.712135074053076,0.530208026793464,0.709134118780046
6370,0.17331880183738,0.532460732984293,0.301782163197895,0.668379548833301,0.160102691777624,0.541560708052855,0.29392994708896,0.739822894447676,0.173278714641836,0.571740214410371,0.303755200943017,0.702908667830134,0.505861018495015,0.749182341154418
6380,0.0972748319171911,0.4944,0.272493680513537,0.651971428571429,0.0813680019048561,0.714533333333333,0.268140560412703,0.728228571428571,0.097621109153087,0.643466666666667,0.282655162458445,0.693528571428571,0.512591643731915,0.735257142857143
6390,0.170982953952338,0.586717873176206,0.3284137647378,0.621917644992976,0.155376329902192,0.655390712682379,0.308604439147846,0.786389348785872,0.169193068417476,0.628367003367003,0.317296443180268,0.740128938390528,0.485215374223841,0.775552503511941
6410,0.152951552127031,0.575288403157256,0.329268420135646,0.664686066671056,0.139901753511212,0.695644974333499,0.305555843732215,0.812830557201484,0.146000896870118,0.734696693713087,0.315785597087942,0.761661399697149,0.468832737974729,0.803980951126912
6420,0.102031305136574,0.605737337516809,0.231986928826808,0.796716891356067,0.0834196400380548,0.763962348722546,0.222725709907911,0.865440126883426,0.0979564967609629,0.756701030927835,0.227410406260931,0.822355273592387,0.380954083433489,0.86131641554322
6450,0.227341482257556,0.750968126303247,0.319529143754776,0.669685616736555,0.207556639780218,0.449905669744812,0.307703242545384,0.766332118879036,0.233692172108421,0.640353490219442,0.323126264652003,0.712687037418941,0.47605710370612,0.770439494970326
6460,0.236234359588238,0.493911073350326,0.309398600494163,0.67695426319901,0.221558259997867,0.579269328802039,0.302006942888629,0.746537380326504,0.236380838591896,0.620787312376097,0.313796847538744,0.703677304944319,0.491256918213438,0.758802666316936
6480,0.263602364799209,0.563975528771994,0.385262808385826,0.593393561072455,0.253953133238563,0.531007346597297,0.374509464025619,0.685346651522238,0.263191505707688,0.599688880755052,0.380098936716022,0.697766833064488,0.537619047602155,0.691892799078608
6520,0.293385852695133,0.511448401282262,0.360596615579278,0.626148112685459,0.284541932352936,0.63192246835443,0.356334204577602,0.671304869157319,0.28635050389412,0.512172756041427,0.358034463240475,0.693522870018184,0.545923218902253,0.674438900552535
6540,0.212596714916782,0.50790091821482,0.344715320237673,0.642983931240658,0.189602599738456,0.583493487080931,0.322614812808678,0.793208146487294,0.218631464167254,0.58680333119795,0.341140134820678,0.703849028400598,0.489446427513405,0.764500587230408
6550,0.190706674164643,0.736547110538568,0.246152616501946,0.802226210251543,0.167134254852744,0.805455737112121,0.22913986843635,0.891037316089226,0.188101934039214,0.811625646936515,0.236267855330241,0.85594447081158,0.353842951815774,0.887359100616991
6570,0.222391691528081,0.755437563971341,0.312352335532394,0.741292259276799,0.198408086436643,0.63414790174002,0.292681073033928,0.825955941887288,0.226110840485455,0.690634595701126,0.315947859722491,0.734864571716647,0.440178222725829,0.810908354848073
6580,0.147163036479217,0.672496025437202,0.323487762800844,0.749303553101021,0.117564815714597,0.662957074721781,0.302392828175181,0.81374321880651,0.146286939713395,0.731205995911878,0.317894718577068,0.749645667367186,0.451723250850673,0.800034211426616
6590,0.296050135222611,0.667886276391555,0.360538483275649,0.721344100763332,0.273495832078679,0.520693378119002,0.336179425517284,0.808724802533235,0.294756812473563,0.485604606525912,0.355428979764453,0.738651742041625,0.46536313549631,0.778779730578381
6620,0.212998480682193,0.553977584880782,0.316481878337048,0.684410661308804,0.197699955374824,0.613586419074827,0.298355461947963,0.809648076349538,0.217315845106152,0.667234369849467,0.315124123300568,0.70216381245389,0.462332592422962,0.78323810570267
6630,0.201281695988966,0.512280236770033,0.349018067847253,0.623379618191102,0.185617961762947,0.555040197897341,0.333440593303098,0.741134226087529,0.198313469500129,0.639647200871691,0.337265233862467,0.738894104857439,0.507755311751559,0.741611898996887
6650,0.199637961760212,0.534039334341906,0.30266489120419,0.62237459968171,0.183350390870653,0.651916288451841,0.29622535338614,0.717272137847024,0.209135079825823,0.528113968734241,0.315655463687093,0.62357309861092,0.54446349193675,0.717940153643633
6670,0.252829457000017,0.546466431095406,0.341287868963454,0.686372634266368,0.23818350827288,0.601766784452297,0.323332712123113,0.787930364642111,0.254095286141854,0.644110718492344,0.336175825994044,0.741681775294618,0.486490901911955,0.766136939670324
6680,0.276593039148068,0.598634812286689,0.356238516368492,0.615345721147769,0.233406465602107,0.576109215017065,0.328480294244697,0.805271141448616,0.288620679547709,0.596587030716724,0.369317402246762,0.615661736822146,0.521445482800085,0.76387308810517
6710,0.329643577793294,0.695492662473794,0.41483281260916,0.552643055985153,0.312377788990275,0.587735849056604,0.398982255788873,0.677626043922054,0.324170156912098,0.558385744234801,0.396045439009336,0.716147540983607,0.535100260089319,0.683731828023508
6730,0.272892312049595,0.576536514822849,0.396482917383014,0.595456474582665,0.254448970256645,0.51055676066522,0.382311917898005,0.703911628784306,0.272950292755595,0.606218365871294,0.390138788329372,0.689870791285485,0.537239681192956,0.690339998113741
6740,0.312433507004915,0.530431625289339,0.36109518743932,0.634672664632294,0.294845143603963,0.558071982934689,0.346675616666647,0.730295548843836,0.300950108480892,0.53197476512504,0.35237337545034,0.726212899971192,0.511991416512506,0.730657929554754
6750,0.181876861905909,0.57130407718643,0.306214237741093,0.658888845917504,0.171337185970561,0.663367569249922,0.29260782472658,0.776406990584969,0.185619483555987,0.609544558564166,0.299447427196204,0.737453429761122,0.46342106801603,0.784210594165345
6760,0.156117485195875,0.593458428364089,0.344795583031922,0.622201939860489,0.146525990932721,0.609556885163354,0.335388779631449,0.726327180424928,0.153959775984249,0.62378187849886,0.345293754065534,0.693629597897738,0.527365224411325,0.72793200897681
6770,0.229326960514699,0.537885982330427,0.377889913942201,0.588461114502781,0.217219053070615,0.563613341391119,0.361091989458006,0.716331315289649,0.224602605853476,0.53141097585542,0.376776106967914,0.671213624338624,0.548663771172017,0.688947819156152
6790,0.211167229712083,0.677976813110181,0.325496077608459,0.70894719783134,0.186305192528536,0.541339783821478,0.307748550531933,0.79043402675467,0.208809819839221,0.617372733612273,0.324521054974472,0.712114738641051,0.45932600271078,0.783067652778596
6800,0.257154864418255,0.493506493506494,0.324243699539958,0.689413265306122,0.245691965644312,0.492230983302412,0.322796632334568,0.706738021295475,0.267242824377129,0.525974025974026,0.33597494043696,0.6648735581189,0.504307814397119,0.732525510204082
6810,0.318551863086878,0.675191815856777,0.361720761490951,0.641227417694949,0.311800191014811,0.645299542741998,0.356397319930913,0.693151350268152,0.314517731738565,0.568046190808339,0.357615166582383,0.711591655543215,0.529221226339958,0.703073978595422
6830,0.263417543181859,0.475693045739188,0.34722075500619,0.638066588325747,0.256510949317469,0.541152451752298,0.343624166228831,0.678701936098273,0.257593196485004,0.564159373054528,0.341984016212673,0.718787950933538,0.531635859247581,0.698101142787248
6840,0.262393858607285,0.474270557029178,0.359452130534507,0.654801074048862,0.244415684277055,0.503065134099617,0.343040123787305,0.731750624007261,0.260622820574047,0.542528735632184,0.362645439676054,0.680241660993873,0.521365979857828,0.707232811436351
6850,0.210443530951786,0.56318811795691,0.324304419834044,0.707245945051308,0.190656296090727,0.51409697336039,0.309773302696881,0.791708043694141,0.206320249418493,0.68688744009326,0.31521037801729,0.758603111552466,0.46707928045524,0.771264481959616
6860,0.137935306564787,0.655313743348833,0.297319440295712,0.723361394759348,0.117154716654293,0.707468481856095,0.282685525396882,0.815047038094159,0.144088606566144,0.689084895259096,0.302716164597059,0.715303609516842,0.449144253849708,0.80154870220198
6870,0.245171365770831,0.589082602339181,0.340156938615034,0.634550524934383,0.231527015283915,0.550983187134503,0.331096243913115,0.709622703412073,0.238039126929613,0.529502923976608,0.334909260391819,0.703845691163605,0.522890095597532,0.71180227471566
6882,0.31318792013149,0.578485745341208,0.359133861572613,0.612168243910068,0.306360562443961,0.631660795432223,0.354041572497068,0.674208679700092,0.306125201085193,0.520121528005133,0.35475624881697,0.69674363060791,0.542523625291083,0.682802783681952
7020,0.207003378362571,0.721822541966427,0.290271320503261,0.645984034690056,0.1837053142881,0.625659472422062,0.279087482076129,0.786794126342761,0.21306681981844,0.484652278177458,0.296839006571741,0.694964028776978,0.482744619810264,0.794816201833054
7030,0.288512140182462,0.621032789153293,0.32989556074896,0.689107878695614,0.27445339512362,0.552915744327615,0.317791862134318,0.772087020117963,0.279466880823887,0.536697565024903,0.321833684371587,0.771471384516636,0.47749714416759,0.774874609891726
7040,0.308958066335621,0.661746864267583,0.378652459270765,0.615825990852993,0.300018676146555,0.674560437509333,0.372563255540968,0.674291445192148,0.301097512902871,0.526028445572644,0.371662435562608,0.708301148612675,0.534824457879601,0.683598284499839
7050,0.319693195614233,0.653058669210589,0.395671546938462,0.587985358707465,0.311191572372078,0.719180777486287,0.389929075259994,0.650336900987104,0.310876240071316,0.551913904125924,0.389757080227929,0.694433745840383,0.547381988592787,0.660855690692541
7150,0.202451511694409,0.491649625085208,0.305346622996892,0.667842859361653,0.194095107678825,0.495313565098841,0.302590561933355,0.70358973363361,0.205041290482482,0.58571915473756,0.304750741645765,0.706351440552924,0.512458833243423,0.748325502834511
7170,0.0887157790865103,0.626627188728368,0.221788797407721,0.695819428233244,0.0746156784260712,0.712134361121037,0.216588166098208,0.751894655509708,0.0896754999711995,0.707233651539129,0.221232193267296,0.723832382580677,0.501265107094482,0.756086734945503
7180,0.37361929092676,0.57579851104707,0.419457149866183,0.587465837290796,0.358451278293176,0.849723823246878,0.406364895672447,0.673153353357416,0.369982422453599,0.680895773294909,0.419133358271337,0.66371379091069,0.542745971525276,0.664463002800666
7190,0.240472406573215,0.604467987102718,0.346257285094663,0.588063004425931,0.225154942975547,0.595071395670198,0.32872369234334,0.75761086522607,0.239482259908779,0.625702441271304,0.34055553497348,0.667638635771934,0.524794055604883,0.740757615204374
7210,0.325784081356277,0.467937941705349,0.387418939335084,0.625918397753063,0.31851736547825,0.60182327604232,0.384703371016584,0.650890679029447,0.321761945160288,0.527679504871827,0.384968152899246,0.683355243042197,0.545324757070285,0.657541975990469
7222,0.223124784456394,0.715391780183956,0.336793658656809,0.738158763585744,0.198834126754023,0.733554546512982,0.307104583283623,0.861880498991666,0.224779036794562,0.72272674350914,0.329159655891405,0.797074937982974,0.397297367797301,0.854616922170864
7240,0.211456726439636,0.607331052972173,0.356731108388021,0.648968411236741,0.190612046835372,0.494222057871868,0.342999044072909,0.740801181178848,0.203749840314787,0.529444393084959,0.351233789251602,0.719610871507946,0.504103120233351,0.739353848544896
7250,0.13238089533307,0.56414588361491,0.225034782608232,0.640597345132743,0.121099936925594,0.627594529364441,0.218370391885926,0.77249659632403,0.127392527746881,0.566653258246179,0.223270401117254,0.739908100748809,0.482659907799967,0.770597345132743
7260,0.131970978221297,0.624840357598978,0.286100208086023,0.688794217232469,0.125843450466198,0.672237346239161,0.280512170795342,0.759073999821795,0.133972403107538,0.647929690125697,0.287243095811359,0.72687338501292,0.477926940739413,0.779580994386528
7270,0.257575832675256,0.523027459158846,0.354668273833424,0.639708879140144,0.24739027741856,0.554100046344572,0.346387286255121,0.717100291233503,0.249766458393916,0.519008515815085,0.349259639770205,0.729383248543833,0.518392124803758,0.71702963331613
7280,0.220230248318403,0.548077802306899,0.324598132881013,0.665448181096868,0.214780943101077,0.622183323971627,0.317031304802463,0.737879340236252,0.223311460811936,0.672240147348896,0.319182490115237,0.721896614578608,0.495137347173704,0.750935721037186
7290,0.235089139505726,0.500453514739229,0.36495796723444,0.655530612244898,0.205831011239644,0.534013605442177,0.345435759714968,0.765469387755102,0.236255103928305,0.686394557823129,0.375362699305369,0.664877551020408,0.515120180176456,0.721367346938775
7310,0.393388936734987,0.561190638491252,0.424159337786582,0.565783474641087,0.380523282642474,0.577414224039991,0.417169816580222,0.629680123204322,0.390312606355673,0.538513974096796,0.420925997181693,0.661753938870102,0.553889640580415,0.635948751991897
7350,0.293658753335406,0.533388520971302,0.348747255224314,0.666093027573719,0.282889340408884,0.503798208024932,0.342058232368099,0.722708473055737,0.287095451950235,0.560755096740683,0.3436820432973,0.731484847512066,0.516035974446407,0.723825095459503
7360,0.368908619505657,0.829723502304147,0.402001421438169,0.571035220539829,0.356688730807286,0.465898617511521,0.393724037713672,0.65461323238973,0.369434886241151,0.546543778801843,0.401854005312729,0.658647136273864,0.547048993324539,0.671976629361422
7380,0.238199228454256,0.625858123569794,0.308248216333431,0.70935661163779,0.21932819185403,0.761012585812357,0.286126125710592,0.837952558025499,0.244513199143267,0.707808924485126,0.313074599646019,0.714040536122916,0.470483383049611,0.785045153644982
7430,0.166113572588049,0.554177174001464,0.32658350268946,0.651036213458311,0.136486831358088,0.509598958757016,0.320601544125312,0.689991856542188,0.162436614861971,0.573253070853331,0.331551149187948,0.622401156703395,0.518949522820631,0.729977896328796
7480,0.16459150263776,0.446729262047024,0.267403444095491,0.696416341375366,0.156206396323795,0.546649077882103,0.262117685952787,0.765613138957021,0.166133089165836,0.49628824913996,0.269886570605603,0.692334033960749,0.481409261737334,0.769270346591273
7490,0.204823867228092,0.484594127806563,0.271843796993568,0.696158150877682,0.193786312009204,0.629119170984456,0.264310309284298,0.778226541799419,0.203216932775552,0.641911341393207,0.272672540878038,0.720883081775175,0.46600226571003,0.777876112523556
7510,0.280306813324503,0.65151642832464,0.382464513852701,0.59079224581681,0.272371020304407,0.590092443560552,0.375102140932884,0.662083993124636,0.277257710060473,0.564916952480471,0.375447989416519,0.694305719093571,0.546152328923686,0.67071428893671
7540,0.165113550447828,0.514161735700197,0.294297019465151,0.726358811687916,0.146074216603372,0.601577909270217,0.286043661845609,0.789702921978893,0.169435010713963,0.432189349112426,0.297351451207086,0.72559629109986,0.464300224749406,0.785432806685781
7550,0.33953224861189,0.737399823730759,0.404167029186673,0.590183474522157,0.326202694725776,0.577794174916477,0.392451123576342,0.675332818664307,0.334690657729747,0.550923363873004,0.396578462077446,0.693320155965424,0.53966993868855,0.659266861259114
7560,0.275484193382163,0.622132374962564,0.337522437475866,0.694136073326508,0.260891913712,0.569781371668164,0.328586265732279,0.741722734142655,0.273401248983343,0.617759808325846,0.334111171688208,0.731184486373166,0.488866325012065,0.757116912876018
7580,0.249456354863397,0.539974025974026,0.318541369486326,0.664222113022113,0.242283662846618,0.562545454545455,0.31418593833121,0.719549877149877,0.254572254298741,0.589246753246753,0.320130732180195,0.688288943488944,0.514630984779825,0.739614742014742
7590,0.25673236850295,0.721873751967487,0.322462002518265,0.664590527873705,0.246227341571894,0.669133366222661,0.313518885203728,0.742121326875908,0.255745624875302,0.657974487278878,0.322178755487708,0.702357956322047,0.505962893071179,0.741492492200366
7610,0.359050708535226,0.452935874323976,0.375825682105844,0.603854041695194,0.351084731175128,0.756824620139068,0.370391966509126,0.662868633128773,0.351482843909693,0.660591037857327,0.371439374457329,0.693053365828533,0.541044085679501,0.681028466800249
7630,0.251650851120894,0.868965517241379,0.31250939093448,0.615095203821239,0.205700594584276,0.754563894523327,0.293809111803969,0.789962703657659,0.260337619906543,0.682758620689655,0.319255220569411,0.6372767126873,0.527279763190263,0.752012039521036
7660,0.347005411956086,0.78457937905269,0.409189643888865,0.564673636914067,0.335793208382239,0.826942070683214,0.401520380291977,0.64526570212987,0.34000055924229,0.583308283591704,0.402131223846922,0.683578525664438,0.548350796249449,0.654704105368584
7670,0.235995079601729,0.544538621461698,0.351868985400082,0.632239382239382,0.200131796239069,0.607708300015992,0.334513554389445,0.764157014157014,0.236280650152183,0.491444106828722,0.355632794694511,0.642572517572518,0.517243920670086,0.763439263439263
7680,0.213974755942676,0.548370927318296,0.292610696798683,0.715217054983137,0.200508754690919,0.64182678919521,0.287449311290589,0.774315418175067,0.215962385344385,0.594708994708995,0.297946732303181,0.712011510257124,0.474959795185566,0.775720164609053
