"stateroute","n"
2004,11
2006,10
2007,14
2008,13
2010,13
2012,10
2013,6
2015,8
2016,14
2017,13
2019,14
2020,13
2021,14
2023,11
2026,11
2027,12
2028,11
2031,10
2032,10
2033,13
2034,11
2035,13
2036,13
2038,14
2039,12
2041,3
2046,9
2048,11
2049,11
2051,10
2052,14
2053,14
2054,14
2055,11
2058,12
2061,12
2063,14
2066,14
2067,11
2068,13
2069,5
2070,10
2071,12
2073,9
2102,11
2106,1
2109,13
2137,8
2140,14
2141,12
2142,14
2201,13
2203,5
2207,14
2208,10
2209,13
2210,13
2214,14
2215,8
2216,7
2217,7
2218,14
2306,5
3001,8
3002,13
3003,14
3005,6
3009,5
3012,9
3013,13
3015,14
3023,9
3024,10
3025,7
3028,4
3030,7
3050,12
3052,11
3053,9
3054,6
3055,1
3060,4
3090,1
3101,4
3115,13
3122,5
3123,9
3131,11
3180,13
3191,9
3212,10
3216,14
3218,4
3221,11
3223,1
3231,11
3284,14
3313,9
3401,9
3402,11
3405,11
3406,14
3407,14
3410,14
3411,13
3412,10
3414,11
3416,1
3421,14
3422,11
3424,11
3425,12
3426,4
3427,11
3428,10
3429,13
3430,2
3431,9
3432,11
3433,13
3434,4
3435,11
3436,2
3439,8
3440,13
3442,4
3445,7
3760,5
3850,8
4001,4
4006,11
4007,11
4009,13
4010,14
4012,5
4013,7
4014,12
4015,12
4016,3
4017,14
4018,13
4019,14
4020,13
4024,9
4025,10
4026,13
4027,13
4029,13
4030,14
4031,8
4032,7
4033,11
4034,9
4036,6
4037,12
4042,11
4043,6
4044,10
4046,2
4049,12
4050,13
4054,4
4055,14
4062,10
4077,13
4078,12
4079,9
4096,5
4101,4
4103,1
4104,1
4106,10
4107,12
4108,4
4109,14
4110,2
4111,9
4112,9
4113,12
4114,14
4116,12
4119,1
4120,6
4121,11
4122,5
4123,3
4125,14
4127,10
4128,14
4129,13
4131,10
4137,2
4138,12
4139,11
4141,10
4143,12
4147,1
4149,1
4153,3
4157,4
4196,12
4201,13
4202,1
4203,6
4205,7
4206,1
4207,8
4208,9
4209,9
4210,12
4211,6
4212,14
4214,14
4215,14
4219,1
4220,7
4221,8
4222,7
4223,1
4225,13
4227,12
4228,10
4230,4
4231,8
4237,4
4239,6
4241,7
4251,13
4252,4
4255,1
4301,2
4306,8
4307,3
4308,5
4309,10
4310,7
4311,11
4312,14
4313,12
4314,7
4315,11
4319,3
4320,1
4321,5
4322,6
4326,8
4328,9
4329,10
4330,14
4331,5
4338,6
4340,4
4352,1
4355,1
4401,6
4404,10
4407,4
4408,11
4411,8
4412,7
4413,1
4421,9
4429,1
4430,5
4438,11
4508,3
4512,3
4540,4
4608,4
4712,3
6002,12
6009,6
6011,6
6013,13
6017,6
6020,13
6025,14
6026,4
6028,13
6029,5
6031,6
6051,14
6052,12
6053,9
6054,1
6055,2
6056,12
6057,13
6058,7
6059,14
6060,3
6061,1
6063,12
6064,14
6065,13
6066,10
6067,6
6068,8
6070,13
6072,1
6073,12
6077,10
6079,11
6080,11
6081,13
6082,11
6083,11
6101,9
6103,13
6105,1
6107,12
6108,12
6115,14
6116,11
6119,3
6121,14
6122,13
6123,11
6126,7
6127,14
6130,1
6133,12
6170,2
6172,1
6176,1
6177,1
6206,8
6219,2
7001,10
7002,11
7004,13
7006,12
7007,14
7012,7
7013,13
7016,11
7018,1
7021,12
7022,14
7025,12
7026,13
7027,14
7029,11
7030,3
7031,5
7033,6
7035,5
7036,1
7037,6
7038,5
7039,6
7041,4
7042,6
7043,3
7045,6
7046,2
7047,6
7048,3
7049,5
7103,12
7112,7
7114,9
7117,7
7118,11
11001,6
11004,6
11005,10
11007,8
11008,5
11009,12
11010,11
11011,8
11014,3
11016,2
11017,9
11018,1
11019,8
11020,13
11022,8
11023,9
11028,8
11029,14
11030,6
11031,3
11032,5
11033,14
11034,7
11036,4
11037,6
11044,2
11046,7
11048,8
11049,6
11053,13
11054,2
11055,6
11057,11
11058,13
11063,2
11065,10
11068,8
11069,10
11071,13
11072,13
11075,13
11078,4
11093,8
11101,1
11114,1
11118,2
11131,1
11133,1
11136,8
11137,11
11167,13
11175,2
11185,4
11198,11
11199,6
11200,1
11201,2
11202,5
11204,13
11206,7
11207,10
11209,2
11210,8
11212,7
11213,8
11214,3
11216,3
11218,1
11220,11
11221,6
11226,1
11228,1
11229,4
11232,3
11233,6
11235,8
11236,11
11237,7
11248,7
11256,10
11265,8
11270,14
11271,1
11282,1
11284,2
11300,8
11304,2
11309,10
11310,1
11313,6
11328,1
11332,11
11339,5
11401,13
11407,14
11408,11
11409,10
11410,10
11411,5
11419,13
11420,13
11422,6
11423,6
11426,4
11430,6
11454,7
11510,1
11513,1
11609,12
11612,12
11613,8
11614,10
11621,5
11622,9
11709,12
11721,12
14001,14
14003,11
14004,4
14005,14
14007,12
14009,10
14011,13
14012,5
14013,13
14014,14
14015,8
14020,3
14022,9
14023,7
14025,3
14026,3
14029,2
14030,5
14031,5
14032,8
14033,6
14034,2
14035,2
14036,9
14037,14
14038,5
14042,4
14044,2
14046,1
14047,13
14049,8
14050,3
14051,11
14052,7
14053,11
14054,12
14056,6
14057,6
14058,6
14060,1
14062,10
14064,5
14069,11
14070,1
14073,1
14074,9
14075,11
14076,8
14077,8
14078,10
14079,6
14081,7
14084,6
14086,1
14088,13
14090,1
14093,2
14095,13
14096,13
14097,12
14099,4
14103,3
14104,7
14109,1
14110,2
14111,4
14112,11
14114,3
14116,8
14117,10
14118,10
14119,1
14120,2
14122,5
14123,1
14124,1
14126,2
14127,5
14128,14
14129,5
14130,4
14131,1
14132,10
14133,4
14134,2
14136,5
14137,12
14139,4
14140,14
14142,11
14147,4
14148,9
14149,4
14150,7
14151,9
14154,8
14158,13
14159,13
14161,7
14162,13
14164,12
14165,9
14166,14
14167,7
14168,14
14169,9
14171,3
14172,9
14173,10
14174,9
14176,11
14177,7
14178,10
14179,14
14180,3
14181,14
14183,8
14184,12
14185,13
14187,4
14191,10
14192,9
14194,14
14195,9
14199,14
14200,9
14201,11
14202,4
14204,3
14205,12
14210,5
14220,5
14221,12
14225,7
14226,11
14240,3
14252,4
14267,1
14302,11
14303,5
14308,12
14313,9
14320,4
14341,9
14345,2
14352,9
14357,9
14366,4
14401,7
14402,7
14403,7
14404,10
14405,8
14406,14
14407,12
14408,8
14409,12
14410,8
14411,11
14412,4
14413,2
14414,11
14415,12
14416,10
14417,13
14418,13
14421,14
14423,11
14424,1
14425,1
14426,6
14427,9
14428,7
14429,9
14430,12
14431,11
14432,7
14433,2
14436,11
14437,1
14503,6
14518,1
17001,12
17002,13
17003,13
17005,9
17006,12
17007,9
17008,12
17010,14
17014,13
17015,14
17016,11
17018,8
17019,14
17020,11
17021,11
17023,12
17027,6
17028,13
17032,14
17033,11
17034,11
17035,13
17036,13
17038,7
17039,13
17041,12
17042,14
17043,8
17045,13
17048,8
17049,14
17050,14
17051,13
17053,3
17056,12
17057,11
17058,14
17116,1
17122,8
17124,5
17125,11
17126,11
17138,7
17153,13
17154,10
17201,9
17204,13
17205,14
17206,11
17208,13
17210,10
17213,13
17214,12
17215,10
17216,13
17218,14
17220,10
17223,11
17224,3
17225,14
17226,6
17227,9
17304,14
17306,14
17307,10
17308,12
17311,5
17313,10
17314,11
17316,9
17317,11
17319,11
17320,9
17321,10
17323,3
17324,8
17325,3
17326,8
17327,13
17328,5
17351,12
17352,10
17353,8
17354,9
17358,5
17360,4
17361,13
17365,14
17366,13
17368,13
17373,12
17374,6
17375,13
17376,9
17377,1
17410,14
17419,12
17422,5
17423,9
17425,7
17453,5
18001,8
18004,11
18005,4
18006,5
18007,11
18010,8
18011,11
18012,11
18013,3
18014,11
18015,9
18112,4
18116,7
21002,14
21004,14
21006,4
21007,3
21107,5
21108,7
25001,12
25002,11
25003,11
25004,13
25005,11
25006,11
25009,13
25011,12
25012,12
25015,14
25017,10
25019,13
25020,14
25023,9
25026,10
25030,11
25036,3
25037,14
25038,2
25051,3
25052,12
25053,14
25054,9
25055,8
25056,12
25057,12
25058,4
25059,6
25060,12
25061,9
25063,14
25064,14
25068,12
25070,8
25071,10
25076,2
25077,2
25079,12
25082,12
25085,13
25088,1
25107,3
25108,10
25109,1
25116,11
25117,3
25123,3
25129,14
25135,14
25138,4
25151,6
25159,3
25165,12
25170,5
25172,13
25176,6
25178,14
25180,14
25183,3
25207,4
25283,10
27001,11
27003,5
27004,14
27005,13
27007,11
27008,2
27009,10
27013,10
27016,14
27018,12
27019,14
27020,12
27021,13
27022,3
27024,9
27025,2
27026,11
27028,10
27029,9
27030,9
27032,10
27034,6
27035,12
27037,7
27038,9
27039,11
27040,9
27041,14
27042,1
27044,14
27045,9
27047,9
27048,14
27049,12
27051,14
27052,9
27053,5
27054,12
27102,1
27111,9
27112,10
27117,12
27123,9
27155,11
27156,11
27158,6
27301,5
27302,4
27303,5
27304,9
27305,11
27306,3
27307,10
27308,4
27309,10
27310,5
27311,1
27312,2
27313,5
27314,6
27315,1
27316,2
27317,6
27318,8
27319,5
27321,9
27322,11
27323,3
27325,7
27326,9
27327,10
27328,1
27329,10
27331,5
27332,10
27333,11
27334,3
27335,11
27336,5
27337,3
27430,3
33001,12
33003,12
33004,8
33005,5
33006,13
33007,9
33008,11
33012,14
33013,12
33015,11
33016,12
33017,14
33026,7
33029,14
33030,3
33111,13
33119,13
33202,13
33204,14
33205,3
33207,11
33209,14
33213,8
33214,14
33222,14
33223,12
33224,8
33225,14
33226,12
33227,13
33228,11
33319,1
34004,3
34005,4
34006,7
34007,11
34008,12
34009,12
34010,13
34011,12
34012,14
34013,11
34015,11
34016,11
34017,9
34018,6
34019,13
34021,11
34023,14
34024,14
34026,14
34028,14
34033,4
34034,13
34036,14
34037,7
34039,4
34040,9
34043,14
34045,8
34047,14
34048,11
34050,14
34054,14
34055,14
34056,14
34057,14
34058,6
34062,11
34064,7
34068,11
34069,12
34072,8
34073,2
34076,14
34077,14
34078,14
34081,7
34104,8
34135,14
34301,14
34303,6
34305,14
34307,7
34309,10
34310,14
34311,13
34313,7
34315,11
34317,13
34319,14
35002,9
35004,7
35006,12
35007,5
35008,1
35016,13
35018,6
35019,12
35020,14
35022,13
35023,7
35024,4
35025,8
35026,14
35027,7
35028,14
35029,12
35030,6
35031,10
35032,5
35033,4
35034,13
35036,3
35039,13
35040,3
35041,13
35042,14
35101,4
35103,10
35108,11
35115,13
35117,14
35201,11
35301,6
35302,6
35303,10
35305,12
35308,13
35309,14
35311,2
35312,5
35316,11
35410,4
36003,14
36004,14
36005,2
36007,10
36009,14
36010,9
36011,14
36014,14
36016,10
36017,14
36019,4
36020,5
36021,4
36022,8
36024,11
36025,9
36026,10
36027,10
36029,9
36030,5
36032,14
36033,14
36034,2
36105,11
36108,13
36118,6
36123,13
36131,9
38001,12
38002,11
38003,13
38004,14
38008,14
38009,8
38010,14
38011,14
38012,9
38013,14
38020,13
38022,11
38023,10
38024,13
38029,14
38031,14
38033,3
38034,11
38035,12
38036,7
38038,13
38133,10
38301,13
38303,13
38305,14
38306,7
38308,10
38309,12
38310,11
38311,14
38313,14
38314,12
38316,10
38318,11
38319,12
38320,3
38321,4
38322,14
38323,14
38420,10
39001,13
39004,14
39005,13
39012,3
39018,1
39021,14
39024,2
39028,14
39029,11
39030,11
39031,5
39032,1
39035,13
39036,13
39040,13
39042,2
39043,8
39107,11
39112,9
39117,8
39118,10
39119,3
39120,8
39124,7
39127,12
39132,8
39133,7
39134,10
39137,13
39145,11
39146,11
42003,2
42009,14
42010,13
42011,13
42012,11
42015,14
42017,12
42018,13
42020,11
42023,8
42024,2
42026,13
42027,12
42030,13
42031,10
42032,11
42033,10
42034,13
42036,7
42038,12
42050,5
42051,7
42052,9
42053,12
42054,8
42055,8
42057,13
42058,14
42059,13
42060,12
42061,9
42062,14
42102,5
42104,14
42105,8
42106,13
42107,5
42113,7
42122,11
42123,3
42124,6
42125,7
42128,14
42137,13
42139,13
42140,11
42206,2
42207,6
42208,10
42221,13
42240,2
42301,10
42302,9
42303,10
42304,9
42305,7
42306,8
42307,2
42308,4
42309,11
42311,7
42312,4
42313,2
42405,2
42407,2
42410,6
42411,2
42414,7
43001,1
43002,3
43003,4
43004,4
43007,13
43008,11
43009,14
43010,11
43011,11
43014,2
43015,11
43016,3
43020,2
43022,1
43023,1
43106,5
43108,1
44001,14
44002,10
44003,13
44004,14
44005,9
44008,2
44009,10
44010,14
44011,8
44014,12
44016,5
44018,8
44021,9
44022,9
44023,3
44024,5
44025,4
44026,14
44027,7
44028,2
44030,8
44033,13
44035,14
44036,10
44037,10
44038,2
44040,10
44041,13
44042,1
44046,2
44049,2
44050,11
44051,7
44052,6
44053,2
44054,2
44055,6
44056,10
44057,3
44058,6
44059,5
44060,9
44108,2
44115,13
44117,10
44129,4
44134,1
44146,3
44147,3
44155,1
44159,3
44304,9
44306,2
44307,1
44308,11
44410,6
45001,13
45003,13
45005,14
45007,11
45009,11
45011,9
45012,13
45014,5
45016,9
45018,12
45020,8
45021,14
45022,9
45024,9
45026,11
45027,1
45030,8
45032,4
45033,6
45037,10
45040,6
45041,13
45042,13
45043,11
45047,7
45048,7
45049,14
45055,4
45060,1
45061,6
45065,1
45067,1
45070,5
45076,1
45077,1
45100,9
45105,14
45107,12
45109,11
45111,13
45112,10
45113,14
45114,13
45116,13
45118,11
45120,12
45121,14
45141,1
45142,3
45154,5
45201,11
45202,6
45207,12
45209,11
45211,6
45212,6
45214,9
45216,12
45218,14
45302,2
45303,6
45305,8
45307,9
45309,7
45313,9
45314,6
45320,6
45402,2
45403,1
45414,4
46001,14
46004,14
46007,13
46008,14
46009,11
46012,12
46017,14
46018,11
46019,8
46020,11
46022,12
46024,4
46027,13
46028,9
46034,14
46041,14
46051,14
46053,14
46054,12
46056,5
46057,3
46058,1
46059,1
46110,14
46112,14
46121,11
46124,11
46125,13
46145,10
46149,9
46150,13
46151,7
46152,2
47003,7
47004,2
47005,8
47006,11
47007,12
47008,6
47009,14
47010,10
47011,13
47015,9
47016,9
47017,14
47018,14
47021,7
47022,12
47113,5
47115,3
47118,1
47120,8
49001,8
49002,8
49003,10
49004,11
49005,8
49006,4
49007,9
49008,12
49009,11
49010,7
49011,10
49012,10
49013,5
49016,9
49019,11
49020,13
49021,14
49022,14
49023,12
49024,10
49025,14
49027,11
49029,13
49032,13
49034,3
49035,13
49037,13
49039,14
49040,11
49041,14
49042,1
49043,1
49044,4
49045,10
49046,2
49047,8
49048,10
49049,1
49050,4
49051,9
49052,5
49053,9
49054,8
49056,9
49057,12
49058,13
49059,8
49060,1
49061,6
49063,11
49116,3
49126,12
49128,10
49134,12
49143,6
49146,12
49162,3
49166,10
49167,1
49168,3
49230,13
49267,6
50004,12
50005,4
50006,12
50007,13
50010,13
50011,12
50012,14
50013,13
50014,9
50016,14
50017,13
50018,8
50019,14
50020,13
50021,9
50022,11
50023,3
50024,9
50025,5
50026,6
50027,8
50028,14
50029,13
50030,7
50031,11
50034,13
50036,2
50038,4
50041,10
50044,13
50045,9
50046,10
50049,10
50050,13
50051,13
50052,2
50053,7
50054,9
50056,12
50057,12
50058,13
50059,14
50060,10
50061,6
50062,8
50063,8
50066,12
50069,14
50070,11
50071,12
50073,12
50074,7
50075,6
50076,6
50077,13
50078,10
50080,13
50081,13
50082,13
50102,12
50139,7
50140,6
50153,3
50179,3
51002,5
51003,9
51006,9
51007,3
51008,4
51009,7
51010,7
51011,1
51012,4
51014,9
51015,6
51016,5
51017,13
51018,7
51020,11
51021,5
51022,9
51025,10
51026,3
51027,8
51028,10
51031,2
51032,3
51033,2
51034,2
51035,3
51036,2
51037,8
51038,2
51039,1
51040,1
51041,6
51042,6
51043,6
51101,7
51104,9
51205,6
51229,14
52003,12
52005,10
52006,12
52008,14
52012,1
52013,13
52015,11
52016,14
52018,14
52020,14
52021,14
52023,5
52025,6
52028,14
52029,5
52032,7
52034,13
52035,10
52055,12
52057,13
52058,14
52059,11
52061,14
52062,12
52064,10
52070,14
52071,13
52112,3
52122,13
52124,11
52126,14
52130,9
52133,13
52136,12
52137,12
52139,2
52142,1
52143,3
52144,1
52145,3
52147,1
52149,1
52150,3
52151,3
52153,1
52154,2
52155,2
52156,2
52157,1
52158,3
52159,1
52160,3
52162,2
52163,1
52212,3
52317,10
53001,8
53003,8
53004,11
53005,7
53006,13
53007,14
53008,14
53010,11
53011,11
53012,13
53014,14
53016,9
53018,14
53020,8
53021,6
53022,6
53023,12
53024,10
53029,10
53030,8
53031,5
53032,9
53033,11
53034,13
53035,10
53039,12
53041,13
53042,6
53043,11
53044,10
53045,10
53046,9
53047,12
53063,13
53075,14
53086,14
53097,13
53101,10
53103,7
53105,6
53131,5
53137,14
53176,14
53302,1
53303,1
53304,1
53305,1
53306,1
53307,1
53308,1
53309,1
53310,1
53311,1
53312,1
53313,1
53314,1
53320,1
53322,1
53323,1
53324,1
53325,1
53330,1
53332,1
53336,1
53340,1
54001,14
54002,13
54003,2
54004,14
54005,14
54006,11
54008,14
54009,6
54010,5
54011,7
54013,12
54014,14
54015,12
54017,12
54018,3
54020,9
54021,9
54023,8
54024,3
54025,12
54026,9
54027,14
54028,11
54029,7
54030,1
54032,13
54033,11
54035,14
54036,12
54037,13
54038,10
54039,13
54042,7
54043,10
54044,12
54103,4
54116,6
54119,4
54124,8
54130,12
54203,4
54219,2
55002,4
55004,9
55006,10
55007,13
55009,12
55011,12
55012,6
55015,9
55016,8
55017,10
55018,8
55019,8
55022,13
55023,9
55024,5
55025,1
55027,13
55028,14
55029,10
55031,9
55032,10
55033,14
55037,7
55043,1
55101,13
55103,5
55108,2
55114,14
55120,1
55121,12
55130,10
55143,9
55208,3
56001,1
56002,6
56007,9
56009,13
56010,3
56013,13
56014,12
56015,14
56016,10
56018,5
56022,14
56024,5
56025,9
56026,8
56029,12
56031,10
56032,3
56034,8
56036,3
56037,6
56038,12
56040,12
56042,10
56044,14
56101,5
56105,10
56110,5
56117,2
56125,1
56131,2
56137,12
56144,1
56217,1
57001,7
57002,11
57003,14
57004,7
57006,13
57008,6
57011,5
57012,14
57013,13
57014,10
57015,12
57016,10
57017,6
57018,11
57020,3
57021,8
57022,7
57023,4
57024,9
57036,12
57037,10
57039,14
57040,6
57041,6
57042,4
57043,4
57045,2
57102,2
57105,5
57121,11
57125,3
57137,1
57138,4
57225,2
58005,14
58006,14
58012,14
58015,13
58018,14
58020,14
58022,13
58023,12
58116,14
59001,11
59002,13
59005,6
59006,5
59011,2
59014,4
59018,8
59022,8
59023,9
59024,8
59025,12
59026,8
59027,6
59028,10
59029,11
59030,9
59104,12
59107,10
59114,8
59116,14
59132,7
59204,3
59231,10
60002,14
60003,14
60005,13
60006,14
60008,14
60054,2
60058,12
60059,14
60061,14
60062,14
60067,14
60068,14
60072,12
60073,14
60076,14
60112,14
60115,14
60153,14
60154,11
60158,2
60163,1
60166,14
60201,13
60221,14
60263,14
60301,2
61001,7
61002,7
61003,6
61004,4
61005,6
61008,12
61009,13
61011,5
61013,6
61014,13
61015,1
61016,8
61017,9
61018,9
61019,8
61024,13
61025,12
61026,7
61027,12
61028,10
61030,14
61032,9
61033,9
61035,4
61037,2
61038,14
61039,5
61041,12
61042,5
61043,10
61044,12
61046,6
61050,13
61051,7
61052,14
61054,4
61055,8
61058,14
61060,12
61062,9
61063,4
61066,12
61067,10
61068,9
61069,14
61070,11
61071,9
61072,6
61074,3
61075,13
61076,6
61077,10
61079,7
61080,13
61081,8
61082,1
61083,6
61084,11
61085,8
61087,6
61088,5
61090,13
61091,12
61092,11
61098,9
61100,14
61102,11
61103,10
61107,6
61108,3
61109,13
61110,5
61112,2
61113,9
61114,2
61120,12
61127,2
61136,14
61146,4
61154,10
61182,9
61199,13
61206,5
61207,14
61210,7
61301,10
62016,11
63005,14
63012,14
63013,13
63015,13
63016,1
63017,10
63020,10
63022,11
63023,12
63025,13
63028,10
63030,14
63106,14
63107,13
63109,13
63116,8
63118,8
63119,14
63123,2
63126,11
63203,9
63206,5
63207,14
63210,13
63212,11
63213,8
63215,10
63216,13
63218,13
63219,9
63220,9
63223,9
63224,14
63225,14
63226,9
63227,7
63230,9
63231,8
63232,13
63233,14
63234,10
63301,13
63302,10
63303,14
63305,8
63306,6
63309,5
63310,1
63312,14
63314,13
63315,9
63316,7
63317,5
63318,13
63319,9
63329,10
63419,6
64002,13
64004,12
64006,14
64007,14
64010,12
64013,5
64014,12
64015,8
64016,10
64017,10
64018,9
64020,3
64021,10
64022,7
64023,11
64024,11
64025,7
64026,12
64027,11
64030,9
64031,5
64032,11
64034,13
64035,9
64036,9
64037,13
64038,14
64040,10
64041,11
64113,1
64115,6
64120,11
64127,3
64129,14
65001,6
65002,10
65003,9
65005,6
65006,9
65007,7
65009,12
65011,11
65013,13
65015,2
65018,12
65019,13
65021,12
65022,10
65023,10
65025,4
65028,12
65029,12
65031,12
65032,1
65034,7
65035,6
65036,7
65037,12
65038,11
65130,8
65228,1
66001,4
66002,14
66006,12
66008,8
66017,13
66022,13
66024,11
66027,4
66031,10
66032,7
66033,7
66034,7
66035,13
66039,14
66040,14
66043,8
66046,12
66047,5
66049,14
66056,9
66058,9
66060,7
66072,14
66073,13
66074,14
66076,13
66082,12
66083,13
66085,14
66086,14
66112,8
66113,14
66116,11
66118,9
66126,8
66141,13
66148,12
66150,11
66157,7
66159,6
66161,11
66166,12
66181,14
66188,5
66251,7
67001,13
67002,3
67004,6
67005,11
67007,9
67008,3
67009,3
67010,10
67012,12
67013,7
67014,14
67016,9
67018,9
67019,10
67021,14
67024,13
67026,12
67027,13
67028,6
67030,11
67031,10
67032,10
67033,7
67035,6
67050,14
67051,13
67054,13
67055,5
67056,5
67057,10
67058,11
67059,12
67060,7
67062,14
67063,12
67064,13
67066,5
67068,13
67069,9
67071,13
67103,14
67106,12
67129,11
68001,4
68002,10
68003,2
68004,10
68008,14
68009,8
68010,10
68011,13
68016,12
68020,14
68023,9
68024,14
68029,13
68031,2
68032,7
68033,1
68034,9
68035,9
68036,12
68038,6
68039,14
68041,5
68043,8
68044,12
68045,6
68046,7
68047,8
68048,6
68049,11
68050,10
68051,7
68052,13
68053,13
68055,6
68057,11
68058,4
68059,14
68061,5
68062,8
68064,10
68065,10
68067,5
68068,2
68071,2
68072,5
68073,2
68076,6
68077,2
68078,6
68079,6
68080,6
68081,1
68082,3
68083,11
68091,5
68092,6
68121,3
68123,6
68131,13
68141,4
68143,5
68144,9
68162,2
68173,1
68175,5
68180,2
68184,1
68191,1
68201,3
68202,10
68204,8
68206,11
68207,13
68208,10
68210,10
68211,14
68212,2
68213,11
68214,13
68215,10
68217,10
68220,12
68222,3
68223,13
68224,14
68226,10
68228,10
68231,9
68232,1
68233,10
68238,12
68241,6
68244,5
68245,7
68247,5
68248,9
68250,5
68251,13
68252,12
68253,4
68255,4
68256,8
68257,4
68258,3
68259,6
68260,4
68261,1
68263,3
68264,3
68265,7
68268,6
68270,1
68271,7
68274,10
68275,6
68277,7
68278,9
68279,2
68280,1
68281,3
68282,4
68284,7
68285,5
68286,6
68289,6
68290,6
68291,1
68292,8
68294,8
68296,14
68297,11
68298,11
68299,13
68300,8
68301,7
68303,6
68304,1
68306,4
68312,12
68313,9
68314,10
68316,13
68317,12
68319,13
68323,10
68324,13
68325,9
68326,12
68327,12
68328,8
68336,1
68338,14
68350,10
68352,1
68358,3
68362,1
68373,5
68385,1
68395,3
68424,2
68430,9
68452,7
69001,12
69002,9
69004,8
69006,3
69007,6
69008,14
69010,9
69011,8
69013,11
69014,11
69015,13
69018,10
69023,10
69024,6
69025,7
69028,12
69031,7
69033,13
69034,13
69035,14
69038,1
69040,9
69041,14
69043,14
69045,7
69046,11
69048,14
69049,8
69050,8
69051,13
69052,12
69054,6
69056,6
69057,14
69058,10
69059,1
69060,1
69061,13
69062,5
69063,3
69112,2
69117,9
69120,8
69130,6
69136,13
69139,7
69147,14
69159,14
69160,9
69201,11
69202,11
69204,9
69205,7
69206,7
69207,14
69208,2
69209,1
69210,11
69212,13
69213,11
69214,4
69215,12
69217,5
69219,12
69220,8
69221,4
69222,5
69223,3
69225,12
69226,13
69227,13
69228,7
69229,14
69230,14
69231,7
69233,12
69234,3
69235,6
69240,14
69241,1
69244,10
69245,12
69246,3
69247,3
69248,5
69249,4
69250,9
69254,14
69255,1
69256,13
69309,4
69336,3
69339,6
69409,5
72003,14
72005,14
72008,14
72011,9
72014,14
72018,9
72019,11
72020,12
72022,14
72024,11
72028,13
72030,14
72037,7
72038,12
72039,13
72041,12
72042,14
72043,14
72044,13
72046,12
72048,13
72058,12
72059,10
72066,5
72067,10
72068,12
72069,11
72070,12
72078,7
72079,9
72080,1
72085,13
72097,12
72101,13
72127,13
72137,7
72140,2
72145,6
72166,7
72174,9
72178,6
72180,12
72181,11
72182,14
72187,12
72189,12
72196,13
72198,13
72275,9
75001,12
75005,14
75009,14
75013,6
76002,11
76003,14
76006,14
76007,9
76008,14
76010,9
76011,6
76012,14
76013,2
76014,7
76016,13
76017,3
76018,14
76019,11
76020,1
76023,11
76024,6
76025,3
76026,4
76030,7
76031,3
76033,5
76034,1
76040,12
76042,3
76043,1
76051,5
76053,3
76055,9
76057,4
76058,3
76059,4
76060,14
76061,13
76062,3
76064,3
76067,11
76068,3
76069,9
76070,11
76071,6
76073,5
76075,1
76078,1
76079,3
76082,6
76083,5
76088,7
76090,11
76092,2
76094,4
76095,4
76098,5
76099,2
76100,6
76101,2
76104,4
76106,1
76107,1
76109,4
76110,3
76112,8
76113,9
76115,3
76116,2
76117,5
76118,5
76120,14
76121,14
76124,8
76126,1
76127,10
76129,2
76132,5
76135,8
76136,7
76140,10
76151,3
76155,2
76156,3
76157,1
76159,8
76162,3
76163,2
76164,3
76166,3
76172,3
76176,2
76182,2
76184,7
76201,12
76204,4
76213,6
76216,13
76221,12
76226,3
76227,1
76236,5
76237,9
76238,8
76243,4
76247,5
76257,3
76262,4
76281,5
76284,4
76286,7
76304,7
76309,14
76310,10
76314,14
76317,3
76318,9
76320,10
76321,7
76324,10
76341,5
76343,3
76345,7
76346,5
76357,3
76361,2
76362,4
76363,3
76364,3
76365,4
76366,3
76381,3
76384,1
76390,10
76417,7
76421,5
76439,9
76443,3
76461,1
76464,3
76465,1
76466,2
76521,3
76537,13
76565,5
76643,2
76665,4
77004,6
79001,2
79002,5
79005,4
79007,2
79012,3
79013,4
79014,3
79015,3
79016,1
79019,1
79020,1
79024,10
79025,1
79028,1
79031,8
79032,10
79036,1
79037,2
79039,6
79040,5
79041,6
79042,8
79045,1
79047,1
79049,7
79051,1
79055,1
79057,1
79102,7
79103,1
79104,3
79106,14
79107,7
79108,8
79109,11
79111,8
79112,14
79113,13
79114,2
79115,2
79116,10
79117,3
79118,7
79120,9
79121,3
79122,4
79123,12
79124,11
79125,6
79126,2
79127,5
79128,1
79129,1
79131,6
79136,1
79139,12
79140,7
79141,6
79142,13
79143,6
79144,1
79146,1
79147,1
79150,7
79204,2
79211,1
79217,11
79222,5
79225,3
79229,2
79230,2
79237,4
79250,3
79309,11
79402,1
79403,9
79405,5
79406,6
79408,1
79418,8
79420,2
79424,11
80004,8
80005,10
80006,11
80007,9
80008,7
80009,11
80010,12
80013,9
80015,11
80017,1
80023,1
80025,6
80026,1
80027,1
80028,1
80030,6
80031,6
80050,10
80052,5
80053,9
80054,12
80056,5
80057,9
80058,13
80059,12
80101,14
80112,13
80114,11
80117,10
80119,14
80122,1
80220,7
81002,9
81004,5
81005,9
81006,4
81007,13
81008,5
81009,10
81011,11
81012,9
81013,11
81015,9
81016,7
81017,10
81018,14
81020,9
81022,7
81024,4
81025,6
81026,9
81028,8
81031,11
81032,12
81033,13
81034,8
81035,11
81036,10
81037,12
81038,10
81039,4
81040,8
81042,12
81043,13
81044,9
81045,5
81046,9
81047,11
81048,6
81049,6
81050,11
81114,10
81121,4
81127,3
81702,2
81703,3
81704,11
81705,14
81706,14
82001,14
82002,12
82003,13
82004,12
82005,9
82007,6
82008,11
82011,11
82012,11
82013,14
82015,13
82017,14
82018,14
82019,14
82021,13
82022,13
82024,7
82027,12
82029,12
82031,12
82032,12
82033,11
82036,3
82037,1
82038,6
82040,14
82114,12
82128,14
82135,13
82139,14
82202,3
83001,13
83002,12
83003,11
83005,13
83006,11
83007,9
83008,8
83009,10
83013,14
83015,14
83016,9
83018,10
83019,7
83021,14
83022,13
83023,13
83025,12
83027,11
83028,10
83029,13
83030,12
83031,11
83032,10
83034,12
83035,1
83044,14
83046,11
83048,12
83050,12
83052,14
83053,8
83055,14
83056,9
83057,11
83058,14
83059,4
83060,14
83061,4
83062,4
83063,14
83065,14
83066,12
83067,8
83068,12
83069,14
83070,14
83071,12
83076,13
83077,5
83078,12
83080,2
83081,14
83083,9
83085,13
83086,7
83087,9
83088,13
83090,7
83091,5
83093,10
83094,13
83095,6
83096,9
83097,13
83098,11
83099,6
83100,11
83101,4
83102,9
83103,6
83104,7
83105,11
83106,12
83107,10
83108,14
83109,2
83111,12
83112,11
83113,12
83114,5
83115,10
83118,3
83135,12
83136,14
83139,14
83141,4
83147,14
83149,9
83159,11
83179,11
83184,12
83189,14
83204,7
83209,5
83214,9
83237,9
83238,6
83301,10
83302,9
83303,9
83304,12
83305,12
83306,10
83307,3
83308,11
83309,8
83310,4
83312,11
83313,4
83314,14
83315,14
83316,8
83320,11
83321,8
83322,10
83324,14
83325,10
83327,9
83328,12
83329,12
83330,13
83331,14
83332,6
83333,14
83334,12
83335,13
83336,14
83337,10
83339,1
83340,13
83341,11
83343,13
83344,10
83345,14
83347,9
83348,8
83349,9
83350,13
83352,8
83353,11
83354,13
83355,9
83356,14
83357,5
83358,5
83360,9
83361,8
83362,13
83363,14
83364,11
83365,12
83366,10
83367,10
83369,11
83370,3
83371,9
83372,6
83373,6
83374,8
83375,6
83376,7
83377,3
83378,11
83379,2
83390,12
83391,10
83392,8
83393,1
83402,6
83407,2
83409,3
83410,7
83412,3
83418,6
83432,6
83438,11
83439,12
83448,2
83457,4
83507,6
83510,12
85001,3
85002,12
85005,3
85007,7
85008,14
85009,6
85010,12
85013,7
85014,8
85015,14
85016,11
85017,10
85019,14
85020,14
85022,14
85023,10
85024,13
85025,10
85034,10
85102,7
85103,9
85105,14
85107,8
85110,8
85113,13
85114,5
85115,10
85116,11
85117,10
85118,12
85119,14
85122,10
85152,12
85153,14
85157,3
85158,12
85159,12
85160,6
85161,13
85162,11
85164,12
85165,12
85166,12
85167,4
85170,13
85171,13
85172,8
85173,11
85218,8
85251,14
85257,6
85263,4
85267,4
85268,4
85301,10
85302,9
85304,12
85305,13
85306,9
85307,11
85308,10
85309,4
85310,12
85311,12
85312,2
85313,14
85314,8
85315,10
85319,11
85320,10
85322,6
85368,9
85412,9
85512,4
87001,2
87002,7
87003,11
87004,4
87005,13
87006,13
87007,13
87008,12
87010,13
87011,14
87012,5
87013,12
87014,14
87016,4
87017,11
87018,11
87019,6
87023,10
87116,9
87120,12
87121,5
88001,10
88002,9
88003,13
88006,9
88008,11
88010,10
88011,4
88012,10
88013,12
88015,12
88017,11
88018,7
88019,6
88020,8
88021,14
88022,12
88024,13
88025,13
88030,14
88031,10
88032,10
88036,9
88037,13
88039,11
88040,14
88041,13
88046,11
88047,7
88049,13
88050,11
88052,4
88102,4
88116,10
88122,1
88127,12
88133,1
88134,13
88135,4
89003,13
89007,7
89008,14
89010,12
89014,12
89015,6
89016,14
89017,13
89018,1
89020,2
89021,13
89022,8
89023,13
89024,9
89025,12
89026,8
89027,14
89028,9
89030,14
89031,9
89032,13
89034,7
89035,7
89037,9
89038,9
89039,12
89040,12
89041,13
89044,14
89046,10
89047,2
89048,7
89050,9
89051,9
89054,6
89055,12
89056,7
89058,12
89059,6
89060,11
89061,14
89063,11
89065,12
89067,5
89068,9
89069,8
89070,14
89072,14
89074,12
89076,10
89077,13
89080,13
89081,10
89082,8
89084,9
89085,3
89086,1
89113,7
89133,4
89145,13
89173,2
89182,4
89183,3
89242,10
89262,10
90001,13
90002,12
90004,6
90005,13
90006,12
90007,11
90008,1
90009,6
90010,6
90011,5
90013,5
90015,8
90020,12
90021,11
90022,8
90023,10
90024,13
90025,10
90027,14
90028,12
90029,14
90031,14
90032,7
90033,11
90034,10
90035,8
90036,14
90038,12
90039,14
90042,10
90043,12
90044,13
90051,10
90052,7
90053,13
90112,5
90147,8
90149,13
90150,11
91001,12
91002,13
91003,14
91007,14
91011,14
91021,12
91023,13
91025,10
91026,14
91027,14
91032,10
91034,12
91035,14
91036,14
91038,12
91040,13
91041,13
91043,14
91045,14
91046,1
91050,14
91051,14
91053,12
91056,14
91058,11
91059,11
91060,12
91061,9
91062,13
91064,11
91065,13
91066,14
91137,10
91146,14
91302,13
91304,14
91305,13
91306,12
91307,14
91309,11
91310,13
91312,14
91316,14
91317,14
91318,10
91321,4
91421,11
92003,10
92004,7
92007,14
92009,8
92011,14
92013,1
92015,13
92016,4
92017,13
92018,7
92021,3
92022,13
92025,8
92027,5
92032,9
92033,12
92035,11
92036,7
92037,8
92038,12
92039,6
92040,11
92041,9
92043,3
92044,10
92045,7
92046,5
92049,8
92050,1
92051,14
92055,5
92056,3
92057,4
92058,6
92059,12
92060,11
92061,5
92063,11
92064,11
92067,1
92068,2
92069,7
92070,5
92071,5
92072,7
92074,8
92075,11
92076,5
92078,7
92079,7
92080,1
92081,13
92082,14
92086,14
92088,6
92089,1
92091,6
92093,3
92096,1
92097,10
92098,1
92099,1
92101,6
92102,4
92103,6
92105,4
92106,4
92107,6
92108,3
92109,8
92110,10
92111,5
92112,9
92123,9
92150,14
92167,5
92173,9
92180,3
92192,1
92195,5
92198,3
92202,1
92206,13
92208,11
92212,3
92214,3
92250,13
92324,2
92424,6
92524,4
93006,13
93007,6
93009,5
93010,9
93011,3
93012,6
93013,3
93019,11
93021,14
93023,3
93026,9
93027,5
93028,1
93031,5
93033,1
93034,1
93036,1
93037,1
93038,7
93039,2
93043,6
93046,1
93051,12
93052,5
93053,1
93054,1
93064,10
93065,2
93078,14
93079,14
93107,1
93110,5
93111,4
93112,10
93115,10
93130,3
93139,2
93164,13
93214,4
93239,1
93314,12
