AOU,rmse_occ,rmse_pres,rmse_gam,rmse_gam_pres,rmse_rf,rmse_rf_pres,rmse_me_pres,n_pres,n,glm_diff,gam_diff,rf_diff,PRIMARY_COM_NAME,ALPHA.CODE
4641,0.307339804,0.181906385,3.36E-05,5.90E-08,0.351180697,0.237610214,0.379312912,69,73,0.125433419,3.36E-05,0.113570484,Pacific-slope Flycatcher,PSFL
4090,0.196436981,0.087948336,0.137952444,2.81E-06,0.16643646,0.091221723,0.370572524,518,522,0.108488645,0.137949635,0.075214737,Red-bellied Woodpecker,RBWO
4860,0.295141898,0.183418349,0.235092068,0.09561576,0.247871953,0.173245781,0.38031799,504,525,0.111723549,0.139476308,0.074626172,Common Raven,CORA
4610,0.271836871,0.160258079,0.209156287,0.000873355,0.230275157,0.157774159,0.374051884,567,585,0.111578792,0.208282932,0.072500998,Eastern Wood-Pewee,EAWP
3190,0.281154921,0.151966818,0.056993789,4.12E-05,0.318671255,0.248722811,0.376379446,76,83,0.129188103,0.056952612,0.069948443,White-winged Dove,WWDO
4950,0.238578651,0.126791005,0.178946312,0.106263959,0.185481006,0.12986388,0.373765959,883,899,0.111787646,0.072682354,0.055617126,Brown-headed Cowbird,BHCO
4900,0.290237397,0.212454895,0.207446291,0.203125972,0.297886216,0.24280735,0.384843694,180,190,0.077782502,0.004320319,0.055078866,Fish Crow,FICR
7310,0.220807524,0.144091607,0.136946053,0.002264234,0.180567227,0.136391074,0.370557245,463,476,0.076715917,0.13468182,0.044176153,Tufted Titmouse,TUTI
4560,0.287032925,0.188927478,0.189584433,6.39E-06,0.210265683,0.169695235,0.376023219,567,591,0.098105447,0.18957804,0.040570448,Eastern Phoebe,EAPH
4520,0.251024639,0.184361613,0.201403596,1.66E-05,0.21065651,0.170982706,0.374268672,590,618,0.066663026,0.201387008,0.039673804,Great Crested Flycatcher,GCFL
7660,0.260584874,0.181852573,0.198310605,4.04E-06,0.209446555,0.171405065,0.377124094,596,618,0.078732301,0.198306564,0.03804149,Eastern Bluebird,EABL
4980,0.247662443,0.193163924,0.215999899,0.181740252,0.229695381,0.193694557,0.378756737,861,909,0.054498519,0.034259647,0.036000823,Red-winged Blackbird,RWBL
3160,0.147021149,0.11146303,0.111620759,0.000891208,0.144523769,0.116420717,0.371756226,878,895,0.035558119,0.110729551,0.028103052,Mourning Dove,MODO
6680,0.363137205,0.3279852,7.10E-05,1.75E-05,0.399998025,0.375066241,0.405237675,60,72,0.035152005,5.35E-05,0.024931785,Townsend's Warbler,TOWA
4930,0.282742434,0.246010711,0.23995787,0.224812334,0.258309557,0.234299596,0.384634094,839,911,0.036731723,0.015145536,0.024009961,European Starling,EUST
4050,0.285414543,0.219745063,0.24882013,0.190799615,0.248991027,0.225942094,0.382201643,596,633,0.06566948,0.058020515,0.023048933,Pileated Woodpecker,PIWO
4880,0.225406924,0.205076841,0.185941019,0.164821223,0.206410088,0.18585854,0.378830897,807,855,0.020330082,0.021119796,0.020551548,American Crow,AMCR
5190,0.33881852,0.287607089,0.277812674,0.259273122,0.288346443,0.268099622,0.395778716,731,810,0.051211431,0.018539552,0.020246822,House Finch,HOFI
6130,0.268979488,0.215663828,0.225809738,0.199231462,0.236337966,0.218031963,0.382415308,847,899,0.053315659,0.026578276,0.018306004,Barn Swallow,BARS
6140,0.301065236,0.250512215,0.238629207,0.20328865,0.246502203,0.231727523,0.385785102,691,755,0.050553021,0.035340557,0.014774681,Tree Swallow,TRES
7360,0.201835502,0.173131138,0.13495099,0.001765406,0.193045471,0.17857203,0.374285655,276,289,0.028704364,0.133185585,0.014473442,Carolina Chickadee,CACH
4120,0.262582781,0.203270744,0.198489436,0.158896853,0.210484588,0.19636016,0.373028523,613,666,0.059312038,0.039592583,0.014124428,Northern Flicker,NOFL
7550,0.266134272,0.213064038,0.187487823,0.087169298,0.216333748,0.207301315,0.380872743,494,522,0.053070235,0.100318525,0.009032433,Wood Thrush,WOTH
4680,0.343883744,0.367472035,0.218546136,1.79E-05,0.337706608,0.329923917,0.365244859,110,178,-0.023588291,0.218528215,0.00778269,Hammond's Flycatcher,HAFL
5010,0.305395184,0.248375053,0.23373897,0.231663988,0.251614468,0.244064509,0.387507888,559,611,0.057020131,0.002074981,0.007549958,Eastern Meadowlark,EAME
5970,0.325106603,0.259017003,0.217175241,0.220125923,0.248253296,0.241479427,0.379280292,375,414,0.066089601,-0.002950681,0.006773869,Blue Grosbeak,BLGR
3960,0.3267375,0.268845456,0.026348147,0.00020887,0.341509936,0.339337402,0.394804674,64,72,0.057892044,0.026139277,0.002172533,Ladder-backed Woodpecker,LBWO
4230,0.272461337,0.258547648,0.219751034,0.219885539,0.240087514,0.239182302,0.376040851,568,640,0.013913689,-0.000134505,0.000905211,Chimney Swift,CHSW
5110,0.223164718,0.189242473,0.167366905,0.161080391,0.187831119,0.187822966,0.376138986,697,735,0.033922245,0.006286514,8.15E-06,Common Grackle,COGR
7210,0.332986469,0.28974177,0.269551354,0.272500223,0.2837027,0.287544709,0.389279374,653,743,0.043244699,-0.002948869,-0.003842009,House Wren,HOWR
4320,0.256935989,0.312446827,0.081434557,0.219984203,0.337766877,0.344145289,0.39372538,78,92,-0.055510838,-0.138549646,-0.006378412,Broad-tailed Hummingbird,BTLH
7050,0.278769029,0.237217984,0.207040497,0.208739863,0.222848484,0.231194317,0.384962368,604,651,0.041551045,-0.001699366,-0.008345833,Brown Thrasher,BRTH
4440,0.295417005,0.253558519,0.241151825,0.239335534,0.245461317,0.25420666,0.385775448,695,762,0.041858486,0.001816291,-0.008745343,Eastern Kingbird,EAKI
5630,0.318858112,0.282419142,0.227910764,0.201592192,0.259149827,0.267913896,0.385286949,493,552,0.03643897,0.026318572,-0.008764069,Field Sparrow,FISP
6190,0.233115916,0.216168173,0.195434516,0.187978645,0.209888775,0.219211342,0.375457244,593,655,0.016947743,0.007455871,-0.009322567,Cedar Waxwing,CEDW
6882,0.354811491,0.330023468,0.306511663,0.319537195,0.307795733,0.317587507,0.402600542,762,904,0.024788022,-0.013025532,-0.009791774,House Sparrow,HOSP
5810,0.285566518,0.257301714,0.223658298,0.217487459,0.226091267,0.238372623,0.386879855,664,734,0.028264804,0.006170839,-0.012281356,Song Sparrow,SOSP
6550,0.239219621,0.237107652,0.14114806,0.193993763,0.210479553,0.223825395,0.281961641,174,388,0.002111969,-0.052845703,-0.013345842,Yellow-rumped Warbler,YRWA
7610,0.175580523,0.17161909,0.126224713,0.156038626,0.152179319,0.166299809,0.374412887,850,893,0.003961433,-0.029813914,-0.014120491,American Robin,AMRO
4470,0.322749569,0.321168907,0.263297481,0.300535219,0.300567728,0.315592407,0.39730314,295,353,0.001580662,-0.037237737,-0.015024679,Western Kingbird,WEKI
5870,0.245446715,0.228262817,0.187543929,0.175271885,0.200721702,0.216788817,0.323503098,482,733,0.017183898,0.012272044,-0.016067115,Eastern Towhee,EATO
6240,0.253079338,0.224160173,0.196926944,0.214536413,0.216519147,0.233518645,0.369200151,637,738,0.028919165,-0.017609469,-0.016999498,Red-eyed Vireo,REVI
6080,0.306830999,0.294470728,0.220989472,0.253621492,0.266603603,0.284161482,0.389900024,417,469,0.012360271,-0.03263202,-0.017557879,Scarlet Tanager,SCTA
4661,0.257926926,0.27429879,0.203465015,0.263164773,0.269131098,0.287110289,0.367303077,251,328,-0.016371864,-0.059699758,-0.017979191,Alder Flycatcher,ALFL
4670,0.274343073,0.273630337,0.202742253,0.191292264,0.245670131,0.264055426,0.385298262,318,356,0.000712736,0.01144999,-0.018385295,Least Flycatcher,LEFL
5580,0.285974634,0.265523549,0.107032645,0.219665392,0.285806707,0.304213161,0.356329889,142,196,0.020451085,-0.112632748,-0.018406454,White-throated Sparrow,WTSP
5900,0.332244264,0.355702651,0.222936918,7.79E-06,0.363714558,0.38346079,0.372583471,94,136,-0.023458387,0.222929126,-0.019746232,Green-tailed Towhee,GTTO
5600,0.289470275,0.269398525,0.201131215,0.216454313,0.224565658,0.244560429,0.380611792,757,850,0.02007175,-0.015323098,-0.019994771,Chipping Sparrow,CHSP
5070,0.284651977,0.248131116,0.190173297,0.209238356,0.189362123,0.211527332,0.320871876,492,786,0.036520861,-0.019065059,-0.022165209,Baltimore Oriole,BAOR
5930,0.153860321,0.142325947,0.067605732,0.119304472,0.131904531,0.154285001,0.368601105,569,602,0.011534374,-0.05169874,-0.02238047,Northern Cardinal,NOCA
4540,0.328440841,0.343629011,0.151940318,8.90E-05,0.336896566,0.362138023,0.379188721,118,159,-0.01518817,0.151851346,-0.025241457,Ash-throated Flycatcher,ATFL
5950,0.278371461,0.294165903,0.195792357,0.180715394,0.228158685,0.253579965,0.364760976,369,445,-0.015794442,0.015076963,-0.02542128,Rose-breasted Grosbeak,RBGR
6710,0.347915821,0.355797867,0.254759833,0.306722768,0.311261919,0.336697099,0.410232709,304,369,-0.007882046,-0.051962935,-0.02543518,Pine Warbler,PIWA
7590,0.365922667,0.366788156,0.305203232,0.341255821,0.334001434,0.359768408,0.39948119,307,427,-0.000865488,-0.036052589,-0.025766974,Hermit Thrush,HETH
6520,0.314491969,0.306722417,0.268388664,0.282546322,0.275152714,0.301782318,0.397651574,689,802,0.007769552,-0.014157658,-0.026629604,Yellow Warbler,YWAR
4430,0.284299578,0.249590332,0.016048709,7.65E-07,0.252211184,0.279270134,0.381923952,86,95,0.034709246,0.016047943,-0.02705895,Scissor-tailed Flycatcher,STFL
6070,0.302052708,0.299920668,0.231325517,0.239348195,0.303093757,0.331035031,0.394492268,186,218,0.00213204,-0.008022677,-0.027941274,Western Tanager,WETA
7040,0.284136434,0.274847301,0.217969705,0.23946511,0.23288304,0.261381779,0.379637143,653,748,0.009289133,-0.021495405,-0.028498739,Gray Catbird,GRCA
6290,0.303571184,0.304965712,0.220057927,0.28544484,0.275526953,0.306236615,0.397387043,214,241,-0.001394528,-0.065386913,-0.030709662,Blue-headed Vireo,BHVI
5290,0.25515481,0.246201447,0.187498765,0.219789838,0.205818945,0.238900396,0.385534152,700,759,0.008953363,-0.032291073,-0.033081452,American Goldfinch,AMGO
5620,0.352113865,0.362856611,0.202186201,0.280619812,0.315551911,0.350187094,0.369682667,111,181,-0.010742747,-0.07843361,-0.034635183,Brewer's Sparrow,BRSP
4020,0.296857368,0.348447557,0.18851767,2.40E-05,0.25900439,0.294008774,0.379096656,202,255,-0.05159019,0.188493639,-0.035004385,Yellow-bellied Sapsucker,YBSA
3250,0.259335377,0.267867644,0.218994923,0.237133689,0.231430524,0.266593675,0.391662538,779,866,-0.008532267,-0.018138766,-0.035163151,Turkey Vulture,TUVU
7380,0.336870181,0.365956553,0.246854556,0.242299897,0.351926933,0.388244682,0.381738524,119,180,-0.029086372,0.004554659,-0.036317749,Mountain Chickadee,MOCH
7290,0.320890119,0.271802891,0.162626379,3.85E-06,0.293315286,0.330140855,0.374049293,91,112,0.049087228,0.162622526,-0.036825569,Brown-headed Nuthatch,BHNU
7180,0.194670319,0.189425643,0.126599435,0.120193443,0.155885645,0.193105019,0.377732316,425,448,0.005244676,0.006405992,-0.037219374,Carolina Wren,CARW
4770,0.157894659,0.163488619,0.090510426,0.000230878,0.124570023,0.16241813,0.371894725,638,673,-0.005593961,0.090279548,-0.037848106,Blue Jay,BLJA
4620,0.293546755,0.32302324,0.234988378,0.303916299,0.282061728,0.320408679,0.394900027,250,314,-0.029476485,-0.068927921,-0.038346951,Western Wood-Pewee,WEWP
5420,0.360198705,0.384323046,0.313243786,0.362853563,0.332012516,0.370807293,0.408170366,448,597,-0.024124341,-0.049609777,-0.038794777,Savannah Sparrow,SAVS
4280,0.25797915,0.269946166,0.220681962,0.251776835,0.23339061,0.272609198,0.388769304,538,599,-0.011967016,-0.031094874,-0.039218588,Ruby-throated Hummingbird,RTHU
6740,0.290118368,0.320837118,0.224588177,0.233792832,0.258932909,0.298617318,0.3911102,399,515,-0.03071875,-0.009204655,-0.039684409,Ovenbird,OVEN
6800,0.331069977,0.368671485,0.236894409,0.299128304,0.345677857,0.386096179,0.392625191,122,178,-0.037601508,-0.062233895,-0.040418322,MacGillivray's Warbler,MGWA
5880,0.377111061,0.398134004,0.292405767,0.373320664,0.358077546,0.398628417,0.418425234,182,239,-0.021022943,-0.080914897,-0.040550871,Spotted Towhee,SPTO
4750,0.332315979,0.387142992,0.221679226,0.273913333,0.299881829,0.34060422,0.365958943,195,338,-0.054827012,-0.052234107,-0.04072239,Black-billed Magpie,BBMA
5730,0.315578794,0.331270297,0.001352889,0.00074081,0.297019709,0.338362178,0.370992057,72,90,-0.015691503,0.000612079,-0.041342469,Black-throated Sparrow,BTSP
6590,0.227883082,0.26351573,0.14782465,0.12246083,0.234328051,0.276948103,0.384194628,228,260,-0.035632648,0.02536382,-0.042620052,Chestnut-sided Warbler,CSWA
6480,0.343430397,0.347551701,0.261897091,0.298224832,0.29995216,0.343323872,0.409608184,384,461,-0.004121303,-0.036327741,-0.043371712,Northern Parula,NOPA
6120,0.375738011,0.408890499,0.336174279,0.389964708,0.353824388,0.397790073,0.430130401,608,786,-0.033152487,-0.053790429,-0.043965685,Cliff Swallow,CLSW
4650,0.333629791,0.348359114,0.255838074,0.293529883,0.285057935,0.331023095,0.375349935,304,429,-0.014729323,-0.037691809,-0.04596516,Acadian Flycatcher,ACFL
4780,0.254219395,0.31470914,0.187824345,0.246162698,0.283132292,0.329423303,0.350742271,128,209,-0.060489745,-0.058338353,-0.046291011,Steller's Jay,STJA
6810,0.247649142,0.263638035,0.192774188,0.243305246,0.212582528,0.259792501,0.380794057,773,896,-0.015988893,-0.050531058,-0.047209973,Common Yellowthroat,COYE
5100,0.341190834,0.352334582,0.262612314,0.331194319,0.31255204,0.360427866,0.404161528,276,352,-0.011143747,-0.068582005,-0.047875826,Brewer's Blackbird,BRBL
4740,0.376812963,0.415947633,0.286208382,0.329496699,0.303021394,0.350920584,0.390097694,493,780,-0.03913467,-0.043288317,-0.047899191,Horned Lark,HOLA
6291,0.336987729,0.365262051,0.035183064,0.26624435,0.341190151,0.389441382,0.391565569,75,93,-0.028274323,-0.231061286,-0.04825123,Plumbeous Vireo,PLVI
6270,0.35460745,0.36192453,0.295421148,0.323353502,0.284808939,0.333556427,0.399638567,593,789,-0.00731708,-0.027932354,-0.048747488,Warbling Vireo,WAVI
4940,0.360910618,0.368877953,0.243715662,0.296990488,0.294283066,0.343369166,0.399239781,321,414,-0.007967335,-0.053274826,-0.0490861,Bobolink,BOBO
7350,0.320017781,0.323546117,0.225083751,0.274345903,0.234440321,0.285962237,0.390838189,473,576,-0.003528336,-0.049262152,-0.051521916,Black-capped Chickadee,BCCH
5011,0.357327096,0.358895702,0.258696691,0.317134594,0.295865729,0.348528942,0.402803201,372,474,-0.001568605,-0.058437903,-0.052663213,Western Meadowlark,WEME
7560,0.33063546,0.376553048,0.245942166,0.278886786,0.283038538,0.337013927,0.400093335,273,370,-0.045917588,-0.03294462,-0.053975389,Veery,VEER
7630,0.300694744,0.361177288,1.39E-06,1.23E-05,0.332773414,0.387116036,0.401022365,68,95,-0.060482544,-1.09E-05,-0.054342622,Varied Thrush,VATH
6150,0.342533563,0.393605763,0.274459167,0.344400282,0.326526591,0.382854459,0.417301401,205,277,-0.0510722,-0.069941115,-0.056327868,Violet-green Swallow,VGSW
7510,0.311024049,0.3685872,0.262673457,0.315251293,0.277769852,0.334108891,0.399662312,509,633,-0.057563151,-0.052577836,-0.056339039,Blue-gray Gnatcatcher,BGGN
6730,0.347259365,0.39822683,0.234695103,0.262551633,0.31024194,0.366587029,0.400785241,229,303,-0.050967465,-0.02785653,-0.056345089,Prairie Warbler,PRAW
6670,0.316575073,0.371020372,0.23326582,0.312650934,0.295975005,0.353785339,0.402144058,201,276,-0.054445299,-0.079385114,-0.057810334,Black-throated Green Warbler,BTNW
6100,0.32342157,0.348530726,0.200240267,0.022657148,0.24988946,0.308434461,0.385531099,263,330,-0.025109156,0.177583119,-0.058545001,Summer Tanager,SUTA
5840,0.323800131,0.377231843,0.235996238,0.248885497,0.297010441,0.356629534,0.373303309,222,373,-0.053431712,-0.012889259,-0.059619093,Swamp Sparrow,SWSP
5060,0.315445101,0.302509306,0.224567147,0.237415828,0.243829186,0.30573803,0.390448458,452,526,0.012935795,-0.012848681,-0.061908844,Orchard Oriole,OROR
3940,0.223669833,0.26226958,0.191579294,0.248646485,0.203016839,0.265298336,0.377366786,761,899,-0.038599747,-0.057067191,-0.062281497,Downy Woodpecker,DOWO
6040,0.269470745,0.310111711,0.184721707,0.217450122,0.236082198,0.298933007,0.392370438,295,357,-0.040640966,-0.032728415,-0.062850809,Dickcissel,DICK
5170,0.318132011,0.349761512,0.222522243,0.302859087,0.2815787,0.345041143,0.39905716,245,317,-0.031629501,-0.080336844,-0.063462443,Purple Finch,PUFI
4690,0.341965263,0.385485527,0.236582148,0.305629196,0.328818743,0.393022367,0.379823071,114,188,-0.043520264,-0.069047048,-0.064203624,Dusky Flycatcher,DUFL
6292,0.393125003,0.422750934,4.31E-05,0.393087621,0.414587577,0.482486937,0.422356503,63,91,-0.02962593,-0.393044517,-0.06789936,Cassin's Vireo,CAVI
7030,0.222002387,0.277356401,0.165694631,0.227867551,0.186255091,0.256301211,0.334485261,545,872,-0.055354013,-0.062172919,-0.07004612,Northern Mockingbird,NOMO
7270,0.345931761,0.400875967,0.251430694,0.328300492,0.255636077,0.325931509,0.394817415,615,825,-0.054944206,-0.076869798,-0.070295432,White-breasted Nuthatch,WBNU
7150,0.313342071,0.397787141,0.256896142,0.360748738,0.318375443,0.388943475,0.394157432,165,255,-0.08444507,-0.103852596,-0.070568032,Rock Wren,ROWR
6620,0.308611296,0.372309023,0.213923406,0.316288205,0.308969266,0.382477155,0.389746919,141,216,-0.063697728,-0.1023648,-0.073507889,Blackburnian Warbler,BLBW
6570,0.328778243,0.396737812,0.184951328,0.000140564,0.295317069,0.369163782,0.401088142,143,193,-0.06795957,0.184810763,-0.073846712,Magnolia Warbler,MAWA
2890,0.261741332,0.317791796,0.194109764,0.262749136,0.214968996,0.289682413,0.393432313,395,467,-0.056050464,-0.068639372,-0.074713417,Northern Bobwhite,NOBO
5080,0.358173725,0.403230837,0.290919381,0.395118934,0.3553698,0.430569416,0.427615576,192,252,-0.045057112,-0.104199553,-0.075199616,Bullock's Oriole,BUOR
7580,0.355513218,0.386125181,0.243021658,0.341038632,0.324653906,0.399938176,0.415300691,198,257,-0.030611963,-0.098016975,-0.07528427,Swainson's Thrush,SWTH
5180,0.328940698,0.369380359,0.172380379,0.292568995,0.323006835,0.398441736,0.395440631,95,131,-0.040439661,-0.120188616,-0.075434901,Cassin's Finch,CAFI
4021,0.249049866,0.33973118,0.134971978,0.001993899,0.276288803,0.353238396,0.349986755,83,150,-0.090681314,0.132978079,-0.076949594,Red-naped Sapsucker,RNSA
5540,0.308786002,0.389212633,0.113590396,0.264656438,0.299332667,0.377209007,0.40976455,118,181,-0.080426631,-0.151066042,-0.07787634,White-crowned Sparrow,WCSP
5990,0.336318047,0.406548344,0.283264459,0.370182941,0.342206379,0.420744192,0.414428099,148,208,-0.070230297,-0.086918482,-0.078537813,Lazuli Bunting,LAZB
6450,0.342963641,0.35487036,0.197009301,0.312972444,0.283645449,0.363016983,0.381916885,168,251,-0.011906719,-0.115963143,-0.079371534,Nashville Warbler,NAWA
7222,0.289792158,0.379422393,0.150086599,0.248248755,0.228500415,0.308154781,0.321331086,146,311,-0.089630235,-0.098162156,-0.079654366,Winter Wren,WIWR
7190,0.365346452,0.421617177,0.253412926,0.276631328,0.325307363,0.405575881,0.421228998,149,208,-0.056270725,-0.023218402,-0.080268518,Bewick's Wren,BEWR
7280,0.327818635,0.376185323,0.257515291,0.326952925,0.289217063,0.370071784,0.400942999,312,433,-0.048366688,-0.069437634,-0.080854721,Red-breasted Nuthatch,RBNU
4570,0.298742146,0.386159845,0.246858116,0.339587906,0.281367083,0.363133591,0.406412727,187,268,-0.087417699,-0.09272979,-0.081766507,Say's Phoebe,SAPH
6850,0.298043973,0.358828203,0.202521792,0.355495464,0.305295296,0.387831017,0.412893479,160,194,-0.060784229,-0.152973672,-0.08253572,Wilson's Warbler,WIWA
5980,0.245762095,0.263336103,0.128184018,0.192789643,0.146240018,0.230959595,0.362356464,579,683,-0.017574008,-0.064605626,-0.084719577,Indigo Bunting,INBU
5400,0.359874484,0.415155943,0.28823752,0.37289289,0.30937485,0.394102688,0.41921002,392,587,-0.055281459,-0.08465537,-0.084727837,Vesper Sparrow,VESP
6010,0.306635317,0.334893302,0.000103479,0.001286511,0.322343578,0.407191692,0.407956897,70,88,-0.028257985,-0.001183031,-0.084848114,Painted Bunting,PABU
6280,0.323677544,0.37882015,0.261410264,0.347340267,0.289176365,0.375400949,0.415227592,409,512,-0.055142606,-0.085930004,-0.086224584,Yellow-throated Vireo,YTVI
5610,0.289469801,0.338757655,0.156478841,0.321166775,0.288231151,0.375530765,0.407202588,145,180,-0.049287854,-0.164687934,-0.087299614,Clay-colored Sparrow,CCSP
5850,0.365007205,0.440457,0.201177865,0.344079535,0.320818345,0.410504277,0.40682012,92,165,-0.075449795,-0.14290167,-0.089685932,Fox Sparrow,FOSP
6540,0.287639017,0.373590989,0.186106979,0.198070935,0.28231452,0.372090528,0.402528754,120,169,-0.085951972,-0.011963956,-0.089776008,Black-throated Blue Warbler,BTBW
6840,0.322254631,0.388625477,0.281089152,0.363664632,0.311033949,0.401079124,0.400644131,217,337,-0.066370846,-0.08257548,-0.090045175,Hooded Warbler,HOWA
5960,0.309039941,0.382638983,0.251876004,0.347357852,0.305214411,0.395741896,0.402989519,196,268,-0.073599041,-0.095481848,-0.090527485,Black-headed Grosbeak,BHGR
4330,0.217324626,0.279290378,0.02521454,2.32E-05,0.239856986,0.33076893,0.36373227,64,91,-0.061965752,0.025191314,-0.090911943,Rufous Hummingbird,RUHU
6110,0.306381552,0.397565457,0.245101871,0.334962621,0.262369798,0.35363025,0.405324057,458,646,-0.091183905,-0.08986075,-0.091260452,Purple Martin,PUMA
3870,0.236336824,0.282930776,0.158648251,0.244043761,0.177216845,0.269340568,0.389879379,532,590,-0.046593951,-0.08539551,-0.092123723,Yellow-billed Cuckoo,YBCU
6750,0.287798726,0.385102081,0.239836817,0.359842378,0.306037466,0.39838109,0.393032455,181,289,-0.097303356,-0.120005561,-0.092343624,Northern Waterthrush,NOWA
5300,0.299804164,0.366202608,0.189090704,2.16E-07,0.290628107,0.383129413,0.374172876,110,164,-0.066398445,0.189090488,-0.092501307,Lesser Goldfinch,LEGO
6360,0.307520427,0.38395287,0.263308581,0.359337284,0.287827288,0.380912505,0.42316292,340,461,-0.076432443,-0.096028703,-0.093085217,Black-and-white Warbler,BAWW
7680,0.324313204,0.407922512,0.257610717,0.324295908,0.306651276,0.401275935,0.39608871,140,213,-0.083609308,-0.06668519,-0.094624659,Mountain Bluebird,MOBL
6050,0.305984144,0.334912992,0.052261203,8.11E-07,0.240799671,0.336219349,0.367485496,74,103,-0.028928847,0.052260392,-0.095419678,Lark Bunting,LARB
6790,0.319940099,0.37950168,0.163140498,0.277977687,0.280555247,0.37691122,0.408155419,151,194,-0.059561582,-0.114837189,-0.096355973,Mourning Warbler,MOWA
6460,0.332252648,0.383041614,0.203639388,0.222290753,0.295092105,0.391555092,0.399274495,160,235,-0.050788966,-0.018651365,-0.096462987,Orange-crowned Warbler,OCWA
3930,0.264624251,0.361947781,0.230811679,0.319459634,0.234046097,0.330915638,0.395905569,686,884,-0.097323531,-0.088647955,-0.096869541,Hairy Woodpecker,HAWO
7020,0.35023642,0.421110644,0.155150675,0.382452241,0.362084313,0.461111988,0.408202646,76,129,-0.070874224,-0.227301566,-0.099027675,Sage Thrasher,SATH
7490,0.322881669,0.417920434,0.253795055,0.374891648,0.308298927,0.407752802,0.400888917,173,303,-0.095038765,-0.121096593,-0.099453875,Ruby-crowned Kinglet,RCKI
5520,0.320904569,0.372454304,0.241591287,0.338448144,0.269333564,0.373193784,0.395580019,309,439,-0.051549735,-0.096856857,-0.103860219,Lark Sparrow,LASP
6310,0.24134423,0.316167698,0.185802488,0.250601909,0.219650234,0.324982906,0.380508116,300,394,-0.074823468,-0.064799421,-0.105332671,White-eyed Vireo,WEVI
5120,0.280489143,0.379497943,0.153189831,0.307879094,0.269499006,0.375826887,0.368157603,111,195,-0.0990088,-0.154689263,-0.106327881,Great-tailed Grackle,GTGR
4660,0.321888378,0.39992926,0.261365273,0.365015342,0.260302907,0.366918667,0.390383605,414,729,-0.078040882,-0.103650069,-0.10661576,Willow Flycatcher,WIFL
5830,0.285293193,0.382533579,0.216437172,0.307768048,0.290821894,0.403492289,0.395945317,145,235,-0.097240387,-0.091330876,-0.112670395,Lincoln's Sparrow,LISP
6870,0.28451798,0.372594443,0.236950153,0.343848735,0.259882825,0.373110129,0.407407796,394,553,-0.088076463,-0.106898583,-0.113227304,American Redstart,AMRE
5460,0.327462014,0.41776737,0.264802894,0.36762877,0.271253572,0.390978311,0.417277718,448,634,-0.090305356,-0.102825876,-0.119724738,Grasshopper Sparrow,GRSP
6630,0.306402591,0.417164446,0.241725164,0.364195771,0.299492722,0.421772916,0.412543043,172,274,-0.110761855,-0.122470606,-0.122280194,Yellow-throated Warbler,YTWA
6650,0.320740023,0.44059968,0.181778153,0.347055691,0.332928652,0.456391206,0.429144057,85,142,-0.119859657,-0.165277539,-0.123462554,Black-throated Gray Warbler,BTYW
5780,0.341805236,0.372117844,0.050043465,0.000115917,0.30886293,0.433132646,0.409595067,72,93,-0.030312608,0.049927547,-0.124269716,Cassin's Sparrow,CASP
6220,0.237931452,0.362323673,0.199041545,0.321592813,0.217007299,0.341318914,0.35610081,302,666,-0.124392221,-0.122551269,-0.124311615,Loggerhead Shrike,LOSH
6830,0.315767367,0.409082274,0.244213587,0.369988464,0.252477394,0.380908224,0.412915463,394,611,-0.093314907,-0.125774877,-0.128430829,Yellow-breasted Chat,YBCH
6170,0.298877912,0.404712977,0.257501727,0.38068303,0.267269619,0.396026539,0.424652957,682,880,-0.105835065,-0.123181303,-0.12875692,Northern Rough-winged Swallow,NRWS
7670,0.348718866,0.4092215,0.168193113,0.315357626,0.315838525,0.448106931,0.418622734,90,131,-0.060502634,-0.147164513,-0.132268406,Western Bluebird,WEBL
6770,0.297545187,0.406700692,0.230892633,0.334004546,0.263241366,0.397157994,0.419390852,218,307,-0.109155505,-0.103111914,-0.133916627,Kentucky Warbler,KEWA
4590,0.229455477,0.36915379,0.195878859,0.349222785,0.230924172,0.365521758,0.364950125,205,456,-0.139698313,-0.153343926,-0.134597586,Olive-sided Flycatcher,OSFL
3120,0.198150727,0.323074096,0.046485262,0.000259596,0.238629561,0.376533495,0.326870263,65,141,-0.124923369,0.046225667,-0.137903934,Band-tailed Pigeon,BTPI
4060,0.263171836,0.383078527,0.209828707,0.320232855,0.218801086,0.356852458,0.384440553,390,625,-0.119906691,-0.110404148,-0.138051372,Red-headed Woodpecker,RHWO
4970,0.323107662,0.459489453,0.217410149,0.36919268,0.291709752,0.431096732,0.42629305,154,306,-0.136381791,-0.151782531,-0.13938698,Yellow-headed Blackbird,YHBL
4910,0.253693656,0.41076628,0.158569715,0.351978852,0.266338396,0.409381492,0.381674825,85,173,-0.157072624,-0.193409137,-0.143043096,Clark's Nutcracker,CLNU
3850,0.231629892,0.35157167,0.134010671,2.12E-05,0.229532087,0.373941976,0.388685636,85,112,-0.119941778,0.133989448,-0.144409889,Greater Roadrunner,GRRO
4640,0.283289675,0.412353971,0.117624414,0.366680175,0.317335063,0.464739439,0.39065815,60,142,-0.129064297,-0.249055761,-0.147404376,Cordilleran Flycatcher,COFL
4840,0.276014198,0.407942774,0.194797438,0.373303229,0.28633156,0.436603286,0.414635641,114,166,-0.131928576,-0.178505791,-0.150271726,Gray Jay,GRAJ
6860,0.268983883,0.443387862,0.178215547,0.326802387,0.273370383,0.427914167,0.415394542,112,186,-0.174403979,-0.14858684,-0.154543784,Canada Warbler,CAWA
6390,0.293590203,0.475930466,0.218091516,0.384465625,0.27627716,0.431600225,0.428323414,150,286,-0.182340264,-0.166374109,-0.155323065,Worm-eating Warbler,WEWA
7480,0.269645998,0.40799488,0.199823228,0.38337628,0.248944145,0.410605201,0.400542926,172,361,-0.138348881,-0.183553052,-0.161661056,Golden-crowned Kinglet,GCKI
5330,0.253802063,0.407516551,0.21338558,0.350149318,0.25311979,0.415469784,0.417986289,237,354,-0.153714488,-0.136763739,-0.162349993,Pine Siskin,PISI
7250,0.252010471,0.399427315,0.177997193,0.346560518,0.210661323,0.376660379,0.411023223,137,539,-0.147416844,-0.168563325,-0.165999056,Marsh Wren,MAWR
6330,0.282572875,0.42483811,0.139060365,0.222041236,0.22064555,0.391925687,0.401955479,119,188,-0.142265235,-0.082980871,-0.171280137,Bell's Vireo,BEVI
6410,0.245903363,0.460470935,0.169278573,0.314427749,0.205089736,0.379306501,0.39565892,171,350,-0.214567572,-0.145149176,-0.174216765,Blue-winged Warbler,BWWA
7430,0.242883645,0.425494645,0.163440381,0.282668384,0.248103601,0.422490859,0.410093908,100,146,-0.182611,-0.119228003,-0.174387258,Bushtit,BUSH
5210,0.251722896,0.405733091,0.190885493,0.367794011,0.226311387,0.407350945,0.396291001,149,318,-0.154010195,-0.176908518,-0.181039558,Red Crossbill,RECR
7540,0.267752735,0.414583352,0.189441779,0.352829636,0.267150972,0.450147254,0.405243101,104,186,-0.146830618,-0.163387857,-0.182996282,Townsend's Solitaire,TOSO
6420,0.154028808,0.358849162,0.087884176,0.288502536,0.148533344,0.335820002,0.359795054,68,285,-0.204820354,-0.20061836,-0.187286658,Golden-winged Warbler,GWWA
6370,0.24223858,0.415542827,0.169157013,0.358037541,0.233244636,0.423489228,0.389234602,131,309,-0.173304246,-0.188880528,-0.190244592,Prothonotary Warbler,PROW
7240,0.234348663,0.408802263,0.157864188,0.351376782,0.219165586,0.410005436,0.406824266,146,219,-0.174453601,-0.193512594,-0.19083985,Sedge Wren,SEWR
3880,0.166690969,0.380345109,0.130478287,0.32481892,0.142802514,0.334959062,0.370039274,320,574,-0.21365414,-0.194340632,-0.192156547,Black-billed Cuckoo,BBCU
3390,0.195214098,0.394734872,0.170335131,0.364938501,0.18390521,0.376374845,0.407761559,359,556,-0.199520773,-0.19460337,-0.192469635,Red-shouldered Hawk,RSHA
6580,0.201471599,0.39792551,0.140035907,0.36021261,0.206485864,0.407434022,0.390569503,80,188,-0.196453911,-0.220176703,-0.200948158,Cerulean Warbler,CERW
6760,0.247196442,0.437567854,0.198355909,0.393901169,0.227645889,0.438733462,0.422194071,223,406,-0.190371412,-0.19554526,-0.211087574,Louisiana Waterthrush,LOWA
4250,0.235582778,0.435014186,0.200325996,0.401938487,0.265223855,0.483160999,0.453441251,64,184,-0.199431408,-0.201612491,-0.217937145,White-throated Swift,WTSW
5140,0.225413445,0.457792757,0.178802717,0.395010746,0.224773766,0.443176996,0.421918038,147,271,-0.232379313,-0.216208028,-0.21840323,Evening Grosbeak,EVGR
6160,0.259203946,0.481024847,0.224676448,0.43445767,0.249831109,0.468287535,0.473726613,302,609,-0.2218209,-0.209781222,-0.218456426,Bank Swallow,BANS
7260,0.227125436,0.436046771,0.179989859,0.395299502,0.19832367,0.419194158,0.412840775,230,450,-0.208921335,-0.215309642,-0.220870488,Brown Creeper,BRCR
7170,0.194501303,0.432121735,0.118177166,0.355244824,0.201442439,0.433013127,0.456749207,62,197,-0.237620433,-0.237067658,-0.231570689,Canyon Wren,CANW
4290,0.255420944,0.475980192,0.181965521,0.375247084,0.248689642,0.484160348,0.428380736,93,162,-0.220559248,-0.193281563,-0.235470706,Black-chinned Hummingbird,BCHU
2881,0.139124072,0.390684466,0.069057411,0.307902506,0.131237589,0.387446926,0.357233678,68,193,-0.251560394,-0.238845095,-0.256209337,Gray Partridge,GRAP
5470,0.157623544,0.435867758,0.103414403,0.390350162,0.161889669,0.437867218,0.49119437,73,253,-0.278244213,-0.286935759,-0.27597755,Henslow's Sparrow,HESP
3000,0.137821845,0.431851929,0.110539977,0.401705408,0.132095297,0.442603627,0.425467322,188,420,-0.294030084,-0.291165431,-0.31050833,Ruffed Grouse,RUGR
