"","aou","abs_abs_glmocc","abs_pres_glmocc","pres_abs_glmocc","pres_pres_glmocc","abs_abs_glmpr","abs_pres_glmpr","pres_abs_glmpr","pres_pres_glmpr","abs_abs_gamocc","abs_pres_gamocc","pres_abs_gamocc","pres_pres_gamocc","abs_abs_gampr","abs_pres_gampr","pres_abs_gampr","pres_pres_gampr","abs_abs_rfocc","abs_pres_rfocc","pres_abs_rfocc","pres_pres_rfocc","abs_abs_rfpr","abs_pres_rfpr","pres_abs_rfpr","pres_pres_rfpr","abs_abs_maxpr","abs_pres_maxpr","pres_abs_maxpr","pres_pres_maxpr","length","sensitivity_glmocc","specificity_glmocc","pp_glmocc","np_glmocc","sensitivity_glmpr","specificity_glmpr","pp_glmpr","np_glmpr","sensitivity_gamocc","specificity_gamocc","pp_gamocc","np_gamocc","sensitivity_gampr","specificity_gampr","pp_gampr","np_gampr","sensitivity_rfocc","specificity_rfocc","pp_rfocc","np_rfocc","sensitivity_rfpr","specificity_rfpr","pp_rfpr","np_rfpr","sensitivity_max","specificity_max","pp_max","np_max"
"1",2881,170,8,12,3,114,1,68,10,179,9,3,2,126,1,56,10,173,8,9,3,122,2,60,9,37,1,145,10,193,27.2727272727273,93.4065934065934,20,95.5056179775281,90.9090909090909,62.6373626373626,12.8205128205128,99.1304347826087,18.1818181818182,98.3516483516484,40,95.2127659574468,90.9090909090909,69.2307692307692,15.1515151515152,99.2125984251969,27.2727272727273,95.0549450549451,25,95.5801104972376,81.8181818181818,67.032967032967,13.0434782608696,98.3870967741936,90.9090909090909,20.3296703296703,6.45161290322581,97.3684210526316
"2",2890,160,20,98,189,28,1,230,208,164,14,94,195,55,2,203,207,162,13,96,196,56,1,202,208,258,209,0,0,467,90.4306220095694,62.015503875969,65.8536585365854,88.8888888888889,99.5215311004785,10.8527131782946,47.4885844748858,96.551724137931,93.3014354066986,63.5658914728682,67.4740484429066,92.1348314606742,99.0430622009569,21.3178294573643,50.4878048780488,96.4912280701754,93.7799043062201,62.7906976744186,67.1232876712329,92.5714285714286,99.5215311004785,21.7054263565891,50.7317073170732,98.2456140350877,0,100,NA,55.2462526766595
"3",3000,358,22,36,4,231,9,163,17,349,16,45,10,231,5,163,21,372,21,22,5,227,6,167,20,394,26,0,0,420,15.3846153846154,90.8629441624365,10,94.2105263157895,65.3846153846154,58.6294416243655,9.44444444444444,96.25,38.4615384615385,88.5786802030457,18.1818181818182,95.6164383561644,80.7692307692308,58.6294416243655,11.4130434782609,97.8813559322034,19.2307692307692,94.4162436548223,18.5185185185185,94.6564885496183,76.9230769230769,57.6142131979695,10.6951871657754,97.4248927038627,0,100,NA,93.8095238095238
"4",3120,98,6,18,19,78,3,38,22,102,6,14,19,76,0,40,25,101,7,15,18,71,4,45,21,116,25,0,0,141,76,84.4827586206897,51.3513513513513,94.2307692307692,88,67.2413793103448,36.6666666666667,96.2962962962963,76,87.9310344827586,57.5757575757576,94.4444444444444,100,65.5172413793103,38.4615384615385,100,72,87.0689655172414,54.5454545454545,93.5185185185185,84,61.2068965517241,31.8181818181818,94.6666666666667,0,100,NA,82.2695035460993
"5",3160,22,9,103,761,7,1,118,769,31,8,94,762,17,0,108,770,26,6,99,764,6,1,119,769,125,770,0,0,895,98.8311688311688,17.6,88.0787037037037,70.9677419354839,99.8701298701299,5.6,86.6967305524239,87.5,98.961038961039,24.8,89.018691588785,79.4871794871795,100,13.6,87.6993166287016,100,99.2207792207792,20.8,88.5283893395133,81.25,99.8701298701299,4.8,86.5990990990991,85.7142857142857,0,100,NA,13.9664804469274
"6",3190,40,9,17,17,4,2,53,24,38,4,19,22,6,1,51,25,40,9,17,17,2,0,55,26,12,0,45,26,83,65.3846153846154,70.1754385964912,50,81.6326530612245,92.3076923076923,7.01754385964912,31.1688311688312,66.6666666666667,84.6153846153846,66.6666666666667,53.6585365853659,90.4761904761905,96.1538461538462,10.5263157894737,32.8947368421053,85.7142857142857,65.3846153846154,70.1754385964912,50,81.6326530612245,100,3.50877192982456,32.0987654320988,100,100,21.0526315789474,36.6197183098592,100
"7",3250,256,112,139,359,16,1,379,470,271,123,124,348,42,3,353,468,281,131,114,340,38,4,357,467,395,471,0,0,866,76.2208067940552,64.8101265822785,72.0883534136546,69.5652173913043,99.7876857749469,4.05063291139241,55.359246171967,94.1176470588235,73.8853503184713,68.6075949367089,73.728813559322,68.7817258883249,99.3630573248408,10.6329113924051,57.0036540803898,93.3333333333333,72.1868365180467,71.1392405063291,74.8898678414097,68.2038834951456,99.1507430997877,9.62025316455696,56.6747572815534,90.4761904761905,0,100,NA,45.6120092378753
"8",3390,352,72,53,79,173,8,232,143,350,60,55,91,173,10,232,141,351,63,54,88,185,10,220,141,405,151,0,0,556,52.317880794702,86.9135802469136,59.8484848484849,83.0188679245283,94.7019867549669,42.7160493827161,38.1333333333333,95.5801104972376,60.2649006622517,86.4197530864197,62.3287671232877,85.3658536585366,93.3774834437086,42.7160493827161,37.8016085790885,94.5355191256831,58.2781456953642,86.6666666666667,61.9718309859155,84.7826086956522,93.3774834437086,45.679012345679,39.0581717451524,94.8717948717949,0,100,NA,72.841726618705
"9",3850,56,30,10,16,19,2,47,44,61,24,5,22,26,1,40,45,51,21,15,25,20,2,46,44,12,2,54,44,112,34.7826086956522,84.8484848484848,61.5384615384615,65.1162790697674,95.6521739130435,28.7878787878788,48.3516483516484,90.4761904761905,47.8260869565217,92.4242424242424,81.4814814814815,71.7647058823529,97.8260869565217,39.3939393939394,52.9411764705882,96.2962962962963,54.3478260869565,77.2727272727273,62.5,70.8333333333333,95.6521739130435,30.3030303030303,48.8888888888889,90.9090909090909,95.6521739130435,18.1818181818182,44.8979591836735,85.7142857142857
"10",3870,191,48,98,253,8,0,281,301,209,57,80,244,16,1,273,300,218,58,71,243,29,2,260,299,289,301,0,0,590,84.0531561461794,66.0899653979239,72.0797720797721,79.9163179916318,100,2.7681660899654,51.7182130584193,100,81.063122923588,72.318339100346,75.3086419753086,78.5714285714286,99.6677740863787,5.5363321799308,52.3560209424084,94.1176470588235,80.7308970099668,75.4325259515571,77.3885350318471,78.9855072463768,99.3355481727575,10.0346020761246,53.4883720930233,93.5483870967742,0,100,NA,48.9830508474576
"11",3880,443,53,54,24,232,3,265,74,415,40,82,37,246,3,251,74,427,38,70,39,246,3,251,74,497,77,0,0,574,31.1688311688312,89.1348088531187,30.7692307692308,89.3145161290323,96.1038961038961,46.6800804828974,21.8289085545723,98.7234042553192,48.0519480519481,83.5010060362173,31.0924369747899,91.2087912087912,96.1038961038961,49.4969818913481,22.7692307692308,98.7951807228916,50.6493506493506,85.9154929577465,35.7798165137615,91.8279569892473,96.1038961038961,49.4969818913481,22.7692307692308,98.7951807228916,0,100,NA,86.5853658536585
"12",3930,523,168,93,100,93,16,523,252,515,143,101,125,135,10,481,258,477,125,139,143,143,7,473,261,616,268,0,0,884,37.3134328358209,84.9025974025974,51.8134715025907,75.6874095513748,94.0298507462687,15.0974025974026,32.5161290322581,85.3211009174312,46.6417910447761,83.6038961038961,55.3097345132743,78.2674772036474,96.2686567164179,21.9155844155844,34.9120433017591,93.1034482758621,53.3582089552239,77.4350649350649,50.709219858156,79.2358803986711,97.3880597014925,23.2142857142857,35.558583106267,95.3333333333333,0,100,NA,69.683257918552
"13",3940,279,41,196,383,113,2,362,422,280,34,195,390,119,3,356,421,288,42,187,382,113,5,362,419,475,424,0,0,899,90.3301886792453,58.7368421052632,66.1485319516407,87.1875,99.5283018867924,23.7894736842105,53.8265306122449,98.2608695652174,91.9811320754717,58.9473684210526,66.6666666666667,89.171974522293,99.2924528301887,25.0526315789474,54.1827541827542,97.5409836065574,90.0943396226415,60.6315789473684,67.1353251318102,87.2727272727273,98.8207547169811,23.7894736842105,53.6491677336748,95.7627118644068,0,100,NA,52.8364849833148
"14",3960,15,2,30,25,1,1,44,26,32,3,13,24,7,1,38,26,17,6,28,21,0,1,45,26,9,2,36,25,72,92.5925925925926,33.3333333333333,45.4545454545455,88.2352941176471,96.2962962962963,2.22222222222222,37.1428571428571,50,88.8888888888889,71.1111111111111,64.8648648648649,91.4285714285714,96.2962962962963,15.5555555555556,40.625,87.5,77.7777777777778,37.7777777777778,42.8571428571429,73.9130434782609,96.2962962962963,0,36.6197183098592,0,92.5925925925926,20,40.9836065573771,81.8181818181818
"15",4020,80,24,48,103,27,4,101,123,92,17,36,110,52,1,76,126,84,24,44,103,42,2,86,125,128,127,0,0,255,81.1023622047244,62.5,68.2119205298013,76.9230769230769,96.8503937007874,21.09375,54.9107142857143,87.0967741935484,86.6141732283465,71.875,75.3424657534247,84.4036697247707,99.2125984251969,40.625,62.3762376237624,98.1132075471698,81.1023622047244,65.625,70.0680272108844,77.7777777777778,98.4251968503937,32.8125,59.2417061611374,95.4545454545455,0,100,NA,50.1960784313725
"16",4021,88,7,24,31,64,0,48,38,92,10,20,28,67,0,45,38,87,5,25,33,67,0,45,38,29,4,83,34,150,81.5789473684211,78.5714285714286,56.3636363636364,92.6315789473684,100,57.1428571428571,44.1860465116279,100,73.6842105263158,82.1428571428571,58.3333333333333,90.1960784313726,100,59.8214285714286,45.7831325301205,100,86.8421052631579,77.6785714285714,56.8965517241379,94.5652173913043,100,59.8214285714286,45.7831325301205,100,89.4736842105263,25.8928571428571,29.0598290598291,87.8787878787879
"17",4050,93,29,244,267,6,0,331,296,155,36,182,260,10,0,327,296,169,52,168,244,6,0,331,296,337,296,0,0,633,90.2027027027027,27.5964391691395,52.2504892367906,76.2295081967213,100,1.78041543026706,47.2089314194577,100,87.8378378378378,45.9940652818991,58.8235294117647,81.151832460733,100,2.9673590504451,47.5120385232745,100,82.4324324324324,50.1483679525223,59.2233009708738,76.4705882352941,100,1.78041543026706,47.2089314194577,100,0,100,NA,53.2385466034755
"18",4060,357,71,96,101,198,12,255,160,384,69,69,103,220,8,233,164,386,72,67,100,213,15,240,157,453,172,0,0,625,58.7209302325581,78.8079470198676,51.2690355329949,83.411214953271,93.0232558139535,43.7086092715232,38.5542168674699,94.2857142857143,59.8837209302326,84.7682119205298,59.8837209302326,84.7682119205298,95.3488372093023,48.5651214128035,41.3098236775819,96.4912280701754,58.1395348837209,85.2097130242826,59.8802395209581,84.2794759825327,91.2790697674419,47.0198675496689,39.5465994962217,93.4210526315789,0,100,NA,72.48
"19",4090,33,10,118,361,0,0,151,371,55,10,96,361,3,1,148,370,48,13,103,358,0,0,151,371,151,371,0,0,522,97.3045822102426,21.8543046357616,75.3653444676409,76.7441860465116,100,0,71.0727969348659,NA,97.3045822102426,36.4238410596026,78.9934354485777,84.6153846153846,99.7304582210243,1.98675496688742,71.4285714285714,75,96.4959568733154,31.7880794701987,77.6572668112798,78.6885245901639,100,0,71.0727969348659,NA,0,100,NA,28.9272030651341
"20",4120,68,23,212,363,31,1,249,385,129,22,151,364,40,1,240,385,139,28,141,358,35,1,245,385,280,386,0,0,666,94.0414507772021,24.2857142857143,63.1304347826087,74.7252747252747,99.7409326424871,11.0714285714286,60.7255520504732,96.875,94.300518134715,46.0714285714286,70.6796116504854,85.4304635761589,99.7409326424871,14.2857142857143,61.6,97.5609756097561,92.7461139896373,49.6428571428571,71.7434869739479,83.2335329341317,99.7409326424871,12.5,61.1111111111111,97.2222222222222,0,100,NA,42.042042042042
"21",4230,121,34,163,322,38,4,246,352,143,33,141,323,50,2,234,354,143,34,141,322,56,4,228,352,284,356,0,0,640,90.4494382022472,42.6056338028169,66.3917525773196,78.0645161290323,98.876404494382,13.3802816901408,58.8628762541806,90.4761904761905,90.7303370786517,50.3521126760563,69.6120689655172,81.25,99.438202247191,17.6056338028169,60.2040816326531,96.1538461538462,90.4494382022472,50.3521126760563,69.5464362850972,80.7909604519774,98.876404494382,19.7183098591549,60.6896551724138,93.3333333333333,0,100,NA,44.375
"22",4250,137,9,30,8,107,6,60,11,160,11,7,6,125,8,42,9,123,14,44,3,111,11,56,6,23,1,144,16,184,47.0588235294118,82.0359281437126,21.0526315789474,93.8356164383562,64.7058823529412,64.0718562874251,15.4929577464789,94.6902654867257,35.2941176470588,95.8083832335329,46.1538461538462,93.5672514619883,52.9411764705882,74.8502994011976,17.6470588235294,93.984962406015,17.6470588235294,73.6526946107784,6.38297872340426,89.7810218978102,35.2941176470588,66.4670658682635,9.67741935483871,90.983606557377,94.1176470588235,13.7724550898204,10,95.8333333333333
"23",4280,157,38,245,159,14,0,388,197,195,44,207,153,23,2,379,195,261,92,141,105,25,2,377,195,402,197,0,0,599,80.7106598984772,39.0547263681592,39.3564356435644,80.5128205128205,100,3.48258706467662,33.6752136752137,100,77.6649746192893,48.5074626865672,42.5,81.5899581589958,98.9847715736041,5.72139303482587,33.9721254355401,92,53.2994923857868,64.9253731343284,42.6829268292683,73.9376770538244,98.9847715736041,6.21890547263682,34.0909090909091,92.5925925925926,0,100,NA,67.1118530884808
"24",4290,114,9,26,13,18,0,122,22,136,12,4,10,62,1,78,21,130,13,10,9,57,6,83,16,22,0,118,22,162,59.0909090909091,81.4285714285714,33.3333333333333,92.6829268292683,100,12.8571428571429,15.2777777777778,100,45.4545454545455,97.1428571428571,71.4285714285714,91.8918918918919,95.4545454545455,44.2857142857143,21.2121212121212,98.4126984126984,40.9090909090909,92.8571428571429,47.3684210526316,90.9090909090909,72.7272727272727,40.7142857142857,16.1616161616162,90.4761904761905,100,15.7142857142857,15.7142857142857,100
"25",4320,48,3,30,11,5,0,73,14,48,3,30,11,11,0,67,14,43,6,35,8,8,0,70,14,21,1,57,13,92,78.5714285714286,61.5384615384615,26.8292682926829,94.1176470588235,100,6.41025641025641,16.0919540229885,100,78.5714285714286,61.5384615384615,26.8292682926829,94.1176470588235,100,14.1025641025641,17.2839506172839,100,57.1428571428571,55.1282051282051,18.6046511627907,87.7551020408163,100,10.2564102564103,16.6666666666667,100,92.8571428571429,26.9230769230769,18.5714285714286,95.4545454545455
"26",4330,53,8,15,15,23,1,45,22,49,6,19,17,26,1,42,22,53,9,15,14,22,1,46,22,68,23,0,0,91,65.2173913043478,77.9411764705882,50,86.8852459016393,95.6521739130435,33.8235294117647,32.8358208955224,95.8333333333333,73.9130434782609,72.0588235294118,47.2222222222222,89.0909090909091,95.6521739130435,38.2352941176471,34.375,96.2962962962963,60.8695652173913,77.9411764705882,48.2758620689655,85.4838709677419,95.6521739130435,32.3529411764706,32.3529411764706,95.6521739130435,0,100,NA,74.7252747252747
"27",4430,20,5,20,50,2,0,38,55,26,2,14,53,9,0,31,55,21,6,19,49,5,0,35,55,11,2,29,53,95,90.9090909090909,50,71.4285714285714,80,100,5,59.1397849462366,100,96.3636363636364,65,79.1044776119403,92.8571428571429,100,22.5,63.953488372093,100,89.0909090909091,52.5,72.0588235294118,77.7777777777778,100,12.5,61.1111111111111,100,96.3636363636364,27.5,64.6341463414634,84.6153846153846
"28",4440,89,28,217,428,20,2,286,454,121,33,185,423,27,1,279,455,144,41,162,415,30,2,276,454,306,456,0,0,762,93.859649122807,29.0849673202614,66.3565891472868,76.0683760683761,99.5614035087719,6.5359477124183,61.3513513513513,90.9090909090909,92.7631578947368,39.5424836601307,69.5723684210526,78.5714285714286,99.780701754386,8.82352941176471,61.9891008174387,96.4285714285714,91.0087719298246,47.0588235294118,71.9237435008665,77.8378378378378,99.5614035087719,9.80392156862745,62.1917808219178,93.75,0,100,NA,40.1574803149606
"29",4470,98,24,109,122,29,5,178,141,122,25,85,121,36,5,171,141,122,31,85,115,28,6,179,140,37,13,170,133,353,83.5616438356164,47.3429951690821,52.8138528138528,80.327868852459,96.5753424657534,14.0096618357488,44.2006269592476,85.2941176470588,82.8767123287671,58.9371980676328,58.7378640776699,82.9931972789116,96.5753424657534,17.3913043478261,45.1923076923077,87.8048780487805,78.7671232876712,58.9371980676328,57.5,79.7385620915033,95.8904109589041,13.5265700483092,43.8871473354232,82.3529411764706,91.0958904109589,17.8743961352657,43.8943894389439,74
"30",4520,28,8,153,429,8,3,173,434,54,12,127,425,25,3,156,434,54,14,127,423,17,4,164,433,181,437,0,0,618,98.1693363844393,15.4696132596685,73.7113402061856,77.7777777777778,99.3135011441648,4.41988950276243,71.499176276771,72.7272727272727,97.254004576659,29.8342541436464,76.9927536231884,81.8181818181818,99.3135011441648,13.8121546961326,73.5593220338983,89.2857142857143,96.7963386727689,29.8342541436464,76.9090909090909,79.4117647058823,99.0846681922197,9.39226519337017,72.5293132328308,80.9523809523809,0,100,NA,29.2880258899676
"31",4540,44,12,28,75,25,2,47,85,55,4,17,83,41,0,31,87,43,8,29,79,23,2,49,85,17,9,55,78,159,86.2068965517241,61.1111111111111,72.8155339805825,78.5714285714286,97.7011494252874,34.7222222222222,64.3939393939394,92.5925925925926,95.4022988505747,76.3888888888889,83,93.2203389830508,100,56.9444444444444,73.728813559322,100,90.8045977011494,59.7222222222222,73.1481481481482,84.3137254901961,97.7011494252874,31.9444444444444,63.4328358208955,92,89.6551724137931,23.6111111111111,58.6466165413534,65.3846153846154
"32",4560,7,7,158,419,1,0,164,426,65,17,100,409,24,0,141,426,49,18,116,408,10,0,155,426,165,426,0,0,591,98.3568075117371,4.24242424242424,72.6169844020797,50,100,0.606060606060606,72.2033898305085,100,96.0093896713615,39.3939393939394,80.3536345776031,79.2682926829268,100,14.5454545454545,75.1322751322751,100,95.7746478873239,29.6969696969697,77.8625954198473,73.134328358209,100,6.06060606060606,73.3218588640275,100,0,100,NA,27.9187817258883
"33",4570,113,24,59,72,51,8,121,88,127,24,45,72,64,5,108,91,125,30,47,66,69,7,103,89,47,5,125,91,268,75,65.6976744186046,54.9618320610687,82.4817518248175,91.6666666666667,29.6511627906977,42.1052631578947,86.4406779661017,75,73.8372093023256,61.5384615384615,84.1059602649007,94.7916666666667,37.2093023255814,45.7286432160804,92.7536231884058,68.75,72.6744186046512,58.4070796460177,80.6451612903226,92.7083333333333,40.1162790697674,46.3541666666667,90.7894736842105,94.7916666666667,27.3255813953488,42.1296296296296,90.3846153846154
"34",4590,342,31,45,38,253,7,134,62,347,24,40,45,250,4,137,65,349,29,38,40,226,4,161,65,387,69,0,0,456,55.0724637681159,88.3720930232558,45.7831325301205,91.6890080428954,89.8550724637681,65.374677002584,31.6326530612245,97.3076923076923,65.2173913043478,89.6640826873385,52.9411764705882,93.5309973045822,94.2028985507246,64.5994832041344,32.1782178217822,98.4251968503937,57.9710144927536,90.1808785529716,51.2820512820513,92.3280423280423,94.2028985507246,58.3979328165375,28.7610619469027,98.2608695652174,0,100,NA,84.8684210526316
"35",4610,22,8,160,395,5,0,177,403,54,12,128,391,17,1,165,402,56,16,126,387,5,0,177,403,182,403,0,0,585,98.014888337469,12.0879120879121,71.1711711711712,73.3333333333333,100,2.74725274725275,69.4827586206897,100,97.0223325062035,29.6703296703297,75.3371868978805,81.8181818181818,99.7518610421836,9.34065934065934,70.8994708994709,94.4444444444444,96.029776674938,30.7692307692308,75.4385964912281,77.7777777777778,100,2.74725274725275,69.4827586206897,100,0,100,NA,31.1111111111111
"36",4620,110,37,54,113,43,4,121,146,119,30,45,120,49,5,115,145,112,35,52,115,46,3,118,147,164,150,0,0,314,75.3333333333333,67.0731707317073,67.6646706586826,74.8299319727891,97.3333333333333,26.219512195122,54.6816479400749,91.4893617021277,80,72.5609756097561,72.7272727272727,79.8657718120805,96.6666666666667,29.8780487804878,55.7692307692308,90.7407407407407,76.6666666666667,68.2926829268293,68.8622754491018,76.1904761904762,98,28.0487804878049,55.4716981132075,93.8775510204082,0,100,NA,52.2292993630573
"37",4640,104,10,13,15,80,8,37,17,107,8,10,17,75,5,42,20,98,11,19,14,71,10,46,15,33,1,84,24,142,60,88.8888888888889,53.5714285714286,91.2280701754386,68,68.3760683760684,31.4814814814815,90.9090909090909,68,91.4529914529915,62.962962962963,93.0434782608696,80,64.1025641025641,32.258064516129,93.75,56,83.7606837606838,42.4242424242424,89.9082568807339,60,60.6837606837607,24.5901639344262,87.6543209876543,96,28.2051282051282,22.2222222222222,97.0588235294118
"38",4641,11,7,23,32,1,1,33,38,19,8,15,31,3,1,31,38,9,10,25,29,0,0,34,39,34,39,0,0,73,82.051282051282,32.3529411764706,58.1818181818182,61.1111111111111,97.4358974358974,2.94117647058824,53.5211267605634,50,79.4871794871795,55.8823529411765,67.3913043478261,70.3703703703704,97.4358974358974,8.82352941176471,55.0724637681159,75,74.3589743589744,26.4705882352941,53.7037037037037,47.3684210526316,100,0,53.4246575342466,NA,0,100,NA,46.5753424657534
"39",4650,152,37,94,146,101,2,145,181,182,26,64,157,108,1,138,182,171,24,75,159,113,3,133,180,246,183,0,0,429,79.7814207650273,61.7886178861789,60.8333333333333,80.4232804232804,98.9071038251366,41.0569105691057,55.521472392638,98.0582524271845,85.792349726776,73.9837398373984,71.0407239819005,87.5,99.4535519125683,43.9024390243902,56.875,99.0825688073395,86.8852459016393,69.5121951219512,67.948717948718,87.6923076923077,98.3606557377049,45.9349593495935,57.5079872204473,97.4137931034483,0,100,NA,57.3426573426573
"40",4660,431,86,122,90,250,13,303,163,459,58,94,118,274,14,279,162,471,63,82,113,294,12,259,164,553,176,0,0,729,51.1363636363636,77.9385171790235,42.4528301886792,83.3655705996132,92.6136363636364,45.2079566003617,34.9785407725322,95.0570342205323,67.0454545454545,83.001808318264,55.6603773584906,88.7814313346228,92.0454545454545,49.5479204339964,36.734693877551,95.1388888888889,64.2045454545455,85.1717902350814,57.948717948718,88.2022471910112,93.1818181818182,53.1645569620253,38.7706855791962,96.078431372549,0,100,NA,75.8573388203018
"41",4661,134,25,60,109,67,2,127,132,136,17,58,117,71,2,123,132,120,17,74,117,61,1,133,133,194,134,0,0,328,81.3432835820896,69.0721649484536,64.4970414201183,84.2767295597484,98.5074626865672,34.5360824742268,50.965250965251,97.1014492753623,87.3134328358209,70.1030927835051,66.8571428571429,88.8888888888889,98.5074626865672,36.5979381443299,51.7647058823529,97.2602739726027,87.3134328358209,61.8556701030928,61.2565445026178,87.5912408759124,99.2537313432836,31.4432989690722,50,98.3870967741936,0,100,NA,59.1463414634146
"42",4670,131,16,89,120,13,1,207,135,133,15,87,121,30,1,190,135,121,20,99,116,19,2,201,134,220,136,0,0,356,88.2352941176471,59.5454545454545,57.4162679425837,89.1156462585034,99.2647058823529,5.90909090909091,39.4736842105263,92.8571428571429,88.9705882352941,60.4545454545455,58.1730769230769,89.8648648648649,99.2647058823529,13.6363636363636,41.5384615384615,96.7741935483871,85.2941176470588,55,53.953488372093,85.8156028368794,98.5294117647059,8.63636363636364,40,90.4761904761905,0,100,NA,61.7977528089888
"43",4680,74,12,48,44,54,2,68,54,96,11,26,45,68,0,54,56,81,15,41,41,59,3,63,53,122,56,0,0,178,78.5714285714286,60.655737704918,47.8260869565217,86.046511627907,96.4285714285714,44.2622950819672,44.2622950819672,96.4285714285714,80.3571428571429,78.6885245901639,63.3802816901408,89.7196261682243,100,55.7377049180328,50.9090909090909,100,73.2142857142857,66.3934426229508,50,84.375,94.6428571428571,48.3606557377049,45.6896551724138,95.1612903225807,0,100,NA,68.5393258426966
"44",4690,91,17,34,46,62,6,63,57,102,11,23,52,67,5,58,58,94,15,31,48,60,7,65,56,37,3,88,60,188,73.015873015873,72.8,57.5,84.2592592592593,90.4761904761905,49.6,47.5,91.1764705882353,82.5396825396825,81.6,69.3333333333333,90.2654867256637,92.0634920634921,53.6,50,93.0555555555556,76.1904761904762,75.2,60.7594936708861,86.2385321100918,88.8888888888889,48,46.2809917355372,89.5522388059701,95.2380952380952,29.6,40.5405405405405,92.5
"45",4740,348,88,118,226,200,16,266,298,362,43,104,271,277,15,189,299,365,55,101,259,262,14,204,300,466,314,0,0,780,71.9745222929936,74.6781115879828,65.6976744186046,79.8165137614679,94.9044585987261,42.9184549356223,52.8368794326241,92.5925925925926,86.3057324840764,77.6824034334764,72.2666666666667,89.3827160493827,95.2229299363057,59.4420600858369,61.2704918032787,94.8630136986301,82.484076433121,78.3261802575107,71.9444444444444,86.9047619047619,95.5414012738854,56.2231759656652,59.5238095238095,94.9275362318841,0,100,NA,59.7435897435897
"46",4750,159,28,50,101,132,8,77,121,175,22,34,107,136,4,73,125,163,30,46,99,124,6,85,123,31,17,178,112,338,78.2945736434108,76.0765550239234,66.887417218543,85.0267379679144,93.7984496124031,63.1578947368421,61.1111111111111,94.2857142857143,82.9457364341085,83.7320574162679,75.886524822695,88.8324873096447,96.8992248062015,65.0717703349282,63.1313131313131,97.1428571428571,76.7441860465116,77.9904306220096,68.2758620689655,84.4559585492228,95.3488372093023,59.3301435406699,59.1346153846154,95.3846153846154,86.8217054263566,14.8325358851675,38.6206896551724,64.5833333333333
"47",4770,46,6,90,531,30,2,106,535,62,7,74,530,35,0,101,537,63,7,73,530,27,5,109,532,136,537,0,0,673,98.8826815642458,33.8235294117647,85.5072463768116,88.4615384615385,99.6275605214153,22.0588235294118,83.4633385335413,93.75,98.6964618249534,45.5882352941176,87.7483443708609,89.8550724637681,100,25.7352941176471,84.1692789968652,100,98.6964618249534,46.3235294117647,87.893864013267,90,99.0689013035382,19.8529411764706,82.9953198127925,84.375,0,100,NA,20.2080237741456
"48",4780,103,25,33,48,70,9,66,64,103,15,33,58,75,5,61,68,104,23,32,50,67,6,69,67,136,73,0,0,209,65.7534246575342,75.7352941176471,59.2592592592593,80.46875,87.6712328767123,51.4705882352941,49.2307692307692,88.6075949367088,79.4520547945205,75.7352941176471,63.7362637362637,87.2881355932203,93.1506849315068,55.1470588235294,52.7131782945737,93.75,68.4931506849315,76.4705882352941,60.9756097560976,81.8897637795276,91.7808219178082,49.2647058823529,49.2647058823529,91.7808219178082,0,100,NA,65.0717703349282
"49",4840,114,17,22,13,32,1,104,29,117,12,19,18,27,0,109,30,117,20,19,10,41,3,95,27,136,30,0,0,166,43.3333333333333,83.8235294117647,37.1428571428571,87.0229007633588,96.6666666666667,23.5294117647059,21.8045112781955,96.969696969697,60,86.0294117647059,48.6486486486487,90.6976744186046,100,19.8529411764706,21.5827338129496,100,33.3333333333333,86.0294117647059,34.4827586206897,85.4014598540146,90,30.1470588235294,22.1311475409836,93.1818181818182,0,100,NA,81.9277108433735
"50",4860,48,20,204,253,0,1,252,272,107,27,145,246,20,1,232,272,95,22,157,251,3,1,249,272,252,273,0,0,525,92.6739926739927,19.047619047619,55.3610503282276,70.5882352941177,99.6336996336996,0,51.9083969465649,0,90.1098901098901,42.4603174603175,62.9156010230179,79.8507462686567,99.6336996336996,7.93650793650794,53.968253968254,95.2380952380952,91.9413919413919,37.6984126984127,61.5196078431373,81.1965811965812,99.6336996336996,1.19047619047619,52.2072936660269,75,0,100,NA,48
"51",4880,67,25,129,634,4,0,192,659,79,19,117,640,30,0,166,659,75,21,121,638,22,1,174,658,196,659,0,0,855,96.206373292868,34.1836734693878,83.0930537352556,72.8260869565217,100,2.04081632653061,77.4383078730905,100,97.1168437025797,40.3061224489796,84.5442536327609,80.6122448979592,100,15.3061224489796,79.8787878787879,100,96.8133535660091,38.265306122449,84.0579710144928,78.125,99.8482549317147,11.2244897959184,79.0865384615385,95.6521739130435,0,100,NA,22.9239766081871
"52",4900,38,11,66,75,0,0,104,86,62,13,42,73,1,0,103,86,46,17,58,69,2,0,102,86,104,86,0,0,190,87.2093023255814,36.5384615384615,53.1914893617021,77.5510204081633,100,0,45.2631578947368,NA,84.8837209302326,59.6153846153846,63.4782608695652,82.6666666666667,100,0.961538461538462,45.5026455026455,100,80.2325581395349,44.2307692307692,54.3307086614173,73.015873015873,100,1.92307692307692,45.7446808510638,100,0,100,NA,54.7368421052632
"53",4910,126,21,9,17,83,5,52,33,124,16,11,22,83,4,52,34,107,13,28,25,86,6,49,32,32,1,103,37,173,44.7368421052632,93.3333333333333,65.3846153846154,85.7142857142857,86.8421052631579,61.4814814814815,38.8235294117647,94.3181818181818,57.8947368421053,91.8518518518518,66.6666666666667,88.5714285714286,89.4736842105263,61.4814814814815,39.5348837209302,95.4022988505747,65.7894736842105,79.2592592592593,47.1698113207547,89.1666666666667,84.2105263157895,63.7037037037037,39.5061728395062,93.4782608695652,97.3684210526316,23.7037037037037,26.4285714285714,96.969696969697
"54",4930,75,34,194,608,6,0,263,642,91,30,178,612,30,4,239,638,88,35,181,607,24,6,245,636,269,642,0,0,911,94.7040498442368,27.8810408921933,75.8104738154614,68.8073394495413,100,2.23048327137546,70.939226519337,100,95.3271028037383,33.8289962825279,77.4683544303797,75.2066115702479,99.3769470404984,11.1524163568773,72.7480045610034,88.2352941176471,94.5482866043614,32.7137546468402,77.0304568527919,71.5447154471545,99.0654205607477,8.92193308550186,72.1906923950057,80,0,100,NA,29.5279912184413
"55",4940,103,16,116,179,42,2,177,193,157,19,62,176,63,2,156,193,140,21,79,174,65,3,154,192,219,195,0,0,414,91.7948717948718,47.0319634703196,60.6779661016949,86.5546218487395,98.974358974359,19.1780821917808,52.1621621621622,95.4545454545455,90.2564102564103,71.689497716895,73.9495798319328,89.2045454545455,98.974358974359,28.7671232876712,55.3008595988539,96.9230769230769,89.2307692307692,63.9269406392694,68.7747035573123,86.9565217391304,98.4615384615385,29.6803652968037,55.4913294797688,95.5882352941177,0,100,NA,52.8985507246377
"56",4950,4,2,228,665,1,1,231,666,40,15,192,652,4,0,228,667,45,12,187,655,0,0,232,667,232,667,0,0,899,99.7001499250375,1.72413793103448,74.468085106383,66.6666666666667,99.8500749625187,0.431034482758621,74.247491638796,50,97.7511244377811,17.2413793103448,77.2511848341232,72.7272727272727,100,1.72413793103448,74.5251396648045,100,98.2008995502249,19.3965517241379,77.790973871734,78.9473684210526,100,0,74.1935483870968,NA,0,100,NA,25.8064516129032
"57",4970,195,26,40,45,92,7,143,64,210,30,25,41,152,7,83,64,219,42,16,29,136,9,99,62,46,9,189,62,306,63.3802816901408,82.9787234042553,52.9411764705882,88.2352941176471,90.1408450704225,39.1489361702128,30.9178743961353,92.9292929292929,57.7464788732394,89.3617021276596,62.1212121212121,87.5,90.1408450704225,64.6808510638298,43.5374149659864,95.5974842767296,40.8450704225352,93.1914893617021,64.4444444444444,83.9080459770115,87.3239436619718,57.8723404255319,38.5093167701863,93.7931034482759,87.3239436619718,19.5744680851064,24.7011952191235,83.6363636363636
"58",4980,27,6,173,703,3,1,197,708,53,14,147,695,19,2,181,707,42,16,158,693,19,5,181,704,200,709,0,0,909,99.1537376586742,13.5,80.2511415525114,81.8181818181818,99.8589562764457,1.5,78.232044198895,75,98.0253878702398,26.5,82.541567695962,79.1044776119403,99.7179125528914,9.5,79.6171171171171,90.4761904761905,97.7433004231312,21,81.433607520564,72.4137931034483,99.2947813822285,9.5,79.5480225988701,79.1666666666667,0,100,NA,22.002200220022
"59",5010,52,4,211,344,16,0,247,348,92,14,171,334,26,0,237,348,87,13,176,335,25,1,238,347,263,348,0,0,611,98.8505747126437,19.7718631178707,61.981981981982,92.8571428571429,100,6.08365019011407,58.4873949579832,100,95.9770114942529,34.9809885931559,66.1386138613861,86.7924528301887,100,9.88593155893536,59.4871794871795,100,96.264367816092,33.0798479087452,65.5577299412916,87,99.7126436781609,9.50570342205323,59.3162393162393,96.1538461538462,0,100,NA,43.0441898527005
"60",5011,119,26,129,200,40,3,208,223,178,34,70,192,68,2,180,224,173,33,75,193,66,3,182,223,248,226,0,0,474,88.4955752212389,47.9838709677419,60.790273556231,82.0689655172414,98.6725663716814,16.1290322580645,51.7401392111369,93.0232558139535,84.9557522123894,71.7741935483871,73.2824427480916,83.9622641509434,99.1150442477876,27.4193548387097,55.4455445544555,97.1428571428571,85.3982300884956,69.758064516129,72.0149253731343,83.9805825242718,98.6725663716814,26.6129032258064,55.0617283950617,95.6521739130435,0,100,NA,52.3206751054852
"61",5060,128,50,138,210,30,1,236,259,174,41,92,219,49,4,217,256,171,53,95,207,41,5,225,255,266,260,0,0,526,80.7692307692308,48.1203007518797,60.3448275862069,71.9101123595506,99.6153846153846,11.2781954887218,52.3232323232323,96.7741935483871,84.2307692307692,65.4135338345865,70.4180064308682,80.9302325581395,98.4615384615385,18.4210526315789,54.122621564482,92.4528301886792,79.6153846153846,64.2857142857143,68.5430463576159,76.3392857142857,98.0769230769231,15.4135338345865,53.125,89.1304347826087,0,100,NA,50.5703422053232
"62",5070,321,40,146,279,275,4,192,315,361,28,106,291,277,2,190,317,368,29,99,290,277,3,190,316,467,319,0,0,786,87.4608150470219,68.7366167023555,65.6470588235294,88.9196675900277,98.7460815047022,58.8865096359743,62.1301775147929,98.5663082437276,91.2225705329154,77.3019271948608,73.2997481108312,92.8020565552699,99.3730407523511,59.3147751605996,62.5246548323471,99.2831541218638,90.9090909090909,78.8008565310492,74.5501285347044,92.6952141057935,99.0595611285266,59.3147751605996,62.4505928853755,98.9285714285714,0,100,NA,59.4147582697201
"63",5080,77,26,86,63,11,0,152,89,112,22,51,67,10,0,153,89,103,31,60,58,17,4,146,85,30,8,133,81,252,70.7865168539326,47.239263803681,42.2818791946309,74.7572815533981,100,6.74846625766871,36.9294605809129,100,75.2808988764045,68.7116564417178,56.7796610169492,83.5820895522388,100,6.13496932515337,36.7768595041322,100,65.1685393258427,63.1901840490798,49.1525423728814,76.865671641791,95.5056179775281,10.4294478527607,36.7965367965368,80.9523809523809,91.0112359550562,18.4049079754601,37.8504672897196,78.9473684210526
"64",5100,103,26,86,137,31,2,158,161,126,16,63,147,43,1,146,162,105,24,84,139,44,2,145,161,189,163,0,0,352,84.0490797546012,54.4973544973545,61.4349775784753,79.8449612403101,98.7730061349693,16.4021164021164,50.4702194357367,93.9393939393939,90.1840490797546,66.6666666666667,70,88.7323943661972,99.3865030674847,22.7513227513227,52.5974025974026,97.7272727272727,85.2760736196319,55.5555555555556,62.3318385650224,81.3953488372093,98.7730061349693,23.2804232804233,52.6143790849673,95.6521739130435,0,100,NA,53.6931818181818
"65",5110,55,18,136,526,18,2,173,542,69,11,122,533,26,1,165,543,68,13,123,531,24,2,167,542,191,544,0,0,735,96.6911764705882,28.7958115183246,79.4561933534743,75.3424657534247,99.6323529411765,9.42408376963351,75.8041958041958,90,97.9779411764706,36.1256544502618,81.3740458015267,86.25,99.8161764705882,13.6125654450262,76.6949152542373,96.2962962962963,97.6102941176471,35.6020942408377,81.1926605504587,83.9506172839506,99.6323529411765,12.565445026178,76.4456981664316,92.3076923076923,0,100,NA,25.9863945578231
"66",5120,122,21,31,21,66,3,87,39,140,10,13,32,73,1,80,41,128,20,25,22,70,3,83,39,28,3,125,39,195,50,79.7385620915033,40.3846153846154,85.3146853146853,92.8571428571429,43.1372549019608,30.952380952381,95.6521739130435,76.1904761904762,91.5032679738562,71.1111111111111,93.3333333333333,97.6190476190476,47.7124183006536,33.8842975206612,98.6486486486486,52.3809523809524,83.6601307189542,46.8085106382979,86.4864864864865,92.8571428571429,45.7516339869281,31.9672131147541,95.8904109589041,92.8571428571429,18.3006535947712,23.780487804878,90.3225806451613
"67",5140,217,21,26,7,60,4,183,24,235,20,8,8,106,4,137,24,230,22,13,6,102,6,141,22,243,28,0,0,271,25,89.3004115226338,21.2121212121212,91.1764705882353,85.7142857142857,24.6913580246914,11.5942028985507,93.75,28.5714285714286,96.7078189300412,50,92.156862745098,85.7142857142857,43.6213991769547,14.9068322981366,96.3636363636364,21.4285714285714,94.6502057613169,31.5789473684211,91.2698412698413,78.5714285714286,41.9753086419753,13.4969325153374,94.4444444444444,0,100,NA,89.6678966789668
"68",5170,152,45,48,72,34,2,166,115,143,28,57,89,52,3,148,114,129,27,71,90,45,5,155,112,200,117,0,0,317,61.5384615384615,76,60,77.1573604060914,98.2905982905983,17,40.9252669039146,94.4444444444444,76.0683760683761,71.5,60.958904109589,83.6257309941521,97.4358974358974,26,43.5114503816794,94.5454545454545,76.9230769230769,64.5,55.9006211180124,82.6923076923077,95.7264957264957,22.5,41.9475655430712,90,0,100,NA,63.0914826498423
"69",5180,60,6,39,26,24,2,75,30,77,11,22,21,29,1,70,31,65,6,34,26,27,0,72,32,23,0,76,32,131,81.25,60.6060606060606,40,90.9090909090909,93.75,24.2424242424242,28.5714285714286,92.3076923076923,65.625,77.7777777777778,48.8372093023256,87.5,96.875,29.2929292929293,30.6930693069307,96.6666666666667,81.25,65.6565656565657,43.3333333333333,91.5492957746479,100,27.2727272727273,30.7692307692308,100,100,23.2323232323232,29.6296296296296,100
"70",5190,131,25,307,347,5,2,433,370,245,56,193,316,18,0,420,372,235,60,203,312,21,1,417,371,438,372,0,0,810,93.2795698924731,29.9086757990868,53.0581039755352,83.974358974359,99.4623655913979,1.14155251141552,46.0772104607721,71.4285714285714,84.9462365591398,55.9360730593607,62.0825147347741,81.3953488372093,100,4.10958904109589,46.969696969697,100,83.8709677419355,53.6529680365297,60.5825242718447,79.6610169491525,99.7311827956989,4.79452054794521,47.0812182741117,95.4545454545455,0,100,NA,54.0740740740741
"71",5210,228,29,42,19,171,10,99,38,247,26,23,22,170,9,100,39,233,22,37,26,164,11,106,37,270,48,0,0,318,39.5833333333333,84.4444444444444,31.1475409836066,88.715953307393,79.1666666666667,63.3333333333333,27.7372262773723,94.475138121547,45.8333333333333,91.4814814814815,48.8888888888889,90.4761904761905,81.25,62.962962962963,28.0575539568345,94.9720670391062,54.1666666666667,86.2962962962963,41.2698412698413,91.3725490196078,77.0833333333333,60.7407407407407,25.8741258741259,93.7142857142857,0,100,NA,84.9056603773585
"72",5290,98,29,147,485,9,0,236,514,140,26,105,488,19,2,226,512,133,38,112,476,17,2,228,512,245,514,0,0,759,94.3579766536965,40,76.7405063291139,77.1653543307087,100,3.6734693877551,68.5333333333333,100,94.9416342412451,57.1428571428571,82.2934232715008,84.3373493975904,99.6108949416342,7.75510204081633,69.3766937669377,90.4761904761905,92.6070038910506,54.2857142857143,80.9523809523809,77.7777777777778,99.6108949416342,6.93877551020408,69.1891891891892,89.4736842105263,0,100,NA,32.2793148880105
"73",5300,78,30,28,28,44,8,62,50,87,17,19,41,52,2,54,56,77,23,29,35,40,7,66,51,23,7,83,51,164,48.2758620689655,73.5849056603774,50,72.2222222222222,86.2068965517241,41.5094339622642,44.6428571428571,84.6153846153846,70.6896551724138,82.0754716981132,68.3333333333333,83.6538461538462,96.551724137931,49.0566037735849,50.9090909090909,96.2962962962963,60.3448275862069,72.6415094339623,54.6875,77,87.9310344827586,37.7358490566038,43.5897435897436,85.1063829787234,87.9310344827586,21.6981132075472,38.0597014925373,76.6666666666667
"74",5330,218,34,50,52,82,9,186,77,222,32,46,54,94,12,174,74,217,34,51,52,94,13,174,73,268,86,0,0,354,60.4651162790698,81.3432835820896,50.9803921568627,86.5079365079365,89.5348837209302,30.5970149253731,29.277566539924,90.1098901098901,62.7906976744186,82.8358208955224,54,87.4015748031496,86.046511627907,35.0746268656716,29.8387096774194,88.6792452830189,60.4651162790698,80.9701492537313,50.4854368932039,86.4541832669323,84.8837209302326,35.0746268656716,29.5546558704453,87.8504672897196,0,100,NA,75.7062146892655
"75",5400,226,45,149,167,110,8,265,204,289,34,86,178,135,12,240,200,290,42,85,170,146,12,229,200,375,212,0,0,587,78.7735849056604,60.2666666666667,52.8481012658228,83.3948339483395,96.2264150943396,29.3333333333333,43.4968017057569,93.2203389830508,83.9622641509434,77.0666666666667,67.4242424242424,89.4736842105263,94.3396226415094,36,45.4545454545455,91.8367346938776,80.188679245283,77.3333333333333,66.6666666666667,87.3493975903614,94.3396226415094,38.9333333333333,46.6200466200466,92.4050632911392,0,100,NA,63.8841567291312
"76",5420,223,55,128,191,57,5,294,241,212,47,139,199,76,7,275,239,217,59,134,187,103,7,248,239,351,246,0,0,597,77.6422764227642,63.5327635327635,59.8746081504702,80.2158273381295,97.9674796747967,16.2393162393162,45.0467289719626,91.9354838709677,80.8943089430894,60.3988603988604,58.8757396449704,81.8532818532819,97.1544715447154,21.6524216524217,46.4980544747082,91.566265060241,76.0162601626016,61.8233618233618,58.2554517133956,78.6231884057971,97.1544715447154,29.3447293447293,49.0759753593429,93.6363636363636,0,100,NA,58.7939698492462
"77",5460,347,69,124,94,77,3,394,160,380,62,91,101,135,7,336,156,396,70,75,93,132,3,339,160,471,163,0,0,634,57.6687116564417,73.6730360934182,43.1192660550459,83.4134615384615,98.159509202454,16.348195329087,28.8808664259928,96.25,61.9631901840491,80.6794055201699,52.6041666666667,85.972850678733,95.7055214723926,28.6624203821656,31.7073170731707,95.0704225352113,57.0552147239264,84.0764331210191,55.3571428571429,84.9785407725322,98.159509202454,28.0254777070064,32.064128256513,97.7777777777778,0,100,NA,74.2902208201893
"78",5470,215,8,29,1,199,8,45,1,242,6,2,3,191,2,53,7,232,9,12,0,182,4,62,5,26,0,218,9,253,11.1111111111111,88.1147540983607,3.33333333333333,96.4125560538117,11.1111111111111,81.5573770491803,2.17391304347826,96.1352657004831,33.3333333333333,99.1803278688525,60,97.5806451612903,77.7777777777778,78.2786885245902,11.6666666666667,98.9637305699482,0,95.0819672131148,0,96.2655601659751,55.5555555555556,74.5901639344262,7.46268656716418,97.8494623655914,100,10.655737704918,3.9647577092511,100
"79",5520,222,41,63,113,104,9,181,145,234,35,51,119,118,7,167,147,229,33,56,121,109,5,176,149,48,17,237,137,439,73.3766233766234,77.8947368421053,64.2045454545455,84.4106463878327,94.1558441558442,36.4912280701754,44.478527607362,92.0353982300885,77.2727272727273,82.1052631578947,70,86.9888475836431,95.4545454545455,41.4035087719298,46.8152866242038,94.4,78.5714285714286,80.3508771929825,68.361581920904,87.4045801526718,96.7532467532468,38.2456140350877,45.8461538461538,95.6140350877193,88.961038961039,16.8421052631579,36.6310160427808,73.8461538461539
"80",5540,85,15,39,42,57,3,67,54,92,5,32,52,63,4,61,53,88,9,36,48,56,5,68,52,124,57,0,0,181,73.6842105263158,68.5483870967742,51.8518518518518,85,94.7368421052632,45.9677419354839,44.6280991735537,95,91.2280701754386,74.1935483870968,61.9047619047619,94.8453608247423,92.9824561403509,50.8064516129032,46.4912280701754,94.0298507462687,84.2105263157895,70.9677419354839,57.1428571428571,90.7216494845361,91.2280701754386,45.1612903225806,43.3333333333333,91.8032786885246,0,100,NA,68.5082872928177
"81",5580,74,14,29,79,47,5,56,88,83,7,20,86,53,3,50,90,72,13,31,80,40,5,63,88,103,93,0,0,196,84.9462365591398,71.8446601941748,73.1481481481482,84.0909090909091,94.6236559139785,45.6310679611651,61.1111111111111,90.3846153846154,92.4731182795699,80.5825242718447,81.1320754716981,92.2222222222222,96.7741935483871,51.4563106796116,64.2857142857143,94.6428571428571,86.0215053763441,69.9029126213592,72.0720720720721,84.7058823529412,94.6236559139785,38.8349514563107,58.2781456953642,88.8888888888889,0,100,NA,52.5510204081633
"82",5600,77,34,149,590,36,6,190,618,117,37,109,587,62,6,164,618,116,41,110,583,55,12,171,612,226,624,0,0,850,94.551282051282,34.070796460177,79.8376184032476,69.3693693693694,99.0384615384615,15.929203539823,76.4851485148515,85.7142857142857,94.0705128205128,51.7699115044248,84.3390804597701,75.974025974026,99.0384615384615,27.4336283185841,79.0281329923274,91.1764705882353,93.4294871794872,51.3274336283186,84.1269841269841,73.8853503184713,98.0769230769231,24.3362831858407,78.1609195402299,82.089552238806,0,100,NA,26.5882352941176
"83",5610,67,13,36,64,19,2,84,75,75,10,28,67,22,3,81,74,72,21,31,56,17,3,86,74,103,77,0,0,180,83.1168831168831,65.0485436893204,64,83.75,97.4025974025974,18.4466019417476,47.1698113207547,90.4761904761905,87.012987012987,72.8155339805825,70.5263157894737,88.2352941176471,96.1038961038961,21.3592233009709,47.741935483871,88,72.7272727272727,69.9029126213592,64.367816091954,77.4193548387097,96.1038961038961,16.504854368932,46.25,85,0,100,NA,57.2222222222222
"84",5620,68,11,40,62,48,2,60,71,92,8,16,65,65,3,43,70,83,18,25,55,59,4,49,69,23,9,85,64,181,84.9315068493151,62.962962962963,60.7843137254902,86.0759493670886,97.2602739726027,44.4444444444444,54.1984732824427,96,89.041095890411,85.1851851851852,80.2469135802469,92,95.8904109589041,60.1851851851852,61.9469026548673,95.5882352941177,75.3424657534247,76.8518518518518,68.75,82.1782178217822,94.5205479452055,54.6296296296296,58.4745762711864,93.6507936507936,87.6712328767123,21.2962962962963,42.9530201342282,71.875
"85",5630,81,20,143,308,8,0,216,328,129,20,95,308,41,2,183,326,123,22,101,306,28,4,196,324,224,328,0,0,552,93.9024390243902,36.1607142857143,68.2926829268293,80.1980198019802,100,3.57142857142857,60.2941176470588,100,93.9024390243902,57.5892857142857,76.4267990074442,86.5771812080537,99.390243902439,18.3035714285714,64.0471512770138,95.3488372093023,93.2926829268293,54.9107142857143,75.1842751842752,84.8275862068966,98.780487804878,12.5,62.3076923076923,87.5,0,100,NA,40.5797101449275
"86",5730,26,8,23,33,8,1,41,40,36,3,13,38,18,0,31,41,28,7,21,34,14,0,35,41,7,4,42,37,90,80.4878048780488,53.0612244897959,58.9285714285714,76.4705882352941,97.5609756097561,16.3265306122449,49.3827160493827,88.8888888888889,92.6829268292683,73.469387755102,74.5098039215686,92.3076923076923,100,36.734693877551,56.9444444444444,100,82.9268292682927,57.1428571428571,61.8181818181818,80,100,28.5714285714286,53.9473684210526,100,90.2439024390244,14.2857142857143,46.8354430379747,63.6363636363636
"87",5780,32,6,30,25,9,2,53,29,51,3,11,28,21,0,41,31,45,10,17,21,8,2,54,29,14,4,48,27,93,80.6451612903226,51.6129032258064,45.4545454545455,84.2105263157895,93.5483870967742,14.5161290322581,35.3658536585366,81.8181818181818,90.3225806451613,82.258064516129,71.7948717948718,94.4444444444444,100,33.8709677419355,43.0555555555556,100,67.741935483871,72.5806451612903,55.2631578947368,81.8181818181818,93.5483870967742,12.9032258064516,34.9397590361446,80,87.0967741935484,22.5806451612903,36,77.7777777777778
"88",5810,58,22,163,491,25,8,196,505,104,21,117,492,46,8,175,505,108,21,113,492,40,5,181,508,221,513,0,0,734,95.7115009746589,26.2443438914027,75.0764525993884,72.5,98.4405458089669,11.3122171945701,72.0399429386591,75.7575757575758,95.906432748538,47.0588235294118,80.7881773399015,83.2,98.4405458089669,20.8144796380091,74.2647058823529,85.1851851851852,95.906432748538,48.868778280543,81.3223140495868,83.7209302325581,99.0253411306043,18.0995475113122,73.7300435413643,88.8888888888889,0,100,NA,30.1089918256131
"89",5830,139,15,31,50,81,4,89,61,139,10,31,55,84,3,86,62,129,15,41,50,74,6,96,59,170,65,0,0,235,76.9230769230769,81.7647058823529,61.7283950617284,90.2597402597403,93.8461538461538,47.6470588235294,40.6666666666667,95.2941176470588,84.6153846153846,81.7647058823529,63.953488372093,93.2885906040269,95.3846153846154,49.4117647058824,41.8918918918919,96.551724137931,76.9230769230769,75.8823529411765,54.9450549450549,89.5833333333333,90.7692307692308,43.5294117647059,38.0645161290323,92.5,0,100,NA,72.3404255319149
"90",5840,191,49,63,70,131,16,123,103,207,25,47,94,147,5,107,114,188,31,66,88,128,7,126,112,254,119,0,0,373,58.8235294117647,75.1968503937008,52.6315789473684,79.5833333333333,86.5546218487395,51.5748031496063,45.575221238938,89.1156462585034,78.9915966386555,81.496062992126,66.6666666666667,89.2241379310345,95.7983193277311,57.8740157480315,51.5837104072398,96.7105263157895,73.9495798319328,74.0157480314961,57.1428571428571,85.8447488584475,94.1176470588235,50.3937007874016,47.0588235294118,94.8148148148148,0,100,NA,68.0965147453083
"91",5850,92,16,28,29,58,7,62,38,101,14,19,31,68,6,52,39,96,17,24,28,65,4,55,41,120,45,0,0,165,64.4444444444444,76.6666666666667,50.8771929824561,85.1851851851852,84.4444444444444,48.3333333333333,38,89.2307692307692,68.8888888888889,84.1666666666667,62,87.8260869565217,86.6666666666667,56.6666666666667,42.8571428571429,91.8918918918919,62.2222222222222,80,53.8461538461538,84.9557522123894,91.1111111111111,54.1666666666667,42.7083333333333,94.2028985507246,0,100,NA,72.7272727272727
"92",5870,298,42,103,290,227,3,174,329,326,42,75,290,228,2,173,330,319,41,82,291,229,2,172,330,401,332,0,0,733,87.3493975903614,74.3142144638404,73.7913486005089,87.6470588235294,99.0963855421687,56.6084788029925,65.4075546719682,98.695652173913,87.3493975903614,81.2967581047382,79.4520547945205,88.5869565217391,99.3975903614458,56.857855361596,65.6063618290258,99.1304347826087,87.6506024096386,79.5511221945137,78.0160857908847,88.6111111111111,99.3975903614458,57.1072319201995,65.7370517928287,99.1341991341991,0,100,NA,54.7066848567531
"93",5880,65,27,68,79,14,2,119,104,90,19,43,87,19,1,114,105,79,31,54,75,25,5,108,101,133,106,0,0,239,74.5283018867924,48.8721804511278,53.7414965986395,70.6521739130435,98.1132075471698,10.5263157894737,46.6367713004484,87.5,82.0754716981132,67.6691729323308,66.9230769230769,82.5688073394495,99.0566037735849,14.2857142857143,47.945205479452,95,70.7547169811321,59.3984962406015,58.1395348837209,71.8181818181818,95.2830188679245,18.796992481203,48.3253588516746,83.3333333333333,0,100,NA,55.6485355648536
"94",5900,57,17,22,40,31,4,48,53,62,8,17,49,41,1,38,56,51,18,28,39,33,4,46,53,27,3,52,54,136,70.1754385964912,72.1518987341772,64.5161290322581,77.027027027027,92.9824561403509,39.2405063291139,52.4752475247525,88.5714285714286,85.9649122807018,78.4810126582278,74.2424242424242,88.5714285714286,98.2456140350877,51.8987341772152,59.5744680851064,97.6190476190476,68.4210526315789,64.5569620253165,58.2089552238806,73.9130434782609,92.9824561403509,41.7721518987342,53.5353535353535,89.1891891891892,94.7368421052632,34.1772151898734,50.9433962264151,90
"95",5930,46,6,69,481,23,2,92,485,55,8,60,479,26,2,89,485,47,11,68,476,22,3,93,484,115,487,0,0,602,98.7679671457906,40,87.4545454545455,88.4615384615385,99.5893223819302,20,84.0554592720971,92,98.3572895277207,47.8260869565217,88.8682745825603,87.3015873015873,99.5893223819302,22.6086956521739,84.4947735191638,92.8571428571429,97.741273100616,40.8695652173913,87.5,81.0344827586207,99.3839835728953,19.1304347826087,83.8821490467938,88,0,100,NA,19.1029900332226
"96",5950,111,23,113,198,53,3,171,218,135,18,89,203,72,1,152,220,121,15,103,206,66,3,158,218,224,221,0,0,445,89.5927601809955,49.5535714285714,63.6655948553055,82.8358208955224,98.6425339366516,23.6607142857143,56.0411311053985,94.6428571428571,91.8552036199095,60.2678571428571,69.5205479452055,88.2352941176471,99.5475113122172,32.1428571428571,59.1397849462366,98.6301369863014,93.2126696832579,54.0178571428571,66.6666666666667,88.9705882352941,98.6425339366516,29.4642857142857,57.9787234042553,95.6521739130435,0,100,NA,50.3370786516854
"97",5960,98,38,45,87,44,5,99,120,107,26,36,99,50,6,93,119,101,33,42,92,42,10,101,115,143,125,0,0,268,69.6,68.5314685314685,65.9090909090909,72.0588235294118,96,30.7692307692308,54.7945205479452,89.7959183673469,79.2,74.8251748251748,73.3333333333333,80.4511278195489,95.2,34.965034965035,56.1320754716981,89.2857142857143,73.6,70.6293706293706,68.6567164179104,75.3731343283582,92,29.3706293706294,53.2407407407407,80.7692307692308,0,100,NA,53.3582089552239
"98",5970,51,20,125,218,8,0,168,238,95,25,81,213,19,1,157,237,97,28,79,210,20,0,156,238,176,238,0,0,414,91.5966386554622,28.9772727272727,63.5568513119534,71.830985915493,100,4.54545454545455,58.6206896551724,100,89.4957983193277,53.9772727272727,72.4489795918367,79.1666666666667,99.5798319327731,10.7954545454545,60.1522842639594,95,88.2352941176471,55.1136363636364,72.6643598615917,77.6,100,11.3636363636364,60.4060913705584,100,0,100,NA,42.512077294686
"99",5980,108,15,106,454,76,1,138,468,150,11,64,458,98,2,116,467,150,13,64,456,100,3,114,466,214,469,0,0,683,96.8017057569296,50.4672897196262,81.0714285714286,87.8048780487805,99.7867803837953,35.5140186915888,77.2277227722772,98.7012987012987,97.6545842217484,70.0934579439252,87.7394636015326,93.167701863354,99.5735607675906,45.7943925233645,80.1029159519725,98,97.228144989339,70.0934579439252,87.6923076923077,92.0245398773006,99.3603411513859,46.7289719626168,80.3448275862069,97.0873786407767,0,100,NA,31.3323572474378
"100",5990,88,26,44,50,28,3,104,73,107,30,25,46,38,5,94,71,100,35,32,41,36,8,96,68,33,10,99,66,208,65.7894736842105,66.6666666666667,53.1914893617021,77.1929824561403,96.0526315789474,21.2121212121212,41.2429378531073,90.3225806451613,60.5263157894737,81.0606060606061,64.7887323943662,78.1021897810219,93.4210526315789,28.7878787878788,43.030303030303,88.3720930232558,53.9473684210526,75.7575757575758,56.1643835616438,74.0740740740741,89.4736842105263,27.2727272727273,41.4634146341463,81.8181818181818,86.8421052631579,25,40,76.7441860465116
"101",6010,30,9,15,34,13,1,32,42,35,3,10,40,17,1,28,42,28,10,17,33,9,0,36,43,45,43,0,0,88,79.0697674418605,66.6666666666667,69.3877551020408,76.9230769230769,97.6744186046512,28.8888888888889,56.7567567567568,92.8571428571429,93.0232558139535,77.7777777777778,80,92.1052631578947,97.6744186046512,37.7777777777778,60,94.4444444444444,76.7441860465116,62.2222222222222,66,73.6842105263158,100,20,54.4303797468354,100,0,100,NA,51.1363636363636
"102",6040,120,38,57,142,33,1,144,179,142,34,35,146,55,1,122,179,142,37,35,143,46,3,131,177,43,17,134,163,357,78.8888888888889,67.7966101694915,71.356783919598,75.9493670886076,99.4444444444444,18.6440677966102,55.4179566563467,97.0588235294118,81.1111111111111,80.225988700565,80.6629834254144,80.6818181818182,99.4444444444444,31.0734463276836,59.468438538206,98.2142857142857,79.4444444444444,80.225988700565,80.3370786516854,79.3296089385475,98.3333333333333,25.9887005649718,57.4675324675325,93.8775510204082,90.5555555555556,24.2937853107345,54.8821548821549,71.6666666666667
"103",6050,56,9,19,19,18,1,57,27,68,7,7,21,29,0,46,28,66,7,9,21,25,0,50,28,17,0,58,28,103,67.8571428571429,74.6666666666667,50,86.1538461538462,96.4285714285714,24,32.1428571428571,94.7368421052632,75,90.6666666666667,75,90.6666666666667,100,38.6666666666667,37.8378378378378,100,75,88,70,90.4109589041096,100,33.3333333333333,35.8974358974359,100,100,22.6666666666667,32.5581395348837,100
"104",6070,59,22,50,87,13,0,96,109,64,16,45,93,25,1,84,108,58,21,51,88,13,3,96,106,109,109,0,0,218,79.8165137614679,54.1284403669725,63.5036496350365,72.8395061728395,100,11.9266055045872,53.1707317073171,100,85.3211009174312,58.7155963302752,67.3913043478261,80,99.0825688073395,22.9357798165138,56.25,96.1538461538462,80.7339449541284,53.2110091743119,63.3093525179856,73.4177215189873,97.2477064220184,11.9266055045872,52.4752475247525,81.25,0,100,NA,50
"105",6080,141,49,93,186,2,0,232,235,156,30,78,205,23,3,211,232,154,32,80,203,23,4,211,231,234,235,0,0,469,79.1489361702128,60.2564102564103,66.6666666666667,74.2105263157895,100,0.854700854700855,50.321199143469,100,87.2340425531915,66.6666666666667,72.4381625441696,83.8709677419355,98.7234042553192,9.82905982905983,52.3702031602709,88.4615384615385,86.3829787234043,65.8119658119658,71.7314487632509,82.7956989247312,98.2978723404255,9.82905982905983,52.262443438914,85.1851851851852,0,100,NA,49.8933901918977
"106",6100,100,31,54,145,24,3,130,173,115,22,39,154,66,1,88,175,109,30,45,146,54,3,100,173,154,176,0,0,330,82.3863636363636,64.9350649350649,72.8643216080402,76.3358778625954,98.2954545454545,15.5844155844156,57.0957095709571,88.8888888888889,87.5,74.6753246753247,79.7927461139896,83.9416058394161,99.4318181818182,42.8571428571429,66.5399239543726,98.5074626865672,82.9545454545455,70.7792207792208,76.4397905759162,78.4172661870504,98.2954545454545,35.0649350649351,63.3699633699634,94.7368421052632,0,100,NA,46.6666666666667
"107",6110,310,42,122,172,108,11,324,203,349,49,83,165,164,6,268,208,347,55,85,159,168,6,264,208,432,214,0,0,646,80.3738317757009,71.7592592592593,58.5034013605442,88.0681818181818,94.8598130841121,25,38.5199240986717,90.7563025210084,77.1028037383178,80.787037037037,66.5322580645161,87.6884422110553,97.196261682243,37.962962962963,43.6974789915966,96.4705882352941,74.2990654205608,80.3240740740741,65.1639344262295,86.318407960199,97.196261682243,38.8888888888889,44.0677966101695,96.551724137931,0,100,NA,66.8730650154799
"108",6120,197,44,293,252,0,0,490,296,345,113,145,183,17,2,473,294,343,129,147,167,79,14,411,282,490,296,0,0,786,85.1351351351351,40.2040816326531,46.2385321100917,81.7427385892116,100,0,37.6590330788804,NA,61.8243243243243,70.4081632653061,55.7926829268293,75.3275109170306,99.3243243243243,3.46938775510204,38.3311603650587,89.4736842105263,56.4189189189189,70,53.1847133757962,72.6694915254237,95.2702702702703,16.1224489795918,40.6926406926407,84.9462365591398,0,100,NA,62.3409669211196
"109",6130,42,26,196,635,6,0,232,661,77,35,161,626,12,0,226,661,74,32,164,629,9,4,229,657,238,661,0,0,899,96.0665658093797,17.6470588235294,76.4139590854392,61.7647058823529,100,2.52100840336134,74.020156774916,100,94.7049924357035,32.3529411764706,79.5425667090216,68.75,100,5.04201680672269,74.5208568207441,100,95.1588502269289,31.0924369747899,79.3190416141236,69.811320754717,99.3948562783661,3.78151260504202,74.1534988713318,69.2307692307692,0,100,NA,26.4738598442714
"110",6140,165,42,208,340,19,0,354,382,191,43,182,339,37,1,336,381,197,48,176,334,29,2,344,380,373,382,0,0,755,89.0052356020942,44.2359249329759,62.043795620438,79.7101449275362,100,5.09383378016086,51.9021739130435,100,88.7434554973822,51.2064343163539,65.0671785028791,81.6239316239316,99.738219895288,9.91957104557641,53.1380753138075,97.3684210526316,87.434554973822,52.8150134048257,65.4901960784314,80.4081632653061,99.4764397905759,7.77479892761394,52.4861878453039,93.5483870967742,0,100,NA,49.4039735099338
"111",6150,113,30,71,63,31,5,153,88,141,24,43,69,55,2,129,91,133,30,51,63,41,5,143,88,184,93,0,0,277,67.741935483871,61.4130434782609,47.0149253731343,79.020979020979,94.6236559139785,16.8478260869565,36.5145228215768,86.1111111111111,74.1935483870968,76.6304347826087,61.6071428571429,85.4545454545455,97.8494623655914,29.8913043478261,41.3636363636364,96.4912280701754,67.741935483871,72.2826086956522,55.2631578947368,81.5950920245399,94.6236559139785,22.2826086956522,38.0952380952381,89.1304347826087,0,100,NA,66.4259927797834
"112",6160,445,50,90,24,282,21,253,53,510,53,25,21,320,16,215,58,496,57,39,17,294,22,241,52,535,74,0,0,609,32.4324324324324,83.1775700934579,21.0526315789474,89.8989898989899,71.6216216216216,52.7102803738318,17.3202614379085,93.0693069306931,28.3783783783784,95.3271028037383,45.6521739130435,90.5861456483126,78.3783783783784,59.8130841121495,21.2454212454212,95.2380952380952,22.972972972973,92.7102803738318,30.3571428571429,89.6925858951175,70.2702702702703,54.9532710280374,17.7474402730375,93.0379746835443,0,100,NA,87.8489326765189
"113",6170,186,30,442,222,12,1,616,251,472,128,156,124,70,2,558,250,488,134,140,118,93,7,535,245,628,252,0,0,880,88.0952380952381,29.6178343949045,33.433734939759,86.1111111111111,99.6031746031746,1.91082802547771,28.9504036908881,92.3076923076923,49.2063492063492,75.1592356687898,44.2857142857143,78.6666666666667,99.2063492063492,11.1464968152866,30.9405940594059,97.2222222222222,46.8253968253968,77.7070063694268,45.7364341085271,78.4565916398714,97.2222222222222,14.8089171974522,31.4102564102564,93,0,100,NA,71.3636363636364
"114",6190,135,22,177,321,52,4,260,339,163,24,149,319,51,3,261,340,162,25,150,318,47,3,265,340,312,343,0,0,655,93.5860058309038,43.2692307692308,64.4578313253012,85.9872611464968,98.8338192419825,16.6666666666667,56.5943238731219,92.8571428571429,93.002915451895,52.2435897435897,68.1623931623932,87.1657754010695,99.1253644314869,16.3461538461538,56.5723793677205,94.4444444444444,92.7113702623907,51.9230769230769,67.948717948718,86.6310160427808,99.1253644314869,15.0641025641026,56.198347107438,94,0,100,NA,47.6335877862595
"115",6220,503,65,50,48,372,10,181,103,501,48,52,65,368,8,185,105,486,43,67,70,350,6,203,107,553,113,0,0,666,42.4778761061947,90.9584086799277,48.9795918367347,88.556338028169,91.1504424778761,67.2694394213381,36.2676056338028,97.3821989528796,57.5221238938053,90.5967450271248,55.5555555555556,91.2568306010929,92.9203539823009,66.5461121157324,36.2068965517241,97.8723404255319,61.9469026548673,87.8842676311031,51.0948905109489,91.8714555765595,94.6902654867257,63.2911392405063,34.5161290322581,98.314606741573,0,100,NA,83.033033033033
"116",6240,127,41,125,445,84,4,168,482,162,27,90,459,84,3,168,483,165,37,87,449,79,7,173,479,252,486,0,0,738,91.5637860082305,50.3968253968254,78.0701754385965,75.5952380952381,99.1769547325103,33.3333333333333,74.1538461538462,95.4545454545455,94.4444444444444,64.2857142857143,83.6065573770492,85.7142857142857,99.3827160493827,33.3333333333333,74.1935483870968,96.551724137931,92.3868312757202,65.4761904761905,83.7686567164179,81.6831683168317,98.559670781893,31.3492063492063,73.4662576687116,91.8604651162791,0,100,NA,34.1463414634146
"117",6270,243,89,195,262,127,10,311,341,279,59,159,292,155,9,283,342,272,55,166,296,159,12,279,339,438,351,0,0,789,74.6438746438746,55.4794520547945,57.3304157549234,73.1927710843374,97.1509971509972,28.9954337899543,52.3006134969325,92.7007299270073,83.1908831908832,63.6986301369863,64.7450110864745,82.5443786982248,97.4358974358974,35.3881278538813,54.72,94.5121951219512,84.3304843304843,62.1004566210046,64.0692640692641,83.1804281345566,96.5811965811966,36.3013698630137,54.8543689320388,92.9824561403509,0,100,NA,55.5133079847909
"118",6280,201,77,97,137,18,2,280,212,217,70,81,144,39,3,259,211,204,68,94,146,47,6,251,208,298,214,0,0,512,64.018691588785,67.4496644295302,58.5470085470086,72.3021582733813,99.0654205607477,6.04026845637584,43.0894308943089,90,67.2897196261682,72.8187919463087,64,75.609756097561,98.5981308411215,13.0872483221477,44.8936170212766,92.8571428571429,68.2242990654206,68.4563758389262,60.8333333333333,75,97.196261682243,15.7718120805369,45.3159041394335,88.6792452830189,0,100,NA,58.203125
"119",6290,89,23,63,66,1,0,151,89,111,18,41,71,4,1,148,88,103,20,49,69,2,0,150,89,152,89,0,0,241,74.1573033707865,58.5526315789474,51.1627906976744,79.4642857142857,100,0.657894736842105,37.0833333333333,100,79.7752808988764,73.0263157894737,63.3928571428571,86.046511627907,98.876404494382,2.63157894736842,37.2881355932203,80,77.5280898876404,67.7631578947368,58.4745762711864,83.739837398374,100,1.31578947368421,37.2384937238494,100,0,100,NA,63.0705394190871
"120",6291,26,4,29,34,6,0,49,38,36,4,19,34,13,1,42,37,30,6,25,32,7,1,48,37,15,4,40,34,93,89.4736842105263,47.2727272727273,53.968253968254,86.6666666666667,100,10.9090909090909,43.6781609195402,100,89.4736842105263,65.4545454545455,64.1509433962264,90,97.3684210526316,23.6363636363636,46.8354430379747,92.8571428571429,84.2105263157895,54.5454545454545,56.140350877193,83.3333333333333,97.3684210526316,12.7272727272727,43.5294117647059,87.5,89.4736842105263,27.2727272727273,45.945945945946,78.9473684210526
"121",6292,24,7,36,24,11,3,49,28,50,2,10,29,12,2,48,29,33,16,27,15,11,6,49,25,22,2,38,29,91,77.4193548387097,40,40,77.4193548387097,90.3225806451613,18.3333333333333,36.3636363636364,78.5714285714286,93.5483870967742,83.3333333333333,74.3589743589744,96.1538461538462,93.5483870967742,20,37.6623376623377,85.7142857142857,48.3870967741936,55,35.7142857142857,67.3469387755102,80.6451612903226,18.3333333333333,33.7837837837838,64.7058823529412,93.5483870967742,36.6666666666667,43.2835820895522,91.6666666666667
"122",6310,132,25,53,184,92,6,93,203,142,23,43,186,91,1,94,208,142,24,43,185,85,6,100,203,185,209,0,0,394,88.0382775119617,71.3513513513514,77.6371308016878,84.0764331210191,97.1291866028708,49.7297297297297,68.5810810810811,93.8775510204082,88.9952153110048,76.7567567567568,81.2227074235808,86.0606060606061,99.5215311004785,49.1891891891892,68.8741721854305,98.9130434782609,88.5167464114833,76.7567567567568,81.140350877193,85.5421686746988,97.1291866028708,45.945945945946,66.996699669967,93.4065934065934,0,100,NA,46.9543147208122
"123",6330,118,23,23,24,53,9,88,38,131,19,10,28,68,2,73,45,123,23,18,24,65,5,76,42,32,11,109,36,188,51.063829787234,83.6879432624114,51.063829787234,83.6879432624114,80.8510638297872,37.5886524822695,30.1587301587302,85.4838709677419,59.5744680851064,92.9078014184397,73.6842105263158,87.3333333333333,95.7446808510638,48.2269503546099,38.135593220339,97.1428571428571,51.063829787234,87.2340425531915,57.1428571428571,84.2465753424658,89.3617021276596,46.0992907801418,35.5932203389831,92.8571428571429,76.5957446808511,22.6950354609929,24.8275862068966,74.4186046511628
"124",6360,231,69,70,91,75,5,226,155,238,53,63,107,83,7,218,153,235,53,66,107,79,7,222,153,301,160,0,0,461,56.875,76.7441860465116,56.5217391304348,77,96.875,24.9169435215947,40.6824146981627,93.75,66.875,79.0697674418605,62.9411764705882,81.786941580756,95.625,27.5747508305648,41.2398921832884,92.2222222222222,66.875,78.0730897009967,61.849710982659,81.5972222222222,95.625,26.2458471760797,40.8,91.8604651162791,0,100,NA,65.29284164859
"125",6370,235,17,32,25,169,5,98,37,244,14,23,28,170,3,97,39,235,22,32,20,179,8,88,34,267,42,0,0,309,59.5238095238095,88.0149812734082,43.859649122807,93.2539682539683,88.0952380952381,63.2958801498127,27.4074074074074,97.1264367816092,66.6666666666667,91.3857677902622,54.9019607843137,94.5736434108527,92.8571428571429,63.6704119850187,28.6764705882353,98.2658959537572,47.6190476190476,88.0149812734082,38.4615384615385,91.4396887159533,80.9523809523809,67.0411985018727,27.8688524590164,95.7219251336899,0,100,NA,86.4077669902913
"126",6390,213,48,19,6,76,4,156,50,215,34,17,20,113,4,119,50,208,31,24,23,123,9,109,45,232,54,0,0,286,11.1111111111111,91.8103448275862,24,81.6091954022989,92.5925925925926,32.7586206896552,24.2718446601942,95,37.037037037037,92.6724137931034,54.0540540540541,86.3453815261044,92.5925925925926,48.7068965517241,29.585798816568,96.5811965811966,42.5925925925926,89.6551724137931,48.936170212766,87.0292887029289,83.3333333333333,53.0172413793103,29.2207792207792,93.1818181818182,0,100,NA,81.1188811188811
"127",6410,263,26,48,13,148,7,163,32,285,19,26,20,172,5,139,34,268,18,43,21,168,7,143,32,311,39,0,0,350,33.3333333333333,84.5659163987138,21.3114754098361,91.0034602076124,82.051282051282,47.588424437299,16.4102564102564,95.4838709677419,51.2820512820513,91.6398713826367,43.4782608695652,93.75,87.1794871794872,55.3054662379421,19.6531791907514,97.1751412429379,53.8461538461538,86.1736334405145,32.8125,93.7062937062937,82.051282051282,54.0192926045016,18.2857142857143,96,0,100,NA,88.8571428571429
"128",6420,254,6,14,11,235,3,33,14,264,6,4,11,227,2,41,15,260,10,8,7,226,4,42,13,268,17,0,0,285,64.7058823529412,94.7761194029851,44,97.6923076923077,82.3529411764706,87.6865671641791,29.7872340425532,98.7394957983193,64.7058823529412,98.5074626865672,73.3333333333333,97.7777777777778,88.2352941176471,84.7014925373134,26.7857142857143,99.1266375545851,41.1764705882353,97.0149253731343,46.6666666666667,96.2962962962963,76.4705882352941,84.3283582089552,23.6363636363636,98.2608695652174,0,100,NA,94.0350877192982
"129",6450,127,30,48,46,72,5,103,71,137,15,38,61,69,4,106,72,129,20,46,56,67,4,108,72,175,76,0,0,251,60.5263157894737,72.5714285714286,48.936170212766,80.8917197452229,93.4210526315789,41.1428571428571,40.8045977011494,93.5064935064935,80.2631578947368,78.2857142857143,61.6161616161616,90.1315789473684,94.7368421052632,39.4285714285714,40.4494382022472,94.5205479452055,73.6842105263158,73.7142857142857,54.9019607843137,86.5771812080537,94.7368421052632,38.2857142857143,40,94.3661971830986,0,100,NA,69.7211155378486
"130",6460,107,15,55,58,58,1,104,72,133,9,29,64,75,1,87,72,123,13,39,60,57,3,105,70,162,73,0,0,235,79.4520547945205,66.0493827160494,51.3274336283186,87.7049180327869,98.6301369863014,35.8024691358025,40.9090909090909,98.3050847457627,87.6712328767123,82.0987654320988,68.8172043010753,93.6619718309859,98.6301369863014,46.2962962962963,45.2830188679245,98.6842105263158,82.1917808219178,75.9259259259259,60.6060606060606,90.4411764705882,95.8904109589041,35.1851851851852,40,95,0,100,NA,68.936170212766
"131",6480,163,47,106,145,8,0,261,192,196,46,73,146,36,2,233,190,187,48,82,144,30,2,239,190,269,192,0,0,461,75.5208333333333,60.5947955390335,57.7689243027888,77.6190476190476,100,2.97397769516729,42.3841059602649,100,76.0416666666667,72.8624535315985,66.6666666666667,80.9917355371901,98.9583333333333,13.3828996282528,44.9172576832151,94.7368421052632,75,69.5167286245353,63.716814159292,79.5744680851064,98.9583333333333,11.1524163568773,44.2890442890443,93.75,0,100,NA,58.351409978308
"132",6520,201,49,156,396,32,7,325,438,218,55,139,390,54,8,303,437,224,52,133,393,73,6,284,439,357,445,0,0,802,88.9887640449438,56.3025210084034,71.7391304347826,80.4,98.4269662921348,8.96358543417367,57.4049803407602,82.051282051282,87.6404494382023,61.0644257703081,73.7240075614367,79.8534798534799,98.2022471910112,15.1260504201681,59.054054054054,87.0967741935484,88.314606741573,62.7450980392157,74.7148288973384,81.1594202898551,98.6516853932584,20.4481792717087,60.7192254495159,92.4050632911392,0,100,NA,44.5137157107232
"133",6540,91,21,26,31,34,3,83,49,98,18,19,34,46,1,71,51,93,20,24,32,40,0,77,52,117,52,0,0,169,59.6153846153846,77.7777777777778,54.3859649122807,81.25,94.2307692307692,29.0598290598291,37.1212121212121,91.8918918918919,65.3846153846154,83.7606837606838,64.1509433962264,84.4827586206897,98.0769230769231,39.3162393162393,41.8032786885246,97.8723404255319,61.5384615384615,79.4871794871795,57.1428571428571,82.3008849557522,100,34.1880341880342,40.3100775193798,100,0,100,NA,69.2307692307692
"134",6550,251,15,45,77,195,0,101,92,263,11,33,81,205,0,91,92,259,16,37,76,200,0,96,92,296,92,0,0,388,83.695652173913,84.7972972972973,63.1147540983607,94.3609022556391,100,65.8783783783784,47.6683937823834,100,88.0434782608696,88.8513513513514,71.0526315789474,95.985401459854,100,69.2567567567568,50.2732240437158,100,82.6086956521739,87.5,67.2566371681416,94.1818181818182,100,67.5675675675676,48.936170212766,100,0,100,NA,76.2886597938144
"135",6570,96,27,29,41,18,1,107,67,101,15,24,53,48,2,77,66,93,22,32,46,35,2,90,66,125,68,0,0,193,60.2941176470588,76.8,58.5714285714286,78.0487804878049,98.5294117647059,14.4,38.5057471264368,94.7368421052632,77.9411764705882,80.8,68.8311688311688,87.0689655172414,97.0588235294118,38.4,46.1538461538462,96,67.6470588235294,74.4,58.974358974359,80.8695652173913,97.0588235294118,28,42.3076923076923,94.5945945945946,0,100,NA,64.7668393782383
"136",6580,156,7,19,6,109,2,66,11,166,3,9,10,106,1,69,12,154,6,21,7,111,2,64,11,21,0,154,13,188,46.1538461538462,89.1428571428571,24,95.7055214723926,84.6153846153846,62.2857142857143,14.2857142857143,98.1981981981982,76.9230769230769,94.8571428571429,52.6315789473684,98.2248520710059,92.3076923076923,60.5714285714286,14.8148148148148,99.0654205607477,53.8461538461538,88,25,96.25,84.6153846153846,63.4285714285714,14.6666666666667,98.2300884955752,100,12,7.78443113772455,100
"137",6590,74,10,47,129,19,1,102,138,80,7,41,132,30,0,91,139,75,18,46,121,19,1,102,138,121,139,0,0,260,92.8057553956834,61.1570247933884,73.2954545454545,88.0952380952381,99.2805755395683,15.702479338843,57.5,95,94.9640287769784,66.1157024793389,76.3005780346821,91.9540229885057,100,24.7933884297521,60.4347826086956,100,87.0503597122302,61.9834710743802,72.4550898203593,80.6451612903226,99.2805755395683,15.702479338843,57.5,95,0,100,NA,46.5384615384615
"138",6620,111,33,35,37,61,3,85,67,124,22,22,48,69,4,77,66,114,28,32,42,64,4,82,66,146,70,0,0,216,52.8571428571429,76.027397260274,51.3888888888889,77.0833333333333,95.7142857142857,41.7808219178082,44.078947368421,95.3125,68.5714285714286,84.9315068493151,68.5714285714286,84.9315068493151,94.2857142857143,47.2602739726027,46.1538461538462,94.5205479452055,60,78.0821917808219,56.7567567567568,80.2816901408451,94.2857142857143,43.8356164383562,44.5945945945946,94.1176470588235,0,100,NA,67.5925925925926
"139",6630,163,29,42,40,70,6,135,63,187,30,18,39,79,5,126,64,176,39,29,30,75,4,130,65,205,69,0,0,274,57.9710144927536,79.5121951219512,48.780487804878,84.8958333333333,91.304347826087,34.1463414634146,31.8181818181818,92.1052631578947,56.5217391304348,91.219512195122,68.4210526315789,86.1751152073733,92.7536231884058,38.5365853658537,33.6842105263158,94.0476190476191,43.4782608695652,85.8536585365854,50.8474576271186,81.8604651162791,94.2028985507246,36.5853658536585,33.3333333333333,94.9367088607595,0,100,NA,74.8175182481752
"140",6650,87,22,10,23,45,12,52,33,79,17,18,28,49,4,48,41,85,19,12,26,46,8,51,37,97,45,0,0,142,51.1111111111111,89.6907216494845,69.6969696969697,79.8165137614679,73.3333333333333,46.3917525773196,38.8235294117647,78.9473684210526,62.2222222222222,81.4432989690722,60.8695652173913,82.2916666666667,91.1111111111111,50.5154639175258,46.0674157303371,92.4528301886792,57.7777777777778,87.6288659793814,68.4210526315789,81.7307692307692,82.2222222222222,47.4226804123711,42.0454545454545,85.1851851851852,0,100,NA,68.3098591549296
"141",6670,125,25,52,74,55,2,122,97,133,16,44,83,65,2,112,97,121,14,56,85,52,4,125,95,177,99,0,0,276,74.7474747474748,70.6214689265537,58.7301587301587,83.3333333333333,97.979797979798,31.0734463276836,44.2922374429224,96.4912280701754,83.8383838383838,75.1412429378531,65.3543307086614,89.261744966443,97.979797979798,36.7231638418079,46.4114832535885,97.0149253731343,85.8585858585859,68.361581920904,60.2836879432624,89.6296296296296,95.959595959596,29.3785310734463,43.1818181818182,92.8571428571429,0,100,NA,64.1304347826087
"142",6680,21,7,26,18,4,0,43,25,31,1,16,24,11,1,36,24,16,5,31,20,1,2,46,23,47,25,0,0,72,72,44.6808510638298,40.9090909090909,75,100,8.51063829787234,36.7647058823529,100,96,65.9574468085106,60,96.875,96,23.4042553191489,40,91.6666666666667,80,34.0425531914894,39.2156862745098,76.1904761904762,92,2.12765957446809,33.3333333333333,33.3333333333333,0,100,NA,65.2777777777778
"143",6710,97,23,108,141,13,3,192,161,142,23,63,141,39,2,166,162,129,30,76,134,30,2,175,162,205,164,0,0,369,85.9756097560976,47.3170731707317,56.6265060240964,80.8333333333333,98.1707317073171,6.34146341463415,45.6090651558074,81.25,85.9756097560976,69.2682926829268,69.1176470588235,86.0606060606061,98.780487804878,19.0243902439024,49.390243902439,95.1219512195122,81.7073170731707,62.9268292682927,63.8095238095238,81.1320754716981,98.780487804878,14.6341463414634,48.0712166172107,93.75,0,100,NA,55.5555555555556
"144",6730,110,21,89,83,23,1,176,103,155,18,44,86,60,2,139,102,138,26,61,78,52,2,147,102,199,104,0,0,303,79.8076923076923,55.2763819095477,48.2558139534884,83.969465648855,99.0384615384615,11.5577889447236,36.9175627240143,95.8333333333333,82.6923076923077,77.8894472361809,66.1538461538461,89.5953757225434,98.0769230769231,30.1507537688442,42.3236514522822,96.7741935483871,75,69.3467336683417,56.1151079136691,84.1463414634146,98.0769230769231,26.1306532663317,40.9638554216867,96.2962962962963,0,100,NA,65.6765676567657
"145",6740,149,28,96,242,83,4,162,266,170,23,75,247,112,3,133,267,161,25,84,245,99,3,146,267,245,270,0,0,515,89.6296296296296,60.8163265306122,71.5976331360947,84.180790960452,98.5185185185185,33.8775510204082,62.1495327102804,95.4022988505747,91.4814814814815,69.3877551020408,76.7080745341615,88.0829015544041,98.8888888888889,45.7142857142857,66.75,97.3913043478261,90.7407407407407,65.7142857142857,74.468085106383,86.5591397849462,98.8888888888889,40.4081632653061,64.6489104116223,97.0588235294118,0,100,NA,47.5728155339806
"146",6750,204,42,22,21,95,5,131,58,190,33,36,30,85,5,141,58,172,34,54,29,84,5,142,58,226,63,0,0,289,33.3333333333333,90.2654867256637,48.8372093023256,82.9268292682927,92.0634920634921,42.0353982300885,30.6878306878307,95,47.6190476190476,84.070796460177,45.4545454545455,85.2017937219731,92.0634920634921,37.6106194690265,29.1457286432161,94.4444444444444,46.031746031746,76.1061946902655,34.9397590361446,83.495145631068,92.0634920634921,37.1681415929204,29,94.3820224719101,0,100,NA,78.2006920415225
"147",6760,300,53,36,17,127,6,209,64,313,49,23,21,124,3,212,67,302,47,34,23,141,7,195,63,336,70,0,0,406,24.2857142857143,89.2857142857143,32.0754716981132,84.985835694051,91.4285714285714,37.797619047619,23.4432234432234,95.4887218045113,30,93.1547619047619,47.7272727272727,86.4640883977901,95.7142857142857,36.9047619047619,24.0143369175627,97.6377952755905,32.8571428571429,89.8809523809524,40.3508771929825,86.5329512893983,90,41.9642857142857,24.4186046511628,95.2702702702703,0,100,NA,82.7586206896552
"148",6770,175,32,45,55,43,2,177,85,182,31,38,56,69,1,151,86,186,30,34,57,50,4,170,83,220,87,0,0,307,63.2183908045977,79.5454545454545,55,84.5410628019324,97.7011494252874,19.5454545454545,32.4427480916031,95.5555555555556,64.367816091954,82.7272727272727,59.5744680851064,85.4460093896714,98.8505747126437,31.3636363636364,36.2869198312236,98.5714285714286,65.5172413793103,84.5454545454545,62.6373626373626,86.1111111111111,95.4022988505747,22.7272727272727,32.8063241106719,92.5925925925926,0,100,NA,71.6612377850163
"149",6790,94,23,41,36,8,1,127,58,108,14,27,45,35,1,100,58,92,17,43,42,22,2,113,57,135,59,0,0,194,61.0169491525424,69.6296296296296,46.7532467532467,80.3418803418803,98.3050847457627,5.92592592592593,31.3513513513514,88.8888888888889,76.271186440678,80,62.5,88.5245901639344,98.3050847457627,25.9259259259259,36.7088607594937,97.2222222222222,71.1864406779661,68.1481481481482,49.4117647058824,84.4036697247707,96.6101694915254,16.2962962962963,33.5294117647059,91.6666666666667,0,100,NA,69.5876288659794
"150",6800,65,7,50,56,45,2,70,61,77,9,38,54,54,1,61,62,70,10,45,53,53,4,62,59,115,63,0,0,178,88.8888888888889,56.5217391304348,52.8301886792453,90.2777777777778,96.8253968253968,39.1304347826087,46.5648854961832,95.7446808510638,85.7142857142857,66.9565217391304,58.695652173913,89.5348837209302,98.4126984126984,46.9565217391304,50.4065040650407,98.1818181818182,84.1269841269841,60.8695652173913,54.0816326530612,87.5,93.6507936507936,46.0869565217391,48.7603305785124,92.9824561403509,0,100,NA,64.6067415730337
"151",6810,162,46,157,531,84,20,235,557,201,49,118,528,92,15,227,562,190,48,129,529,89,15,230,562,319,577,0,0,896,92.0277296360485,50.7836990595611,77.1802325581395,77.8846153846154,96.5337954939341,26.3322884012539,70.3282828282828,80.7692307692308,91.5077989601387,63.0094043887147,81.733746130031,80.4,97.4003466204506,28.8401253918495,71.2294043092522,85.981308411215,91.6811091854419,59.5611285266458,80.3951367781155,79.8319327731092,97.4003466204506,27.8996865203762,70.959595959596,85.5769230769231,0,100,NA,35.6026785714286
"152",6830,316,60,80,155,172,26,224,189,330,53,66,162,189,24,207,191,345,63,51,152,203,20,193,195,396,215,0,0,611,72.0930232558139,79.7979797979798,65.9574468085106,84.0425531914894,87.9069767441861,43.4343434343434,45.7627118644068,86.8686868686869,75.3488372093023,83.3333333333333,71.0526315789474,86.1618798955614,88.8372093023256,47.7272727272727,47.9899497487437,88.7323943661972,70.6976744186046,87.1212121212121,74.8768472906404,84.5588235294118,90.6976744186046,51.2626262626263,50.2577319587629,91.0313901345291,0,100,NA,64.8117839607201
"153",6840,147,42,58,90,109,8,96,124,163,37,42,95,100,12,105,120,157,43,48,89,98,7,107,125,205,132,0,0,337,68.1818181818182,71.7073170731707,60.8108108108108,77.7777777777778,93.9393939393939,53.1707317073171,56.3636363636364,93.1623931623932,71.969696969697,79.5121951219512,69.3430656934307,81.5,90.9090909090909,48.780487804878,53.3333333333333,89.2857142857143,67.4242424242424,76.5853658536585,64.963503649635,78.5,94.6969696969697,47.8048780487805,53.8793103448276,93.3333333333333,0,100,NA,60.8308605341246
"154",6850,104,17,37,36,6,1,135,52,105,12,36,41,7,1,134,52,99,16,42,37,9,1,132,52,141,53,0,0,194,67.9245283018868,73.7588652482269,49.3150684931507,85.9504132231405,98.1132075471698,4.25531914893617,27.807486631016,85.7142857142857,77.3584905660377,74.468085106383,53.2467532467532,89.7435897435898,98.1132075471698,4.9645390070922,27.9569892473118,87.5,69.811320754717,70.2127659574468,46.8354430379747,86.0869565217391,98.1132075471698,6.38297872340426,28.2608695652174,90,0,100,NA,72.680412371134
"155",6860,104,12,50,20,48,1,106,31,145,20,9,12,61,3,93,29,117,18,37,14,65,4,89,28,154,32,0,0,186,62.5,67.5324675324675,28.5714285714286,89.6551724137931,96.875,31.1688311688312,22.6277372262774,97.9591836734694,37.5,94.1558441558442,57.1428571428571,87.8787878787879,90.625,39.6103896103896,23.7704918032787,95.3125,43.75,75.974025974026,27.4509803921569,86.6666666666667,87.5,42.2077922077922,23.9316239316239,94.2028985507246,0,100,NA,82.7956989247312
"156",6870,266,52,59,176,133,10,192,218,270,53,55,175,148,13,177,215,269,45,56,183,135,13,190,215,325,228,0,0,553,77.1929824561403,81.8461538461538,74.8936170212766,83.6477987421384,95.6140350877193,40.9230769230769,53.1707317073171,93.006993006993,76.7543859649123,83.0769230769231,76.0869565217391,83.5913312693499,94.2982456140351,45.5384615384615,54.8469387755102,91.9254658385093,80.2631578947368,82.7692307692308,76.5690376569038,85.6687898089172,94.2982456140351,41.5384615384615,53.0864197530864,91.2162162162162,0,100,NA,58.7703435804702
"157",6882,97,43,268,496,47,14,318,525,165,63,200,476,45,14,320,525,176,68,189,471,61,9,304,530,365,539,0,0,904,92.0222634508349,26.5753424657534,64.9214659685864,69.2857142857143,97.4025974025974,12.8767123287671,62.2775800711744,77.0491803278689,88.3116883116883,45.2054794520548,70.414201183432,72.3684210526316,97.4025974025974,12.3287671232877,62.1301775147929,76.271186440678,87.3840445269017,48.2191780821918,71.3636363636364,72.1311475409836,98.330241187384,16.7123287671233,63.5491606714628,87.1428571428571,0,100,NA,40.3761061946903
"158",7020,60,15,20,34,33,3,47,46,73,11,7,38,36,3,44,46,61,19,19,30,34,8,46,41,19,7,61,42,129,69.3877551020408,75,62.962962962963,80,93.8775510204082,41.25,49.4623655913978,91.6666666666667,77.5510204081633,91.25,84.4444444444444,86.9047619047619,93.8775510204082,45,51.1111111111111,92.3076923076923,61.2244897959184,76.25,61.2244897959184,76.25,83.6734693877551,42.5,47.1264367816092,80.9523809523809,85.7142857142857,23.75,40.7766990291262,73.0769230769231
"159",7030,400,46,74,352,310,14,164,384,401,30,73,368,328,4,146,394,397,36,77,362,333,7,141,391,474,398,0,0,872,88.4422110552764,84.3881856540084,82.6291079812207,89.6860986547085,96.4824120603015,65.4008438818565,70.0729927007299,95.679012345679,92.462311557789,84.5991561181435,83.4467120181406,93.0394431554524,98.9949748743718,69.1983122362869,72.962962962963,98.7951807228916,90.9547738693467,83.7552742616034,82.4601366742597,91.6859122401847,98.2412060301507,70.253164556962,73.4962406015038,97.9411764705882,0,100,NA,54.3577981651376
"160",7040,143,34,164,407,52,7,255,434,173,42,134,399,71,5,236,436,189,57,118,384,67,5,240,436,307,441,0,0,748,92.2902494331066,46.5798045602606,71.2784588441331,80.7909604519774,98.4126984126984,16.9381107491857,62.9898403483309,88.135593220339,90.4761904761905,56.3517915309446,74.859287054409,80.4651162790698,98.8662131519274,23.1270358306189,64.8809523809524,93.4210526315789,87.0748299319728,61.5635179153095,76.4940239043825,76.8292682926829,98.8662131519274,21.8241042345277,64.4970414201183,93.0555555555556,0,100,NA,41.0427807486631
"161",7050,76,18,170,387,11,0,235,405,127,25,119,380,19,1,227,404,122,32,124,373,19,2,227,403,246,405,0,0,651,95.5555555555556,30.8943089430894,69.4793536804309,80.8510638297872,100,4.47154471544715,63.28125,100,93.8271604938272,51.6260162601626,76.1523046092184,83.5526315789474,99.7530864197531,7.72357723577236,64.0253565768621,95,92.0987654320988,49.5934959349593,75.0503018108652,79.2207792207792,99.5061728395062,7.72357723577236,63.968253968254,90.4761904761905,0,100,NA,37.7880184331797
"162",7150,116,19,58,62,53,2,121,79,146,23,28,58,61,3,113,78,136,28,38,53,65,4,109,77,23,7,151,74,255,76.5432098765432,66.6666666666667,51.6666666666667,85.9259259259259,97.5308641975309,30.4597701149425,39.5,96.3636363636364,71.6049382716049,83.9080459770115,67.4418604651163,86.3905325443787,96.2962962962963,35.0574712643678,40.8376963350785,95.3125,65.4320987654321,78.1609195402299,58.2417582417582,82.9268292682927,95.0617283950617,37.3563218390805,41.3978494623656,94.2028985507246,91.358024691358,13.2183908045977,32.8888888888889,76.6666666666667
"163",7170,171,10,12,4,122,5,61,9,181,10,2,4,137,7,46,7,170,12,13,2,130,6,53,8,28,1,155,13,197,28.5714285714286,93.4426229508197,25,94.475138121547,64.2857142857143,66.6666666666667,12.8571428571429,96.0629921259843,28.5714285714286,98.9071038251366,66.6666666666667,94.7643979057592,50,74.8633879781421,13.2075471698113,95.1388888888889,14.2857142857143,92.896174863388,13.3333333333333,93.4065934065934,57.1428571428571,71.0382513661202,13.1147540983607,95.5882352941177,92.8571428571429,15.3005464480874,7.73809523809524,96.551724137931
"164",7180,78,16,66,288,7,0,137,304,81,14,63,290,20,1,124,303,79,13,65,291,11,1,133,303,144,304,0,0,448,94.7368421052632,54.1666666666667,81.3559322033898,82.9787234042553,100,4.86111111111111,68.9342403628118,100,95.3947368421053,56.25,82.1529745042493,85.2631578947368,99.6710526315789,13.8888888888889,70.96018735363,95.2380952380952,95.7236842105263,54.8611111111111,81.7415730337079,85.8695652173913,99.6710526315789,7.63888888888889,69.4954128440367,91.6666666666667,0,100,NA,32.1428571428571
"165",7190,85,24,51,48,21,2,115,70,106,20,30,52,50,4,86,68,95,23,41,49,31,7,105,65,136,72,0,0,208,66.6666666666667,62.5,48.4848484848485,77.9816513761468,97.2222222222222,15.4411764705882,37.8378378378378,91.304347826087,72.2222222222222,77.9411764705882,63.4146341463415,84.1269841269841,94.4444444444444,36.7647058823529,44.1558441558442,92.5925925925926,68.0555555555556,69.8529411764706,54.4444444444444,80.5084745762712,90.2777777777778,22.7941176470588,38.2352941176471,81.5789473684211,0,100,NA,65.3846153846154
"166",7210,96,47,190,410,26,2,260,455,151,46,135,411,37,5,249,452,157,57,129,400,42,8,244,449,286,457,0,0,743,89.7155361050328,33.5664335664336,68.3333333333333,67.1328671328671,99.562363238512,9.09090909090909,63.6363636363636,92.8571428571429,89.9343544857768,52.7972027972028,75.2747252747253,76.6497461928934,98.9059080962801,12.9370629370629,64.4793152639087,88.0952380952381,87.527352297593,54.8951048951049,75.6143667296786,73.3644859813084,98.2494529540481,14.6853146853147,64.7907647907648,84,0,100,NA,38.492597577389
"167",7222,208,18,50,35,129,5,129,48,231,11,27,42,160,2,98,51,234,16,24,37,162,3,96,50,258,53,0,0,311,66.0377358490566,80.6201550387597,41.1764705882353,92.0353982300885,90.5660377358491,50,27.1186440677966,96.2686567164179,79.2452830188679,89.5348837209302,60.8695652173913,95.4545454545455,96.2264150943396,62.015503875969,34.2281879194631,98.7654320987654,69.811320754717,90.6976744186046,60.655737704918,93.6,94.3396226415094,62.7906976744186,34.2465753424658,98.1818181818182,0,100,NA,82.9581993569132
"168",7240,127,12,36,44,58,1,105,55,137,11,26,45,76,2,87,54,129,17,34,39,74,2,89,54,163,56,0,0,219,78.5714285714286,77.9141104294479,55,91.3669064748201,98.2142857142857,35.5828220858896,34.375,98.3050847457627,80.3571428571429,84.0490797546012,63.3802816901408,92.5675675675676,96.4285714285714,46.6257668711656,38.2978723404255,97.4358974358974,69.6428571428571,79.1411042944785,53.4246575342466,88.3561643835616,96.4285714285714,45.398773006135,37.7622377622378,97.3684210526316,0,100,NA,74.4292237442922
"169",7250,445,18,57,19,412,18,90,19,487,21,15,16,432,12,70,25,493,26,9,11,440,17,62,20,502,37,0,0,539,51.3513513513513,88.6454183266932,25,96.1123110151188,51.3513513513513,82.0717131474104,17.4311926605505,95.8139534883721,43.2432432432432,97.0119521912351,51.6129032258064,95.8661417322835,67.5675675675676,86.0557768924303,26.3157894736842,97.2972972972973,29.7297297297297,98.207171314741,55,94.990366088632,54.0540540540541,87.6494023904382,24.390243902439,96.2800875273523,0,100,NA,93.1354359925788
"170",7260,365,49,14,22,182,12,197,59,361,45,18,26,218,8,161,63,347,38,32,33,217,15,162,56,379,71,0,0,450,30.9859154929577,96.3060686015831,61.1111111111111,88.1642512077295,83.0985915492958,48.0211081794195,23.046875,93.8144329896907,36.6197183098592,95.2506596306069,59.0909090909091,88.9162561576355,88.7323943661972,57.5197889182058,28.125,96.4601769911504,46.4788732394366,91.55672823219,50.7692307692308,90.1298701298701,78.8732394366197,57.2559366754617,25.6880733944954,93.5344827586207,0,100,NA,84.2222222222222
"171",7270,155,49,282,339,74,24,363,364,315,73,122,315,169,17,268,371,320,83,117,305,171,16,266,372,437,388,0,0,825,87.3711340206186,35.4691075514874,54.5893719806763,75.9803921568627,93.8144329896907,16.9336384439359,50.0687757909216,75.5102040816327,81.1855670103093,72.0823798627002,72.0823798627002,81.1855670103093,95.6185567010309,38.6727688787185,58.0594679186229,90.8602150537634,78.6082474226804,73.2265446224256,72.2748815165877,79.4044665012407,95.8762886597938,39.1304347826087,58.307210031348,91.4438502673797,0,100,NA,52.969696969697
"172",7280,202,54,82,95,60,2,224,147,219,54,65,95,91,2,193,147,214,54,70,95,86,3,198,146,284,149,0,0,433,63.758389261745,71.1267605633803,53.6723163841808,78.90625,98.6577181208054,21.1267605633803,39.622641509434,96.7741935483871,63.758389261745,77.112676056338,59.375,80.2197802197802,98.6577181208054,32.0422535211268,43.2352941176471,97.8494623655914,63.758389261745,75.3521126760563,57.5757575757576,79.8507462686567,97.9865771812081,30.2816901408451,42.4418604651163,96.6292134831461,0,100,NA,65.5889145496536
"173",7290,27,0,49,36,19,0,57,36,52,4,24,32,21,0,55,36,41,2,35,34,15,0,61,36,76,36,0,0,112,100,35.5263157894737,42.3529411764706,100,100,25,38.7096774193548,100,88.8888888888889,68.4210526315789,57.1428571428571,92.8571428571429,100,27.6315789473684,39.5604395604396,100,94.4444444444444,53.9473684210526,49.2753623188406,95.3488372093023,100,19.7368421052632,37.1134020618557,100,0,100,NA,67.8571428571429
"174",7310,29,10,84,353,0,0,113,363,53,8,60,355,13,0,100,363,44,6,69,357,6,0,107,363,113,363,0,0,476,97.2451790633609,25.6637168141593,80.7780320366133,74.3589743589744,100,0,76.2605042016807,NA,97.7961432506887,46.9026548672566,85.5421686746988,86.8852459016393,100,11.5044247787611,78.4017278617711,100,98.3471074380165,38.9380530973451,83.8028169014084,88,100,5.30973451327434,77.2340425531915,100,0,100,NA,23.7394957983193
"175",7350,103,31,157,285,58,2,202,314,165,34,95,282,72,3,188,313,165,32,95,284,71,3,189,313,260,316,0,0,576,90.1898734177215,39.6153846153846,64.4796380090498,76.865671641791,99.3670886075949,22.3076923076923,60.8527131782946,96.6666666666667,89.2405063291139,63.4615384615385,74.8010610079576,82.9145728643216,99.0506329113924,27.6923076923077,62.4750499001996,96,89.873417721519,63.4615384615385,74.934036939314,83.756345177665,99.0506329113924,27.3076923076923,62.3505976095618,95.9459459459459,0,100,NA,45.1388888888889
"176",7360,11,7,50,221,5,1,56,227,24,10,37,218,13,0,48,228,15,10,46,218,6,1,55,227,61,228,0,0,289,96.9298245614035,18.0327868852459,81.549815498155,61.1111111111111,99.5614035087719,8.19672131147541,80.2120141342756,83.3333333333333,95.6140350877193,39.344262295082,85.4901960784314,70.5882352941177,100,21.3114754098361,82.6086956521739,100,95.6140350877193,24.5901639344262,82.5757575757576,60,99.5614035087719,9.83606557377049,80.4964539007092,85.7142857142857,0,100,NA,21.1072664359862
"177",7380,77,18,34,51,51,7,60,62,85,12,26,57,57,4,54,65,75,15,36,54,52,6,59,63,24,3,87,66,180,73.9130434782609,69.3693693693694,60,81.0526315789474,89.8550724637681,45.945945945946,50.8196721311475,87.9310344827586,82.6086956521739,76.5765765765766,68.6746987951807,87.6288659793814,94.2028985507246,51.3513513513513,54.6218487394958,93.4426229508197,78.2608695652174,67.5675675675676,60,83.3333333333333,91.304347826087,46.8468468468468,51.6393442622951,89.6551724137931,95.6521739130435,21.6216216216216,43.1372549019608,88.8888888888889
"178",7430,97,17,21,11,22,0,96,28,99,16,19,12,43,3,75,25,99,20,19,8,30,3,88,25,20,0,98,28,146,39.2857142857143,82.2033898305085,34.375,85.0877192982456,100,18.6440677966102,22.5806451612903,100,42.8571428571429,83.8983050847458,38.7096774193548,86.0869565217391,89.2857142857143,36.4406779661017,25,93.4782608695652,28.5714285714286,83.8983050847458,29.6296296296296,83.1932773109244,89.2857142857143,25.4237288135593,22.1238938053097,90.9090909090909,100,16.9491525423729,22.2222222222222,100
"179",7480,271,42,24,24,194,9,101,57,260,28,35,38,182,7,113,59,253,29,42,37,175,12,120,54,295,66,0,0,361,36.3636363636364,91.864406779661,50,86.5814696485623,86.3636363636364,65.7627118644068,36.0759493670886,95.5665024630542,57.5757575757576,88.135593220339,52.0547945205479,90.2777777777778,89.3939393939394,61.6949152542373,34.3023255813954,96.2962962962963,56.0606060606061,85.7627118644068,46.8354430379747,89.7163120567376,81.8181818181818,59.3220338983051,31.0344827586207,93.5828877005348,0,100,NA,81.7174515235457
"180",7490,187,24,35,57,124,9,98,72,190,22,32,59,124,6,98,75,182,22,40,59,114,8,108,73,222,81,0,0,303,70.3703703703704,84.2342342342342,61.9565217391304,88.6255924170616,88.8888888888889,55.8558558558559,42.3529411764706,93.2330827067669,72.8395061728395,85.5855855855856,64.8351648351648,89.622641509434,92.5925925925926,55.8558558558559,43.3526011560694,95.3846153846154,72.8395061728395,81.981981981982,59.5959595959596,89.2156862745098,90.1234567901235,51.3513513513513,40.3314917127072,93.4426229508197,0,100,NA,73.2673267326733
"181",7510,220,65,123,225,22,6,321,284,240,65,103,225,79,3,264,287,245,75,98,215,80,6,263,284,343,290,0,0,633,77.5862068965517,64.1399416909621,64.6551724137931,77.1929824561403,97.9310344827586,6.41399416909621,46.9421487603306,78.5714285714286,77.5862068965517,69.9708454810496,68.5975609756098,78.6885245901639,98.9655172413793,23.0320699708455,52.0871143375681,96.3414634146341,74.1379310344828,71.4285714285714,68.6900958466454,76.5625,97.9310344827586,23.3236151603499,51.9195612431444,93.0232558139535,0,100,NA,54.1864139020537
"182",7540,120,16,34,16,74,1,80,31,134,13,20,19,74,3,80,29,126,16,28,16,81,5,73,27,40,0,114,32,186,50,77.9220779220779,32,88.2352941176471,96.875,48.0519480519481,27.9279279279279,98.6666666666667,59.375,87.012987012987,48.7179487179487,91.156462585034,90.625,48.0519480519481,26.605504587156,96.1038961038961,50,81.8181818181818,36.3636363636364,88.7323943661972,84.375,52.5974025974026,27,94.1860465116279,100,25.974025974026,21.9178082191781,100
"183",7550,75,33,110,304,0,0,185,337,94,33,91,304,26,1,159,336,87,32,98,305,8,0,177,337,185,337,0,0,522,90.2077151335312,40.5405405405405,73.4299516908213,69.4444444444444,100,0,64.5593869731801,NA,90.2077151335312,50.8108108108108,76.9620253164557,74.0157480314961,99.7032640949555,14.0540540540541,67.8787878787879,96.2962962962963,90.5044510385757,47.027027027027,75.682382133995,73.109243697479,100,4.32432432432432,65.5642023346304,100,0,100,NA,35.4406130268199
"184",7560,125,22,79,144,48,4,156,162,156,28,48,138,84,6,120,160,151,27,53,139,69,5,135,161,204,166,0,0,370,86.7469879518072,61.2745098039216,64.5739910313901,85.0340136054422,97.5903614457831,23.5294117647059,50.9433962264151,92.3076923076923,83.1325301204819,76.4705882352941,74.1935483870968,84.7826086956522,96.3855421686747,41.1764705882353,57.1428571428571,93.3333333333333,83.7349397590361,74.0196078431373,72.3958333333333,84.8314606741573,96.9879518072289,33.8235294117647,54.3918918918919,93.2432432432432,0,100,NA,55.1351351351351
"185",7580,110,25,41,81,13,2,138,104,105,18,46,88,40,3,111,103,107,20,44,86,38,3,113,103,151,106,0,0,257,76.4150943396226,72.8476821192053,66.3934426229508,81.4814814814815,98.1132075471698,8.60927152317881,42.9752066115703,86.6666666666667,83.0188679245283,69.5364238410596,65.6716417910448,85.3658536585366,97.1698113207547,26.4900662251656,48.1308411214953,93.0232558139535,81.1320754716981,70.8609271523179,66.1538461538461,84.251968503937,97.1698113207547,25.1655629139073,47.6851851851852,92.6829268292683,0,100,NA,58.7548638132296
"186",7590,153,35,101,138,66,13,188,160,170,39,84,134,82,10,172,163,153,31,101,142,87,14,167,159,254,173,0,0,427,79.7687861271676,60.2362204724409,57.7405857740586,81.3829787234042,92.485549132948,25.9842519685039,45.9770114942529,83.5443037974684,77.4566473988439,66.9291338582677,61.4678899082569,81.3397129186603,94.2196531791908,32.2834645669291,48.6567164179104,89.1304347826087,82.0809248554913,60.2362204724409,58.4362139917695,83.1521739130435,91.9075144508671,34.251968503937,48.7730061349693,86.1386138613861,0,100,NA,59.4847775175644
"187",7610,52,16,120,705,25,1,147,720,71,12,101,709,31,0,141,721,66,16,106,705,25,3,147,718,172,721,0,0,893,97.7808599167822,30.2325581395349,85.4545454545455,76.4705882352941,99.8613037447989,14.5348837209302,83.0449826989619,96.1538461538462,98.3356449375867,41.2790697674419,87.5308641975309,85.5421686746988,100,18.0232558139535,83.6426914153132,100,97.7808599167822,38.3720930232558,86.9297163995068,80.4878048780488,99.5839112343967,14.5348837209302,83.0057803468208,89.2857142857143,0,100,NA,19.2609182530795
"188",7630,39,5,20,31,21,0,38,36,46,0,13,36,27,0,32,36,34,6,25,30,19,2,40,34,59,36,0,0,95,86.1111111111111,66.1016949152542,60.7843137254902,88.6363636363636,100,35.5932203389831,48.6486486486487,100,100,77.9661016949153,73.469387755102,100,100,45.7627118644068,52.9411764705882,100,83.3333333333333,57.6271186440678,54.5454545454545,85,94.4444444444444,32.2033898305085,45.945945945946,90.4761904761905,0,100,NA,62.1052631578947
"189",7660,49,16,154,399,1,0,202,415,85,29,118,386,21,1,182,414,83,29,120,386,5,1,198,414,203,415,0,0,618,96.144578313253,24.1379310344828,72.1518987341772,75.3846153846154,100,0.492610837438424,67.2609400324149,100,93.0120481927711,41.871921182266,76.5873015873016,74.5614035087719,99.7590361445783,10.3448275862069,69.4630872483222,95.4545454545455,93.0120481927711,40.8866995073892,76.2845849802372,74.1071428571429,99.7590361445783,2.46305418719212,67.6470588235294,83.3333333333333,0,100,NA,32.8478964401294
"190",7670,74,18,21,18,24,2,71,34,79,9,16,27,38,1,57,35,75,14,20,22,22,4,73,32,25,3,70,33,131,50,77.8947368421053,46.1538461538462,80.4347826086957,94.4444444444444,25.2631578947368,32.3809523809524,92.3076923076923,75,83.1578947368421,62.7906976744186,89.7727272727273,97.2222222222222,40,38.0434782608696,97.4358974358974,61.1111111111111,78.9473684210526,52.3809523809524,84.2696629213483,88.8888888888889,23.1578947368421,30.4761904761905,84.6153846153846,91.6666666666667,26.3157894736842,32.0388349514563,89.2857142857143
"191",7680,101,23,29,60,53,7,77,76,106,19,24,64,60,5,70,78,108,22,22,61,56,6,74,77,40,5,90,78,213,72.289156626506,77.6923076923077,67.4157303370787,81.4516129032258,91.566265060241,40.7692307692308,49.6732026143791,88.3333333333333,77.1084337349398,81.5384615384615,72.7272727272727,84.8,93.9759036144578,46.1538461538462,52.7027027027027,92.3076923076923,73.4939759036145,83.0769230769231,73.4939759036145,83.0769230769231,92.7710843373494,43.0769230769231,50.9933774834437,90.3225806451613,93.9759036144578,30.7692307692308,46.4285714285714,88.8888888888889
