"aou","rmse_me_pres"
2881,0.597328667585445
2881,0.546644269569702
2881,0.596153517060269
2881,0.64227332167251
2881,0.549114471427637
2881,0.579900205995045
2881,0.64732391942074
2881,0.606168497385354
2881,0.624553119445607
2881,0.581881447642945
2890,0.434447220548635
2890,0.481740894632913
2890,0.411693223263483
2890,0.476112221539518
2890,0.47091934732795
2890,0.381874572829621
2890,0.441276688482437
2890,0.517227925673762
2890,0.428616405781245
2890,0.517681352589373
3000,0.556618408548237
3000,0.675166991749233
3000,0.600136365639566
3000,0.60183170035969
3000,0.51540235130336
3000,0.679363776006568
3000,0.664715384241311
3000,0.621493441480854
3000,0.545921285517223
3000,0.648634187078011
3120,0.501979445760907
3120,0.564116938585259
3120,0.377483677118163
3120,0.554276257347216
3120,0.539877539698683
3120,0.478812247378571
3120,0.589390061345777
3120,0.506881377154713
3120,0.574396826417833
3120,0.564817916335131
3160,0.426287800029932
3160,0.401481343222364
3160,0.427044102307132
3160,0.399504490081227
3160,0.412372873502867
3160,0.438872769681779
3160,0.37656381778512
3160,0.392161274033563
3160,0.424948091634424
3160,0.411785699814409
3190,0.433211804424359
3190,0.291974837071979
3190,0.452754063766873
3190,0.534693638479913
3190,0.329907660755967
3190,0.247038112331351
3190,0.313298358725436
3190,0.30309950769661
3190,0.388063442266508
3190,0.430487584642657
3250,0.379500019590179
3250,0.409208115169368
3250,0.431171541782669
3250,0.455704372467142
3250,0.421723280824787
3250,0.383675584073057
3250,0.410512542173037
3250,0.390526641613199
3250,0.419922775680936
3250,0.454755948307654
3390,0.540601124594788
3390,0.490323847711015
3390,0.485555392113708
3390,0.495536252364568
3390,0.533630473643633
3390,0.503401195839959
3390,0.516386667879605
3390,0.546072838582209
3390,0.553287287850915
3390,0.490908753779352
3850,0.54909888929308
3850,0.337342308309246
3850,0.516301101333071
3850,0.534510756090382
3850,0.362126252240607
3850,0.463931838898482
3850,0.586552562906762
3850,0.463211305605066
3850,0.419903251072634
3850,0.608877589200256
3870,0.404485109154389
3870,0.418300405947922
3870,0.44331865083789
3870,0.387725665607419
3870,0.361791497054386
3870,0.385701694905281
3870,0.393581272464277
3870,0.43212865777715
3870,0.443237164770201
3870,0.413691891134644
3880,0.524265693006764
3880,0.561620091094972
3880,0.499013590542024
3880,0.513043322430409
3880,0.530281835508608
3880,0.540129199898438
3880,0.492701743779777
3880,0.510073013876306
3880,0.489086469139984
3880,0.477967483404509
3930,0.456161870505101
3930,0.420488259468651
3930,0.445787617685973
3930,0.35711497565727
3930,0.421321935441388
3930,0.381872648748903
3930,0.447086178959832
3930,0.466300527539698
3930,0.466927249635834
3930,0.402585995576246
3940,0.366215247394128
3940,0.372987642071608
3940,0.398656174444332
3940,0.399955606953952
3940,0.410862841565846
3940,0.372659430312337
3940,0.397937476847445
3940,0.414871665033537
3940,0.398145545058323
3940,0.367181088062095
3960,0.452318929651803
3960,0.539033698559659
3960,0.153098117208158
3960,0.416193412659313
3960,0.589825083326875
3960,0.242032477880597
3960,0.314874305034897
3960,0.401906392600568
3960,0.177850956074425
3960,0.368038918922688
4020,0.466368433847825
4020,0.562748751121987
4020,0.591454907517637
4020,0.425811525861696
4020,0.379086687374562
4020,0.499809535343633
4020,0.504744042036519
4020,0.430827298324763
4020,0.522530896861687
4020,0.444939740500092
4021,0.496564811042901
4021,0.452696065086368
4021,0.366244554022073
4021,0.508352184742839
4021,0.406567371079861
4021,0.581334341922517
4021,0.322265279940266
4021,0.492800603890622
4021,0.49136661858755
4021,0.513547773293963
4050,0.347013560173968
4050,0.411598013235781
4050,0.355465479551082
4050,0.510571460261404
4050,0.428048942582386
4050,0.430962101744925
4050,0.354693540612943
4050,0.423577436309129
4050,0.450611002536163
4050,0.40358986658004
4060,0.472010883850242
4060,0.521157213483356
4060,0.523824861058083
4060,0.490921522120259
4060,0.464723119547193
4060,0.490819449504089
4060,0.533096468058597
4060,0.50992181906531
4060,0.520904478660008
4060,0.491682498978791
4090,0.468972964703023
4090,0.365029253310168
4090,0.413200200899994
4090,0.327156992815481
4090,0.40281579758251
4090,0.463991290029953
4090,0.363571965858584
4090,0.373020425667576
4090,0.409630253655129
4090,0.393522823464656
4120,0.38709559543065
4120,0.371078635542477
4120,0.427385163628937
4120,0.335328344234098
4120,0.422936399977668
4120,0.41678091377897
4120,0.457353299360345
4120,0.350854340553921
4120,0.394942524672645
4120,0.37377269573854
4230,0.426267477799568
4230,0.37759769367006
4230,0.379655011822527
4230,0.365817866506411
4230,0.365229825072022
4230,0.408699700442818
4230,0.381864248939932
4230,0.406581066166311
4230,0.373072178501933
4230,0.349242480633818
4250,0.503338526998898
4250,0.610304446203574
4250,0.670600555006678
4250,0.629151200562839
4250,0.636317213651812
4250,0.60988479586715
4250,0.587366623798385
4250,0.633715921518118
4250,0.54207215393293
4250,0.586586470980253
4280,0.389688688083401
4280,0.411734476432469
4280,0.37420888697958
4280,0.38832304626076
4280,0.461072725124767
4280,0.40955598537602
4280,0.37966506270137
4280,0.421576036616688
4280,0.369404644481384
4280,0.384434652306559
4290,0.496071202483944
4290,0.521689932005396
4290,0.522712855998841
4290,0.582866547880592
4290,0.458741496669457
4290,0.531647746285904
4290,0.552397964938389
4290,0.476641633111371
4290,0.496951464619961
4290,0.435346074958901
4320,0.373053490202971
4320,0.371065610941828
4320,0.459382740490684
4320,0.318025114408138
4320,0.458624638989794
4320,0.337637682538547
4320,0.338517451933241
4320,0.456277851538183
4320,0.401808640904302
4320,0.589831262410657
4330,0.412024089602597
4330,0.533773769688455
4330,0.454251363324875
4330,0.284625319765493
4330,0.412793836087233
4330,0.492899101824034
4330,0.47160163004833
4330,0.492940601066556
4330,0.4148008345936
4330,0.535863352127147
4430,0.395648133942556
4430,0.329761062569842
4430,0.423355878870966
4430,0.501315400119979
4430,0.535122602306297
4430,0.423952747348338
4430,0.528595848960379
4430,0.383314207423902
4430,0.464933616054944
4430,0.448768713827626
4440,0.433913332784849
4440,0.428461941085184
4440,0.48615955728548
4440,0.392429472886745
4440,0.373026330554042
4440,0.40324270369829
4440,0.434354067064641
4440,0.398669516051933
4440,0.399673515760805
4440,0.433153018231167
4470,0.4917976263661
4470,0.447832604016418
4470,0.473803466785874
4470,0.455862943050679
4470,0.458328418457145
4470,0.376929572932723
4470,0.51537572095845
4470,0.421974467864431
4470,0.461732392899107
4470,0.53878551976992
4520,0.40003501161506
4520,0.361715993458022
4520,0.356076900884854
4520,0.372716149194181
4520,0.3335020567525
4520,0.380456504588597
4520,0.336452946072478
4520,0.427292155772275
4520,0.408512747213744
4520,0.379850304439707
4540,0.513041193113796
4540,0.350361970121123
4540,0.476866786984806
4540,0.408127631807847
4540,0.305828143750671
4540,0.51390899829592
4540,0.532707438167585
4540,0.433565173338306
4540,0.334040938126552
4540,0.549584888304815
4560,0.39762564074937
4560,0.312868206812922
4560,0.357761052991338
4560,0.433934894482193
4560,0.392325796099865
4560,0.399657131041666
4560,0.392729453468295
4560,0.376353227276185
4560,0.433270575665584
4560,0.385920213409993
4570,0.556180968891573
4570,0.509086393458144
4570,0.435700776675196
4570,0.423103372833946
4570,0.529214843066018
4570,0.399041220918522
4570,0.422583661815755
4570,0.438703174759969
4570,0.310467204480004
4570,0.460965907262923
4590,0.575584893450009
4590,0.538309789795217
4590,0.618828598619516
4590,0.577466349920148
4590,0.641944718512904
4590,0.560252343736901
4590,0.639342458422028
4590,0.633046905539161
4590,0.640770651068717
4590,0.555635507023042
4610,0.372245660182798
4610,0.423566090995182
4610,0.396856716131302
4610,0.369938829491821
4610,0.368298512788352
4610,0.438056292184795
4610,0.405825669278876
4610,0.334530464302812
4610,0.428020931620236
4610,0.358748989515105
4620,0.439363569331645
4620,0.371829036945919
4620,0.353567848457831
4620,0.383788642813755
4620,0.502136775223364
4620,0.446210560560471
4620,0.400403753494513
4620,0.467802267005669
4620,0.378062250089465
4620,0.378076815347506
4640,0.551518000061487
4640,0.484960725126031
4640,0.47149032475298
4640,0.445736947845106
4640,0.532470448475355
4640,0.594961703307262
4640,0.494053647631661
4640,0.603101670655013
4640,0.571324182945622
4640,0.478929131384613
4641,0.403866213426621
4641,0.73808239137651
4641,0.527292914851447
4641,0.313300726500169
4641,0.475288598125474
4641,0.433621050957998
4641,0.347642650976038
4641,0.510076152772353
4641,0.3664360187624
4641,0.456320019947275
4650,0.373447573554973
4650,0.426574706427787
4650,0.431240714208465
4650,0.437416982029008
4650,0.420857727055892
4650,0.433423162052671
4650,0.403186241918778
4650,0.43739160405053
4650,0.488660237776889
4650,0.434601598496825
4660,0.430517156537539
4660,0.486126265661188
4660,0.506219345582581
4660,0.474378510314502
4660,0.50129914631935
4660,0.558339150732258
4660,0.466413874668537
4660,0.459305155348481
4660,0.477067720061877
4660,0.499881409623667
4661,0.639408278291717
4661,0.55450544408637
4661,0.549336248886688
4661,0.610982306117944
4661,0.587824403321188
4661,0.503269872609014
4661,0.534199053988994
4661,0.593427946724152
4661,0.548221310490699
4661,0.413815829623405
4670,0.377864813913416
4670,0.414530663070216
4670,0.368794348200918
4670,0.477411095886839
4670,0.384872135481565
4670,0.500568935193552
4670,0.483431086192758
4670,0.409744439204519
4670,0.382955623172011
4670,0.357257376667871
4680,0.508839571107126
4680,0.493660997751422
4680,0.406914282676643
4680,0.426267930943516
4680,0.643085895236769
4680,0.516029592978131
4680,0.435905123162653
4680,0.677297229213864
4680,0.499780672761029
4680,0.474078742268686
4690,0.558181422397724
4690,0.347711727733495
4690,0.486200057134112
4690,0.502983068918638
4690,0.398570689497122
4690,0.503932787961246
4690,0.356841368634699
4690,0.429351813380788
4690,0.328005802164574
4690,0.472444976646122
4740,0.505525667905665
4740,0.538110462610171
4740,0.512652168343496
4740,0.506679527727048
4740,0.491689048853341
4740,0.507503736204653
4740,0.527797860617491
4740,0.528715796683749
4740,0.523477780590602
4740,0.480062665615637
4750,0.554612421007014
4750,0.62788204972576
4750,0.51074550753725
4750,0.533625052981603
4750,0.602280682325347
4750,0.59733525981731
4750,0.52711891138581
4750,0.521380715808005
4750,0.538747636134126
4750,0.525386625366079
4770,0.402337531887506
4770,0.401226336459565
4770,0.381131708119035
4770,0.406126844027412
4770,0.347131754004537
4770,0.378327618197292
4770,0.411306870696172
4770,0.34989012514991
4770,0.367502129113494
4770,0.355113950166643
4780,0.497501567747888
4780,0.368704324328621
4780,0.422475534026221
4780,0.561480200874633
4780,0.434496579416548
4780,0.453782883834682
4780,0.450069527446121
4780,0.463937597395078
4780,0.484306553501381
4780,0.386290828867697
4840,0.45883578088686
4840,0.675028170052309
4840,0.567225200503686
4840,0.5868803365982
4840,0.461843602269304
4840,0.442840047877449
4840,0.51681637307048
4840,0.500062200150333
4840,0.625793314122988
4840,0.446797699211952
4860,0.417895917472417
4860,0.431426087505394
4860,0.455960718261238
4860,0.366427576835279
4860,0.477131465093301
4860,0.432177263139377
4860,0.345697073841704
4860,0.478938663792483
4860,0.489097582751142
4860,0.424958723571582
4880,0.404241185766071
4880,0.408628285531165
4880,0.373887367830343
4880,0.358576562576986
4880,0.398216741007737
4880,0.405336408396194
4880,0.422264308952993
4880,0.443626569776474
4880,0.416765990371361
4880,0.349025542159164
4900,0.408459522502439
4900,0.484078742527034
4900,0.449166963538404
4900,0.473945205895513
4900,0.341419759432313
4900,0.435828105527562
4900,0.424943255773745
4900,0.465511552586914
4900,0.410213025293103
4900,0.466221039563977
4910,0.465646037167148
4910,0.491382658868391
4910,0.50030981417442
4910,0.483607612339637
4910,0.463883170751285
4910,0.478738766793885
4910,0.449479270812716
4910,0.357728037289685
4910,0.494381910321623
4910,0.397385465365952
4930,0.380696537313878
4930,0.399182715831375
4930,0.397763160335604
4930,0.402681376647324
4930,0.43226667266719
4930,0.425818126713755
4930,0.453697692743829
4930,0.386168906803579
4930,0.416997526453161
4930,0.411131259197486
4940,0.502284816590546
4940,0.407856222344363
4940,0.472978260602744
4940,0.471712263344536
4940,0.464194298021602
4940,0.46924884304319
4940,0.445123077247447
4940,0.453469920096301
4940,0.409271165992027
4940,0.452057432494749
4950,0.407933236203265
4950,0.440488503746494
4950,0.393736505641411
4950,0.395820085397769
4950,0.40368133023619
4950,0.420660055645067
4950,0.428918942764903
4950,0.415910244293819
4950,0.423059154412739
4950,0.395127842091607
4970,0.661110085093264
4970,0.600537670334651
4970,0.558125109319721
4970,0.563412803438022
4970,0.584401951039192
4970,0.485986249201023
4970,0.599097691550968
4970,0.571463628007714
4970,0.553810559379334
4970,0.613737778805278
4980,0.408982636151514
4980,0.395737971697146
4980,0.40180019782528
4980,0.406923717892115
4980,0.403488714233075
4980,0.380506932859736
4980,0.438203248361252
4980,0.429457775660795
4980,0.413819301908353
4980,0.426554797702543
5010,0.486651367604969
5010,0.446397428054876
5010,0.402850405426066
5010,0.491259013041728
5010,0.390395150890419
5010,0.446524712118192
5010,0.457781033015388
5010,0.419378208717188
5010,0.380975343166633
5010,0.469553808915447
5011,0.432561080974633
5011,0.428176912848341
5011,0.495805729115003
5011,0.43757079940945
5011,0.492211694754508
5011,0.417924332071842
5011,0.45029267600849
5011,0.506815546208232
5011,0.417179659036726
5011,0.495369637834233
5060,0.504760760208676
5060,0.514894434466013
5060,0.422733021087126
5060,0.412503550417678
5060,0.467490960214075
5060,0.47765962107466
5060,0.451628343560875
5060,0.389859143774052
5060,0.481979558587641
5060,0.431522708894676
5070,0.49066312158818
5070,0.416967999717176
5070,0.37915336591387
5070,0.465511916489546
5070,0.414393878653298
5070,0.424225071635316
5070,0.478947497303135
5070,0.425943890060324
5070,0.391662815836685
5070,0.436259424702791
5080,0.509492203467981
5080,0.473209104541382
5080,0.472910112059141
5080,0.439775761448835
5080,0.46235477534744
5080,0.487453430699768
5080,0.543280629035791
5080,0.577331618523474
5080,0.43665990467718
5080,0.475613656821126
5100,0.435123332315093
5100,0.445947457668351
5100,0.392305044024715
5100,0.397186679660619
5100,0.429242236088448
5100,0.390678010217544
5100,0.482542203123434
5100,0.506031616919601
5100,0.475813724142076
5100,0.435347147426751
5110,0.381571172363051
5110,0.445983003446785
5110,0.373163408433946
5110,0.413694864995709
5110,0.420188898899368
5110,0.415229314709945
5110,0.415440533595322
5110,0.389678078114165
5110,0.372358063772722
5110,0.431154025530344
5120,0.531616372824324
5120,0.554722547277154
5120,0.67579674737555
5120,0.617750487825202
5120,0.563245394292702
5120,0.508896914331645
5120,0.613477153078662
5120,0.492038774332325
5120,0.614213712595777
5120,0.586719406553254
5140,0.565631219881927
5140,0.490390343194376
5140,0.569624932675142
5140,0.49779251955068
5140,0.48552303923852
5140,0.473553326241786
5140,0.502358669402242
5140,0.501117891135291
5140,0.484026122232855
5140,0.544124496654903
5170,0.505310134560969
5170,0.479839899969617
5170,0.550249872318175
5170,0.451266811360165
5170,0.466844678566242
5170,0.489645780321035
5170,0.533673958220818
5170,0.474704525615551
5170,0.402199375636819
5170,0.459968719110578
5180,0.40932279023146
5180,0.326066735121193
5180,0.441851166469602
5180,0.330345141221038
5180,0.423285208898363
5180,0.571342345475688
5180,0.402289951689473
5180,0.374321920270181
5180,0.422251235544864
5180,0.394241488969181
5190,0.384086665132032
5190,0.415844837240674
5190,0.431712929145454
5190,0.448001888618142
5190,0.434568168926545
5190,0.436907508190524
5190,0.436364099326338
5190,0.447620430199067
5190,0.425551060784374
5190,0.481948772608238
5210,0.542369316772765
5210,0.489706513991821
5210,0.56822629887889
5210,0.577496451966919
5210,0.616498162126214
5210,0.456878382352092
5210,0.496197169412722
5210,0.501930254555797
5210,0.564297723814014
5210,0.537990383411233
5290,0.386789637534305
5290,0.388579675670912
5290,0.411282288495804
5290,0.357813747990092
5290,0.384154878999782
5290,0.357908224081534
5290,0.410045797522973
5290,0.407851953652775
5290,0.391401629803522
5290,0.435740425959459
5300,0.475414399380595
5300,0.56209200036704
5300,0.529044247425158
5300,0.514653535778082
5300,0.486326689551618
5300,0.50356340125411
5300,0.5165680534296
5300,0.487612645654584
5300,0.476117688413819
5300,0.518035404453828
5330,0.497853044516476
5330,0.524462932050888
5330,0.470589933075293
5330,0.48587652252711
5330,0.502667375549592
5330,0.434595955990534
5330,0.49854321734797
5330,0.508073765883882
5330,0.504710832437751
5330,0.470176382970377
5400,0.540058255198091
5400,0.553398412590255
5400,0.541685636364278
5400,0.573187028929201
5400,0.513147014795061
5400,0.476596900242359
5400,0.508476364211784
5400,0.446055468183613
5400,0.534929361901221
5400,0.463045488045829
5420,0.482821897760352
5420,0.430243574059295
5420,0.541565712946777
5420,0.467846802737774
5420,0.421660059855086
5420,0.479849196721293
5420,0.526482368559012
5420,0.487219353842277
5420,0.486145453200702
5420,0.568170743366458
5460,0.51589987775995
5460,0.544708708778994
5460,0.514976643727938
5460,0.55244328960209
5460,0.520147937481743
5460,0.503272873491284
5460,0.484925481116676
5460,0.544743282020928
5460,0.505677849370955
5460,0.480579226611352
5470,0.695613795195635
5470,0.687510492454401
5470,0.621093692235169
5470,0.659529664546897
5470,0.646736320671103
5470,0.609671860449248
5470,0.710886532999351
5470,0.644769854957352
5470,0.656381787129456
5470,0.67932070898011
5520,0.582697813595269
5520,0.506724471943061
5520,0.485919505429067
5520,0.4953301604734
5520,0.530967974683242
5520,0.505679185199104
5520,0.538805962531696
5520,0.519985670148681
5520,0.545175957655152
5520,0.435296744197519
5540,0.632296472472956
5540,0.596480211137139
5540,0.613647706110411
5540,0.54472930550279
5540,0.666148922822613
5540,0.504053406393255
5540,0.407927273524587
5540,0.457602063182414
5540,0.405965549050347
5540,0.575512753173489
5580,0.632029654511818
5580,0.573412411952623
5580,0.471302933851445
5580,0.559200427870967
5580,0.555349380914753
5580,0.52461462357228
5580,0.556381265469023
5580,0.58579664827108
5580,0.576283807163063
5580,0.530943405866913
5600,0.379775322001176
5600,0.349762290434776
5600,0.382698684230713
5600,0.385955184485811
5600,0.439821132833476
5600,0.418909627137329
5600,0.385671553618008
5600,0.408445724804511
5600,0.384105218408746
5600,0.404695733358713
5610,0.525199700129892
5610,0.559800006901821
5610,0.295596786060812
5610,0.54499838440846
5610,0.354927908517468
5610,0.52102031183405
5610,0.528180661432627
5610,0.520318421583083
5610,0.418231266429414
5610,0.45581373491155
5620,0.530559343456169
5620,0.428130783375508
5620,0.545264475823117
5620,0.42943216942404
5620,0.498181996337615
5620,0.529052899755114
5620,0.39665052883697
5620,0.392103105496587
5620,0.474500171316131
5620,0.609795940075599
5630,0.416907133851731
5630,0.406154615897163
5630,0.387935533612593
5630,0.360251788228208
5630,0.400781524638378
5630,0.363150245582597
5630,0.335963468067003
5630,0.413714393382647
5630,0.423281416828448
5630,0.377050258891833
5730,0.366865206818474
5730,0.442207533075015
5730,0.369755858721409
5730,0.593054183307366
5730,0.36624783471119
5730,0.364400559723805
5730,0.409146613105434
5730,0.540650632383113
5730,0.54865447660668
5730,0.573812247472158
5780,0.348860676632812
5780,0.324394858429798
5780,0.475353617282546
5780,0.407738222638525
5780,0.396014394718964
5780,0.565328408642985
5780,0.598883615248199
5780,0.520718505792791
5780,0.461714619066001
5780,0.590253553899984
5810,0.342805499332098
5810,0.393443737141768
5810,0.409158941608654
5810,0.418888731513342
5810,0.403212043948636
5810,0.390313611462617
5810,0.391361993536187
5810,0.39474763721822
5810,0.430613724197483
5810,0.392959393446861
5830,0.557491197731496
5830,0.435657355713162
5830,0.611195762024054
5830,0.553757441160985
5830,0.569348065981348
5830,0.509153292103724
5830,0.549381548549969
5830,0.533805532778666
5830,0.545198303557186
5830,0.442384331438786
5840,0.525760610827447
5840,0.602377821291261
5840,0.517882404342142
5840,0.569881752199589
5840,0.512416791230361
5840,0.57421182340246
5840,0.492448773989411
5840,0.538885491220238
5840,0.531700098661426
5840,0.627330774790148
5850,0.681746107320329
5850,0.647459989723586
5850,0.581015002797359
5850,0.629370708186229
5850,0.697193015951034
5850,0.585410848342554
5850,0.59331446585768
5850,0.444022481166611
5850,0.491595044199538
5850,0.534104465105235
5870,0.365649163426676
5870,0.350428839678519
5870,0.386096982933537
5870,0.377877234194753
5870,0.375289664992137
5870,0.424941398450336
5870,0.409592687615621
5870,0.354579634300506
5870,0.401827628387152
5870,0.390997234319441
5880,0.39518440936283
5880,0.476824186835127
5880,0.392350846870494
5880,0.356835356935784
5880,0.394977295242902
5880,0.459615974210254
5880,0.466814487227054
5880,0.467207613325112
5880,0.514657721224303
5880,0.442095718291348
5900,0.472756261218712
5900,0.502790122295336
5900,0.492511829000535
5900,0.434782571381538
5900,0.550807361592747
5900,0.395377972715688
5900,0.328740547804641
5900,0.37401883547672
5900,0.331627457916228
5900,0.344805195817737
5930,0.340982915863372
5930,0.355642235652196
5930,0.367759698444935
5930,0.392114683429041
5930,0.397653407727759
5930,0.38446895676298
5930,0.389308173692763
5930,0.433965585949664
5930,0.370757638627384
5930,0.384826752262706
5950,0.414720067946719
5950,0.463321345197528
5950,0.419530932476745
5950,0.396918509898321
5950,0.502344905124815
5950,0.427290735592959
5950,0.425912196308704
5950,0.426042756821158
5950,0.43902283733935
5950,0.410123423329627
5960,0.502757806161555
5960,0.36480194601356
5960,0.475484672071855
5960,0.476487081507637
5960,0.403888525080004
5960,0.347733159212259
5960,0.534571638547447
5960,0.408401850648206
5960,0.402177224132472
5960,0.466426963492328
5970,0.474347643795535
5970,0.400582242709153
5970,0.387022351575163
5970,0.392187916271192
5970,0.478829853222545
5970,0.401927781345436
5970,0.351691230970806
5970,0.469469079652912
5970,0.463289249327018
5970,0.394685708759863
5980,0.341081739707707
5980,0.340417870662508
5980,0.37907165082568
5980,0.373994699378642
5980,0.362463558076355
5980,0.338532048783148
5980,0.366703998819761
5980,0.402567426180119
5980,0.389951492792021
5980,0.383094973607889
5990,0.442855519066836
5990,0.510543347026112
5990,0.390565454365979
5990,0.359964851392488
5990,0.562944716135658
5990,0.499567832687787
5990,0.483251624905431
5990,0.441349552249236
5990,0.475644381554837
5990,0.392602703524785
6010,0.455709314552986
6010,0.446820186425515
6010,0.460652462033638
6010,0.390745670293188
6010,0.47983570768737
6010,0.483271146765884
6010,0.581617111893835
6010,0.584839582150466
6010,0.591754194508045
6010,0.640591150675211
6040,0.438944342809418
6040,0.439078004509463
6040,0.428883947688553
6040,0.421800570380086
6040,0.510479416172441
6040,0.500843940293828
6040,0.451015179331752
6040,0.468453536859906
6040,0.454380018839144
6040,0.416089375220913
6050,0.470027928865782
6050,0.430231093554908
6050,0.423173912767121
6050,0.360251380471283
6050,0.431624823325882
6050,0.483245452995618
6050,0.507169729544499
6050,0.382600812716273
6050,0.601126576366282
6050,0.407493291009601
6070,0.478383587568762
6070,0.351163024462341
6070,0.455278031898946
6070,0.426478327400223
6070,0.349608165757686
6070,0.458912479087098
6070,0.461185041545309
6070,0.419256548736566
6070,0.498145795476587
6070,0.450152797489693
6080,0.368366030235
6080,0.375886462267882
6080,0.439744005274523
6080,0.373785369078089
6080,0.381559653775398
6080,0.387014039126326
6080,0.427828012198154
6080,0.39446034790958
6080,0.376732138342268
6080,0.410353673214768
6100,0.411967530742581
6100,0.461134650983516
6100,0.532771693217609
6100,0.462887058081614
6100,0.460647732795609
6100,0.459811185501333
6100,0.409459870408303
6100,0.46346976264152
6100,0.489430596302258
6100,0.446419606466305
6110,0.474465375924063
6110,0.50535930785765
6110,0.478804714520529
6110,0.523592548927346
6110,0.465777539084295
6110,0.466054167584574
6110,0.501371947197749
6110,0.505022916596626
6110,0.434623118756338
6110,0.516714051120976
6120,0.483215020012411
6120,0.470216692665901
6120,0.494864734918235
6120,0.49502594373176
6120,0.483518740209797
6120,0.514916747485063
6120,0.528033592522305
6120,0.526156542147931
6120,0.508716271228695
6120,0.4808095766547
6130,0.400155161334357
6130,0.383045498058563
6130,0.427183575884017
6130,0.429927202322813
6130,0.439156880139468
6130,0.415353884202203
6130,0.401567062616648
6130,0.450822894711216
6130,0.421660576818985
6130,0.404601746796636
6140,0.358833877500712
6140,0.409952380276438
6140,0.431201283134225
6140,0.363955951909715
6140,0.423684152891054
6140,0.442139176943173
6140,0.430365748670214
6140,0.39139605232268
6140,0.437801492623596
6140,0.405712889457595
6150,0.485161795096587
6150,0.349395233771494
6150,0.512539017322591
6150,0.380817286469405
6150,0.453841377805462
6150,0.469839964513624
6150,0.383897272503873
6150,0.464887394723074
6150,0.481411842816758
6150,0.407495801420621
6160,0.638423075506563
6160,0.599863369347413
6160,0.641703707664139
6160,0.589341695916009
6160,0.582756406493551
6160,0.585386379477456
6160,0.615297052872538
6160,0.616917058210477
6160,0.579673305171425
6160,0.600463025403619
6170,0.447269887899926
6170,0.464059735231787
6170,0.444340547084921
6170,0.43047073233155
6170,0.435561164638821
6170,0.447029546385681
6170,0.417578699897536
6170,0.420216592726568
6170,0.525129536799368
6170,0.41304990421357
6190,0.373706396239059
6190,0.296101625953098
6190,0.338434225845134
6190,0.445802090021989
6190,0.398037826215842
6190,0.404885188134269
6190,0.442836570941779
6190,0.369932806014409
6190,0.399917765003306
6190,0.407007300604212
6220,0.602116890301661
6220,0.558922969488746
6220,0.586221253003143
6220,0.630882507768962
6220,0.57192292001951
6220,0.654828155980289
6220,0.592599401179242
6220,0.58863406131159
6220,0.572248124187768
6220,0.588719418811692
6240,0.342487636474456
6240,0.416325493821097
6240,0.375600354031504
6240,0.392537385729982
6240,0.376474889270806
6240,0.384878207725269
6240,0.365244352277139
6240,0.365726377220523
6240,0.402403824779035
6240,0.391502436760076
6270,0.424653285661208
6270,0.45570059427173
6270,0.469752800408503
6270,0.454604250773411
6270,0.428693012974512
6270,0.521349538639441
6270,0.459282687120429
6270,0.456741686056626
6270,0.438410251879181
6270,0.433259708406329
6280,0.477202630562079
6280,0.432493548664678
6280,0.479360686997408
6280,0.429183587627803
6280,0.48413078356424
6280,0.480543463886932
6280,0.387264290607847
6280,0.401833772341548
6280,0.436610275339015
6280,0.408587587278971
6290,0.395198344967297
6290,0.329105979729501
6290,0.416043723840176
6290,0.463433774112718
6290,0.510196936341229
6290,0.498157292276597
6290,0.447957200371904
6290,0.468194974506617
6290,0.507930632405095
6290,0.515647643348915
6291,0.543762630389024
6291,0.479020817550246
6291,0.435597398896581
6291,0.404897796309027
6291,0.414349807279925
6291,0.426084916375082
6291,0.372752257159252
6291,0.475543300141826
6291,0.262564708321855
6291,0.396515670979892
6292,0.516199806643664
6292,0.610006266960139
6292,0.39156512144474
6292,0.632892423295761
6292,0.380747116579943
6292,0.42380589296343
6292,0.683111999289552
6292,0.58830851876377
6292,0.580715286668182
6292,0.497403589070013
6310,0.466026418460971
6310,0.518446484171243
6310,0.519886764870211
6310,0.474090502000945
6310,0.442629059093808
6310,0.481946865094762
6310,0.509703780454625
6310,0.484976017707376
6310,0.481804998403988
6310,0.502452010246884
6330,0.522339871889798
6330,0.504761696879849
6330,0.514956805503251
6330,0.620595420027835
6330,0.658932414529137
6330,0.526385890096725
6330,0.526686780951945
6330,0.480809516677508
6330,0.445874933865919
6330,0.530735163260902
6360,0.467674268125348
6360,0.54460702050868
6360,0.417148729029968
6360,0.514243138107851
6360,0.545446219922371
6360,0.482533734595225
6360,0.473469068092817
6360,0.537224469403945
6360,0.548514687959034
6360,0.568091630786818
6370,0.553847916533305
6370,0.574944094430688
6370,0.553961181476097
6370,0.505105299196909
6370,0.629391350031051
6370,0.569011751577853
6370,0.620874908617145
6370,0.492153633726811
6370,0.534992421579596
6370,0.544368787995589
6390,0.523332396773002
6390,0.525197724548891
6390,0.484799057317692
6390,0.402939936702759
6390,0.507623170297377
6390,0.540477248371095
6390,0.479991818508093
6390,0.487266841486633
6390,0.452599659262355
6390,0.497799781726668
6410,0.521180940623432
6410,0.591466262183206
6410,0.622613066541239
6410,0.543522037800638
6410,0.487687865600551
6410,0.552842412497107
6410,0.618049357449496
6410,0.552202359335922
6410,0.56126545735952
6410,0.561848677167383
6420,0.561300819347715
6420,0.652726678544288
6420,0.670990541172405
6420,0.635036483263977
6420,0.708606607905856
6420,0.706440776925361
6420,0.683317971576223
6420,0.647412940749941
6420,0.684914366577175
6420,0.636541146846782
6450,0.493206618578705
6450,0.595236464713796
6450,0.586990236907387
6450,0.666766425693569
6450,0.598139318396912
6450,0.683623368735209
6450,0.652140780708407
6450,0.666993286551693
6450,0.578085709856047
6450,0.550153359925426
6460,0.510996252812764
6460,0.425836084681575
6460,0.41159484047775
6460,0.401498144557162
6460,0.588262855240564
6460,0.52469773328965
6460,0.580501410029608
6460,0.438094671318719
6460,0.441577159497355
6460,0.618367889043845
6480,0.448967291899308
6480,0.4929914813946
6480,0.469781683733458
6480,0.449540293089976
6480,0.507868553441249
6480,0.532696825453471
6480,0.431602259366584
6480,0.503404022801457
6480,0.485723472556991
6480,0.425147637647006
6520,0.462806396607437
6520,0.426182169619924
6520,0.453926952049837
6520,0.42520720420792
6520,0.467105108615255
6520,0.41566557198393
6520,0.494017469264113
6520,0.424159711406852
6520,0.445844272187924
6520,0.430144282753871
6540,0.443168071482809
6540,0.547425850913939
6540,0.529262560404661
6540,0.451353917547007
6540,0.523588538407437
6540,0.543284834580054
6540,0.520052586677308
6540,0.560160981638466
6540,0.483263150048642
6540,0.385711667422485
6550,0.599862245574403
6550,0.604272534817837
6550,0.554836719650352
6550,0.59354359364534
6550,0.614687674442143
6550,0.625208175290195
6550,0.608777522452782
6550,0.553514523492701
6550,0.615549324512642
6550,0.575719889539005
6570,0.386773201259059
6570,0.505596285187769
6570,0.6099032181541
6570,0.535018700377841
6570,0.542705079974049
6570,0.517562794707806
6570,0.394890186668935
6570,0.529102077353106
6570,0.478451636431991
6570,0.562894265121662
6580,0.486348832925953
6580,0.554936525375523
6580,0.49124181160972
6580,0.556660922636617
6580,0.563513458527186
6580,0.521120237374711
6580,0.516603506356763
6580,0.531678769147375
6580,0.511512334283421
6580,0.321278631065515
6590,0.458454797103645
6590,0.3087429110652
6590,0.450511336563704
6590,0.38395733972352
6590,0.335850480180149
6590,0.453978466009261
6590,0.340949070230573
6590,0.553214317089902
6590,0.365701450505109
6590,0.377383954859365
6620,0.562565377038646
6620,0.557292711178278
6620,0.572457598753745
6620,0.558321020622427
6620,0.525912097650223
6620,0.5100042540814
6620,0.455930002828733
6620,0.481703355301279
6620,0.466594205162216
6620,0.514131757800748
6630,0.539376571896579
6630,0.521811121127515
6630,0.498661248673579
6630,0.481842493953238
6630,0.507309781169149
6630,0.536407835804944
6630,0.448415716001773
6630,0.540833918223225
6630,0.540503047750095
6630,0.449243016828126
6650,0.598906204047174
6650,0.465146343194787
6650,0.359186658429206
6650,0.558910903534879
6650,0.598633215534989
6650,0.496368295235349
6650,0.434196915183917
6650,0.578049082187132
6650,0.59065686300848
6650,0.47442348192023
6670,0.453325936116268
6670,0.497131763709799
6670,0.452107376373378
6670,0.515563303130304
6670,0.416033057917028
6670,0.39459541025304
6670,0.53204410261124
6670,0.487222968058725
6670,0.531555175908213
6670,0.543802599649899
6680,0.367351780365986
6680,0.375444365992164
6680,0.526166416651483
6680,0.548491054940748
6680,0.784575261526375
6680,0.733850441503113
6680,0.555105371301127
6680,0.46566943286615
6680,0.6018098159009
6680,0.323326765777117
6710,0.515858993880095
6710,0.432812759318398
6710,0.492193069943667
6710,0.466601456995842
6710,0.505178205614721
6710,0.468208404649332
6710,0.447204150275839
6710,0.464601735694188
6710,0.496092862817532
6710,0.393463902807759
6730,0.455698227228552
6730,0.501986882033204
6730,0.429714891389892
6730,0.53975533176643
6730,0.465279384735862
6730,0.500405800656159
6730,0.411896456180106
6730,0.512847794449442
6730,0.430380364768956
6730,0.451429730781075
6740,0.519036784097843
6740,0.491065867915568
6740,0.450349645852044
6740,0.496871078195745
6740,0.469024479335934
6740,0.47551432252079
6740,0.427819015575777
6740,0.505269750320298
6740,0.433448715060341
6740,0.405768842727973
6750,0.501976118974091
6750,0.697238950761967
6750,0.524840472458183
6750,0.545689483200501
6750,0.684993591036997
6750,0.656505124518615
6750,0.627798845323532
6750,0.574780765174019
6750,0.679943064701083
6750,0.663755886251544
6760,0.524799728654917
6760,0.435364863443381
6760,0.48022086791142
6760,0.521470607891172
6760,0.525161379946228
6760,0.509157700147816
6760,0.532572152759285
6760,0.503898864043676
6760,0.530701235107654
6760,0.502114701084374
6770,0.460498749009978
6770,0.449195501446717
6770,0.403750684408613
6770,0.443534644645259
6770,0.448608495934786
6770,0.533042174227271
6770,0.494021074168589
6770,0.501899507297237
6770,0.449923136846823
6770,0.443698167845519
6790,0.504847175738579
6790,0.494065394920167
6790,0.549197914285378
6790,0.495957839424754
6790,0.427016405281832
6790,0.476060555521845
6790,0.466403369830054
6790,0.437314081575881
6790,0.540708852354297
6790,0.44595484305457
6800,0.478333907468646
6800,0.479731616609321
6800,0.514300472020228
6800,0.432519596614309
6800,0.305860761814008
6800,0.417329366649784
6800,0.419884167168128
6800,0.488722789567133
6800,0.436156250040729
6800,0.352507352127783
6810,0.370431085657317
6810,0.42604531877046
6810,0.431780635051981
6810,0.405040611465388
6810,0.412758951601673
6810,0.381093155714087
6810,0.410552177100703
6810,0.433158508300828
6810,0.420280546129435
6810,0.412765361766192
6830,0.508673694231235
6830,0.455556975684301
6830,0.449909540139975
6830,0.463426274452147
6830,0.491831398344693
6830,0.480088229261043
6830,0.515879862003069
6830,0.51821433359225
6830,0.454903182758312
6830,0.476508037444826
6840,0.519498723806045
6840,0.515281368958555
6840,0.512264386563536
6840,0.461155408101513
6840,0.492653496992303
6840,0.46311114250091
6840,0.359294486361809
6840,0.541448641090429
6840,0.503929714755166
6840,0.576091540830724
6850,0.492798545455063
6850,0.473162557009191
6850,0.586720118949796
6850,0.403715305702292
6850,0.550345147052961
6850,0.498798873951176
6850,0.44951454333036
6850,0.468205986200282
6850,0.605270706798475
6850,0.566657982537485
6860,0.566793682080433
6860,0.51179553324523
6860,0.571399497390729
6860,0.577415004362844
6860,0.409031900740186
6860,0.595238271494612
6860,0.584347318834671
6860,0.51162991368329
6860,0.612076846152624
6860,0.416416804013133
6870,0.485724700488572
6870,0.453355026694137
6870,0.441739052849977
6870,0.482036275540823
6870,0.455089659277359
6870,0.461698868115794
6870,0.461611232995354
6870,0.566466260381871
6870,0.50648546671457
6870,0.496373101206075
6882,0.42510479621985
6882,0.453477912956259
6882,0.425337286589937
6882,0.463484352097337
6882,0.485705316685629
6882,0.407934689115008
6882,0.442744034346341
6882,0.44845358167167
6882,0.45215894726225
6882,0.468045587345298
7020,0.54642398115021
7020,0.559330091954802
7020,0.469491246241056
7020,0.568563825624443
7020,0.430497796219404
7020,0.534550969663118
7020,0.694058263754369
7020,0.434824259582314
7020,0.473609419869305
7020,0.537222331246349
7030,0.492478574414489
7030,0.47612491966626
7030,0.521846484448363
7030,0.458142397025025
7030,0.474294120101025
7030,0.508563286746852
7030,0.472764815605613
7030,0.494580006679833
7030,0.51504219325565
7030,0.46557057443521
7040,0.472711632185218
7040,0.365367453105798
7040,0.375390763048761
7040,0.417315563954046
7040,0.367786527546509
7040,0.3487247345212
7040,0.412442904502815
7040,0.410896464993765
7040,0.418765198453132
7040,0.391399405526895
7050,0.368285180510793
7050,0.341658311851384
7050,0.407734324638128
7050,0.410835545891047
7050,0.418876803457637
7050,0.407944671642078
7050,0.385549106312236
7050,0.445618828161103
7050,0.404257161462432
7050,0.417980233544434
7150,0.45633748419653
7150,0.497980513481956
7150,0.444674440529333
7150,0.462178549279496
7150,0.528537961285299
7150,0.520698792805379
7150,0.471906432203568
7150,0.445605433421825
7150,0.418485234594385
7150,0.479318308209724
7170,0.661065600868067
7170,0.564256618935342
7170,0.58992043700777
7170,0.721389874647366
7170,0.574027396480485
7170,0.564021564740716
7170,0.624317873392789
7170,0.649194002314006
7170,0.561838367026486
7170,0.641191652121616
7180,0.420187306763009
7180,0.443498238278951
7180,0.409782209585562
7180,0.446142224329897
7180,0.448547984008926
7180,0.353151248382142
7180,0.430958099893194
7180,0.393484056878674
7180,0.35890133894874
7180,0.39406432003561
7190,0.367465213863691
7190,0.475625367367067
7190,0.533698633147525
7190,0.514596700831172
7190,0.450439827500113
7190,0.626054588676874
7190,0.517142134138311
7190,0.398448455659882
7190,0.455023946268495
7190,0.475935442889311
7210,0.385893843736777
7210,0.394116153589878
7210,0.376741868340824
7210,0.404156267229492
7210,0.419897920379577
7210,0.423837155480142
7210,0.354225507230408
7210,0.408374082272864
7210,0.365900860499622
7210,0.408838685476131
7222,0.517420982639721
7222,0.451928883555576
7222,0.482175820817173
7222,0.527504203252568
7222,0.385525980783947
7222,0.529840148243873
7222,0.580870959377436
7222,0.54065097981714
7222,0.492420355157485
7222,0.480069113338502
7240,0.461977126889464
7240,0.590185439418522
7240,0.598604475250491
7240,0.508920374791467
7240,0.463894777368769
7240,0.551661925725607
7240,0.591831567443895
7240,0.489662356574323
7240,0.522402165005361
7240,0.472475998026597
7250,0.686766071508092
7250,0.672432643615802
7250,0.702956509630711
7250,0.678295128486566
7250,0.70710233402416
7250,0.642368016205333
7250,0.695538814143805
7250,0.630509553572622
7250,0.69814222428616
7250,0.628873437851829
7260,0.517969226308673
7260,0.515408710420079
7260,0.569268482074304
7260,0.474814852879775
7260,0.5250430520791
7260,0.497231572260075
7260,0.536768079518046
7260,0.541090550801198
7260,0.512132691624177
7260,0.584192226877048
7270,0.415106661951775
7270,0.433523965138437
7270,0.354115301662537
7270,0.383345193805727
7270,0.408263557989497
7270,0.435511002944673
7270,0.425900922719308
7270,0.402084217081598
7270,0.435325047097438
7270,0.375831986317843
7280,0.444380296840349
7280,0.510212790681341
7280,0.467644982083631
7280,0.511033489815946
7280,0.47186588028729
7280,0.532582602276638
7280,0.404751678492726
7280,0.48863812080648
7280,0.409956169919639
7280,0.487138041571778
7290,0.42041086993209
7290,0.472436876032826
7290,0.498914405763872
7290,0.440228209449804
7290,0.51303164819786
7290,0.466380764173966
7290,0.502623353071628
7290,0.501018633558881
7290,0.446485845504488
7290,0.537376261958746
7310,0.40002116148063
7310,0.426495040775363
7310,0.338502328801527
7310,0.421184284304436
7310,0.35200485669675
7310,0.400214689654362
7310,0.402650330214587
7310,0.376532904048679
7310,0.371894316943095
7310,0.408697864672862
7350,0.422001080050582
7350,0.48733966537045
7350,0.489794800173954
7350,0.503439749225087
7350,0.420065987766923
7350,0.357225428083877
7350,0.39548454785711
7350,0.429889412225996
7350,0.434912757090204
7350,0.366282856012646
7360,0.416208317064802
7360,0.382914635653314
7360,0.396616975335468
7360,0.426220886101771
7360,0.364332559600647
7360,0.375178733145717
7360,0.415308334576943
7360,0.451047081556116
7360,0.331701490779788
7360,0.377021953692918
7380,0.378473297982726
7380,0.492298515175736
7380,0.417311381131572
7380,0.355503632455555
7380,0.389023050598734
7380,0.402809634808827
7380,0.474225490020676
7380,0.503438854757913
7380,0.312954519921333
7380,0.409484665990461
7430,0.341800879216449
7430,0.427718457904926
7430,0.555237123779849
7430,0.544265110804506
7430,0.472238161561084
7430,0.492098608410309
7430,0.428006088109426
7430,0.355128961732825
7430,0.440622473146638
7430,0.310250886616837
7480,0.430651813480278
7480,0.670311504266408
7480,0.582530702609401
7480,0.638923562228484
7480,0.604873962319119
7480,0.52850983245876
7480,0.601227717358157
7480,0.531878787242659
7480,0.584439378551963
7480,0.529097664483772
7490,0.604379797865459
7490,0.407638719644251
7490,0.542831732056046
7490,0.569026708461002
7490,0.539883562677683
7490,0.512571196874674
7490,0.51718494663285
7490,0.592505260918118
7490,0.441420335773067
7490,0.569569483948058
7510,0.471535797377167
7510,0.474580074831555
7510,0.462871269194373
7510,0.452243247451447
7510,0.386928768269406
7510,0.46960577009463
7510,0.388500486074583
7510,0.466704230212241
7510,0.506635891171942
7510,0.471551631434404
7540,0.377658039781838
7540,0.567400258236739
7540,0.429947729575128
7540,0.42432686798063
7540,0.529231827100417
7540,0.565652180986321
7540,0.408726331222141
7540,0.382076884868829
7540,0.459003022121551
7540,0.487845501263542
7550,0.349765303429742
7550,0.449240778527453
7550,0.381510886815757
7550,0.387929045793502
7550,0.42467242809616
7550,0.358416609864111
7550,0.353611570727832
7550,0.376487878552418
7550,0.363439171554465
7550,0.377998901118965
7560,0.373614014337394
7560,0.503501799389456
7560,0.447477521654167
7560,0.457885313604134
7560,0.504373360820249
7560,0.461015839007671
7560,0.465359165428364
7560,0.4610137959683
7560,0.401593872439151
7560,0.432016615448726
7580,0.552359523694744
7580,0.455189895230298
7580,0.589265604453892
7580,0.474832880635522
7580,0.508894771183922
7580,0.551900153390973
7580,0.638581323757546
7580,0.507999885010657
7580,0.453541259853021
7580,0.463032489180928
7590,0.450110463509884
7590,0.566049473524863
7590,0.509687118393509
7590,0.458166534316897
7590,0.509580334377519
7590,0.459437583307887
7590,0.477453711059302
7590,0.441973510701227
7590,0.467691486880439
7590,0.450487164266076
7610,0.37981851627868
7610,0.391706954038468
7610,0.439122620923938
7610,0.393929885163903
7610,0.410873347904465
7610,0.404492942146392
7610,0.398955341399586
7610,0.387055571604007
7610,0.414964000242429
7610,0.402361723402809
7630,0.662882594281501
7630,0.608959936305525
7630,0.32760687026023
7630,0.74006994145724
7630,0.59697596251797
7630,0.714248816193399
7630,0.602159175774158
7630,0.539690124948251
7630,0.392298808755968
7630,0.408229087570759
7660,0.376055651742226
7660,0.345122841732228
7660,0.353284337171643
7660,0.349460312998816
7660,0.364486790474295
7660,0.419378493595981
7660,0.433858766122738
7660,0.425336851897021
7660,0.399771249490789
7660,0.391408335201988
7670,0.437222436173762
7670,0.442069074730885
7670,0.398045219313729
7670,0.50053526891492
7670,0.662848227134598
7670,0.416374575014299
7670,0.337772803685988
7670,0.444807372617674
7670,0.509477240061156
7670,0.449628779012149
7680,0.435864655379063
7680,0.439780848197768
7680,0.374233126752352
7680,0.410449392117729
7680,0.363562590013805
7680,0.4870826106386
7680,0.499969227490763
7680,0.382530952960603
7680,0.467658465591091
7680,0.450872997695364
