"AOU","rmse_occ","AUC","rmse_pres","AUC_pres","rmse_gam","AUC_gam","rmse_gam_pres","AUC_gam_pres","rmse_rf","AUC_RF","rmse_rf_pres","AUC_RF_pres","AUC_me_pres"
5140,0.115370012496063,0.613666845493562,0.280499834207782,0.671455545737608,0.108753562807854,0.683766988555079,0.275229869214274,0.751191302701338,0.117435771691151,0.641295600858369,0.283906022732057,0.689269860304637,0.766354771522343
5170,0.225512793416081,0.511658815612382,0.333902892084769,0.660180692309509,0.213023237372775,0.58514468371467,0.318138631994358,0.764015312507379,0.225949094578623,0.565376850605653,0.330744374137819,0.711016268801209,0.765476316970083
5180,0.217880302473098,0.625708884688091,0.34009785333937,0.693436252888049,0.179811624120192,0.672377126654064,0.30767895592973,0.832671707624449,0.21874168409204,0.674740075614367,0.340126974882903,0.730476790590212,0.773713505566058
5190,0.306761828512706,0.538053717399766,0.407173633263648,0.594896699617895,0.298025531522261,0.499470611132736,0.393632297807427,0.67271579305966,0.297865454687787,0.649279875437914,0.389213575176822,0.711294772006505,0.660554938944596
5210,0.130669334555183,0.53771556910243,0.252795035607037,0.745161225635678,0.122736498308837,0.576425764017005,0.249939705647589,0.785660142776931,0.131588610059053,0.601187134033849,0.255704876882109,0.762829870859068,0.790857864762974
5290,0.337605533965631,0.577990404536038,0.378860636377168,0.622814344907083,0.328891041583956,0.587367789772108,0.371382803423043,0.68683602816331,0.330281839761613,0.507894449896413,0.370330644873843,0.72022470870913,0.693918718943253
5300,0.211308236692446,0.583959369378902,0.326491314100042,0.638821288752513,0.184978245342209,0.583112898106021,0.307792749258774,0.786636334779388,0.217397441655913,0.481430536451169,0.328799769160091,0.68674611152259,0.758689556660671
5330,0.182234039719346,0.534594594594595,0.304360992818143,0.668573506241668,0.175312331266404,0.525702172760996,0.299448938865628,0.734298872863895,0.181567208715572,0.572093269740329,0.308482424034385,0.698308083868622,0.742828748030542
5400,0.255884722197285,0.544441892512632,0.33269460737674,0.64199088960343,0.247528543666256,0.502363726841219,0.326540150126861,0.715224544480171,0.249415295639363,0.557026106262441,0.327720119432128,0.738034833869239,0.700373526259378
5420,0.267134993649612,0.566079135386066,0.331757437100371,0.64104469857954,0.257017067119529,0.527708265332028,0.322434297155572,0.729345844198502,0.260561019840378,0.647871105791898,0.318899055881093,0.74698512505279,0.738051945004927
5460,0.234603621642692,0.576638457150448,0.369684020995628,0.585775732505811,0.225059057805265,0.538348532089301,0.36292614331136,0.653597036495054,0.226814824559266,0.614154769439951,0.359966701547568,0.699856873750453,0.670624567438885
5470,0.0921578655258979,0.595897121861604,0.271398543768203,0.633716143011918,0.0744312335977051,0.588977342314758,0.255283756236996,0.75783315276273,0.0943050413687933,0.568003674219228,0.272423360756549,0.6565872156013,0.702925243770314
5480,0.147424376336998,0.596028154851684,0.2641113297349,0.741013071895425,0.115889324213178,0.697083961789844,0.25521150030967,0.820836359235052,0.144265576204649,0.69544997486174,0.258478482863487,0.737851004599371,0.816660614863229
5520,0.244596085875629,0.553130958506099,0.35229737005849,0.602898445860261,0.235204290735303,0.574574014103689,0.346612747711869,0.668472403642194,0.23957210649174,0.559267273992918,0.343555859008483,0.712334675100633,0.680595912243087
5540,0.251851876909657,0.626315789473684,0.317025847921277,0.677432216905901,0.22436674910302,0.582121971595656,0.310975620083726,0.762349054454318,0.245670082673835,0.576608187134503,0.30079586651276,0.801874003189793,0.778035999088631
5580,0.256261811254751,0.600717488789238,0.304352327628748,0.665966485721029,0.238532289289365,0.692615844544096,0.28888582881155,0.799221147037999,0.259912362676827,0.649028400597907,0.303371364713542,0.716055834653899,0.793307259179338
5600,0.336424882195876,0.697120523784073,0.363758779716006,0.636369643367037,0.327970525466478,0.626002137894174,0.358217747910421,0.691332193611211,0.328975007516022,0.544973721717442,0.357909954621309,0.720969849834899,0.706402883228513
5610,0.261680097722995,0.550460666194189,0.336830593901286,0.708183097352915,0.240915637276364,0.569950389794472,0.328856769338643,0.74589306129628,0.258359027168781,0.521474131821403,0.338502555769443,0.702409638554217,0.759867206050479
5620,0.226477963479574,0.634331597222222,0.286704883248389,0.721616972477064,0.208388087025952,0.590711805555556,0.279407028560233,0.795925315366973,0.22762649372126,0.603515625,0.286286828420794,0.766426856364679,0.809982439793578
5630,0.336894363391639,0.653574902723735,0.403409202827329,0.574599578293614,0.324203106181235,0.605874791550862,0.39613331219867,0.650686152410036,0.328808236600864,0.549854085603113,0.398506897540732,0.684229166226901,0.663690915956591
5730,0.270879596873951,0.461016949152542,0.338176714113055,0.691905914908336,0.240863566900039,0.63680387409201,0.311716651890539,0.813317191283293,0.273490237137394,0.528329297820823,0.345458502111716,0.679245935662401,0.763161535800761
5780,0.245776964712434,0.784383561643836,0.361091607051262,0.598952457695407,0.209559913326437,0.618356164383562,0.351105484438894,0.694520547945205,0.250418540798232,0.612876712328767,0.366563956194343,0.631265108783239,0.741176470588235
5810,0.33895434163728,0.662398841637575,0.366627313458921,0.642489668210882,0.331936183357036,0.699966280545858,0.361935147569452,0.68421113514639,0.331901436602091,0.510115836242463,0.361074461740648,0.714736247039528,0.693256134319042
5830,0.206275975357172,0.493777257738538,0.282815243839165,0.691537821383207,0.186429712524408,0.579512817785342,0.273589222416176,0.789781437519163,0.203375770569135,0.732333439704996,0.278440743847899,0.752633480793658,0.79747930445447
5840,0.227070557448779,0.543809523809524,0.31187130764901,0.632164918414918,0.212949542442496,0.657604617604618,0.297387167852779,0.783228438228438,0.226087634489383,0.703549783549784,0.308762843624274,0.753441142191142,0.777392191142191
5850,0.195415591124622,0.582481060606061,0.266133346738189,0.679352678571429,0.180295423229381,0.633806818181818,0.256185283394337,0.783494543650794,0.194792559651624,0.645265151515152,0.261761914413066,0.730003720238095,0.790290178571429
5870,0.279308343697777,0.581911926483171,0.334364296229703,0.715955241896965,0.264989204903754,0.567044103430267,0.32422883801468,0.788920183988166,0.271768388486501,0.622403964752814,0.325645741602127,0.813166689341944,0.793740610264085
5880,0.270357865369396,0.465528519099948,0.335694155849413,0.659260330312962,0.259576182202973,0.561093668236525,0.332150393636254,0.697775421459632,0.272919580648177,0.639848246991104,0.335879093377726,0.706282265492792,0.708967932652143
5900,0.250562822526966,0.614242261585257,0.319794610498914,0.709650856389987,0.21711669372,0.458400429414922,0.314121680726855,0.749286341677646,0.258205670710039,0.508677759885489,0.330208780287093,0.677865612648221,0.769653052261748
5930,0.395348918131281,0.691767881241565,0.40947305014357,0.589121730982196,0.385075455497083,0.693348756506651,0.403158447484669,0.65157930604687,0.390067988674406,0.572045498361288,0.404324331483594,0.690228253998144,0.659181495778803
5950,0.29750203880486,0.644720332827049,0.37589132089262,0.6598569421656,0.283851184988282,0.625833718549825,0.367144694405993,0.718615391764702,0.291899060314633,0.508370204054679,0.371034102432286,0.723846010859813,0.720760186883148
5960,0.25355533903812,0.504789498580889,0.333780249429735,0.653837032396635,0.242812554455335,0.600106433301798,0.330440321937828,0.688685788437444,0.256103684629429,0.517502365184484,0.337407557143589,0.661593878646859,0.70912609629497
5970,0.322519242726508,0.553011204481793,0.402307421034033,0.597613646522439,0.310688803043147,0.567436974789916,0.38795855925764,0.681122049883783,0.312200389825578,0.589122315592904,0.385093624629388,0.710285177900948,0.680125640681805
5980,0.351712994777423,0.794753846153846,0.381793638925942,0.623342756183746,0.340454744188449,0.768292307692308,0.375729696708831,0.686191519434629,0.341869710956148,0.714307692307692,0.376608199890963,0.71105371024735,0.695650176678445
5990,0.22028646362639,0.512554856806768,0.329649825144688,0.640238817425702,0.208393127171169,0.599918563090983,0.319521085541857,0.735153246101505,0.222704967109482,0.586662444012125,0.329200517238595,0.707444963505804,0.71172906473015
6010,0.299411321122949,0.630982367758186,0.370755940936953,0.601338161209068,0.250227623002896,0.581024349286314,0.347164176925184,0.741199622166247,0.309773347731411,0.585222502099076,0.383400502166878,0.619615869017632,0.721741183879093
6040,0.287551019211407,0.70883817735821,0.393004150125389,0.580424238378917,0.272583768629028,0.612824896553433,0.372041632833007,0.712437632452818,0.278547721817244,0.542803340023291,0.372568211127658,0.725955468041673,0.689120374233095
6050,0.196616508331527,0.718184104627767,0.299665626731799,0.771083644725496,0.175294248993661,0.665492957746479,0.28349102786816,0.841534923828686,0.205835500499561,0.697434607645875,0.308125711999655,0.730454153492383,0.820724346076459
6070,0.288902486279875,0.625688457854406,0.360755229793426,0.625309193769592,0.275584471540562,0.533554837164751,0.355120980323439,0.679549740399687,0.293868117107821,0.511075191570881,0.368228085572009,0.633773755877743,0.674976121669279
6080,0.313944802271891,0.694120505344995,0.415933643892348,0.558144219640476,0.296720392664164,0.646865889212828,0.405065126530241,0.6559601945588,0.307082025774311,0.557118561710398,0.409267189474888,0.670027433083786,0.654928249117307
6100,0.306798068766869,0.60433912803532,0.379583229711379,0.610944268784544,0.296784667818264,0.691501103752759,0.372083893893676,0.682553341134293,0.303371799154659,0.535078642384106,0.376503201020264,0.677591121844346,0.687115657521287
6110,0.261853952732385,0.641163340336134,0.363709836460366,0.601094283867393,0.254014339297815,0.584952731092437,0.35378334892591,0.704159202142395,0.256886384140796,0.530330882352941,0.359870263957691,0.709903038138332,0.696990488503094
6120,0.246544114895698,0.658476958806992,0.354409933551049,0.646696633495837,0.239938866535237,0.615843876054272,0.347547538740765,0.685871823222931,0.238504825044868,0.659244743918836,0.344484749440602,0.722622024258263,0.69990660233536
6130,0.343191089093886,0.627305653050556,0.378736959972738,0.593819292314083,0.337008214351583,0.590825927861997,0.372139825810813,0.659558663337566,0.336741721411718,0.531387685759092,0.372737122114779,0.688650875667477,0.674064357256325
6140,0.287227326035682,0.485725141120278,0.380687871995192,0.623413465966657,0.27816573681587,0.610079847541854,0.374468749094125,0.674583729902879,0.279071884554038,0.536715395378009,0.371031537688954,0.722138814692006,0.681467665510219
6150,0.232334940949132,0.472641685309471,0.327227271790619,0.634179890500091,0.221571515152891,0.47102597564007,0.319329958371984,0.717243724233327,0.232842516033371,0.580536912751678,0.328612729994891,0.700938515453242,0.705242781467701
6160,0.135592434933372,0.605168418241813,0.284292756083291,0.623130542447203,0.130951725289839,0.663881153560053,0.277800896396842,0.720675101776346,0.135138735814318,0.693227984512388,0.281475156706912,0.717410222087162,0.704611893705563
6170,0.188652208041388,0.50794217758541,0.359078563961059,0.613881148656139,0.184947522599772,0.486773542883557,0.355634738917265,0.657260604258836,0.187219722746234,0.556306992478043,0.356521880696387,0.688366472167075,0.664310374655259
6190,0.295150269174215,0.553397846650102,0.372519445048071,0.693541567607057,0.286248445670928,0.548581142931869,0.362713619495954,0.734590021445395,0.28930915826964,0.590732749226276,0.359363729575034,0.748676124635588,0.739459942026735
6220,0.152930214147557,0.516997397527651,0.28101404351171,0.6961457341428,0.147739868772902,0.490771292251448,0.275341665319495,0.741682537152016,0.152725593022552,0.53562134027326,0.283072235426173,0.7298879299573,0.742928837030941
6240,0.322455074929238,0.57923393478949,0.363476322772589,0.651458794977314,0.313057832085662,0.629882874327319,0.358483513239129,0.698716934115794,0.316355146610363,0.508553339664451,0.359831748579484,0.723577730700238,0.707949813719045
6270,0.287383046018631,0.536389819156062,0.354338714860473,0.650845746699518,0.277389100550723,0.523194909578031,0.344917458675934,0.722698525624019,0.275034089380266,0.503663764233088,0.343146739691333,0.74466575219586,0.719336477272862
6280,0.262394276563814,0.647090268146093,0.39660987313474,0.543381405237418,0.252284351719902,0.585327092001849,0.3884574118481,0.642579771856706,0.260726596069175,0.516412390198798,0.394744015857237,0.651506299838589,0.652211719145246
6290,0.244708041712188,0.783061977456589,0.348811330852132,0.781147768656256,0.228410367982806,0.683613715600988,0.329917315827033,0.82114529967286,0.248609416709855,0.760586264089632,0.347418023605847,0.763669423698126,0.804952883566858
6291,0.183360232523938,0.93574297188755,1.54379484995821e-06,1,0.0347230690096497,0.995983935742972,3.9081515738577e-10,1,0.156752433315256,0.990963855421687,0.132023735075517,0.996170395869191,0.999010327022375
6292,0.14383171657149,0.960800438596491,0.102195010925871,0.998172514619883,0.0385317051079886,0.98656798245614,0.000291091875705763,1,0.152844964169195,0.874040570175439,0.144119110270078,0.988559941520468,0.997002923976608
6310,0.315908482564033,0.810173806179775,0.379194816071821,0.566671902720284,0.303177461715161,0.750219452247191,0.370699525880396,0.669777498521585,0.309575164086104,0.729327598314607,0.376593126583463,0.672184543169722,0.691879804849202
6330,0.194384171377165,0.577508488467393,0.353652092902454,0.593817246627828,0.169710056923395,0.533836787261445,0.341988203105476,0.710452422190731,0.191389198901905,0.567790656831753,0.353520725579575,0.694785598068546,0.720345877289666
6360,0.234774574219212,0.498537560696944,0.348135062313876,0.629856553716633,0.225257476272429,0.525844044558697,0.336985295290001,0.722274171125902,0.233062093787937,0.583661810911168,0.34401078580796,0.710254817138996,0.709134118780046
6370,0.17331880183738,0.532460732984293,0.301782163197895,0.668379548833301,0.160102691777624,0.541560708052855,0.29392994708896,0.739822894447676,0.173368554142557,0.565656943405635,0.303241966431142,0.705031995346131,0.749182341154418
6380,0.0972748319171911,0.4944,0.272493680513537,0.651971428571429,0.0813680019048561,0.714533333333333,0.268140560412703,0.728228571428571,0.0977252010137934,0.6512,0.281151197647683,0.7119,0.735257142857143
6390,0.170982953952338,0.586717873176206,0.3284137647378,0.621917644992976,0.155376329902192,0.655390712682379,0.308604439147846,0.786389348785872,0.170711101275546,0.615670594837261,0.316869618550441,0.742559075857917,0.775552503511941
6410,0.152951552127031,0.575288403157256,0.329268420135646,0.664686066671056,0.139901753511212,0.695644974333499,0.305555843732215,0.812830557201484,0.145565227467349,0.733868742065463,0.31646018548607,0.757093949568767,0.803980951126912
6420,0.102031305136574,0.605737337516809,0.231986928826808,0.796716891356067,0.0834196400380548,0.763962348722546,0.222725709907911,0.865440126883426,0.0988825817274585,0.735029134917078,0.227273626750239,0.824678826328311,0.86131641554322
6450,0.227341482257556,0.750968126303247,0.319529143754776,0.669685616736555,0.207556639780218,0.449905669744812,0.307703242545384,0.766332118879036,0.233155171197095,0.64422599543243,0.321152768565605,0.719546985632777,0.770439494970326
6460,0.236234359588238,0.493911073350326,0.309398600494163,0.67695426319901,0.221558259997867,0.579269328802039,0.302006942888629,0.746537380326504,0.235966256275107,0.611101670914755,0.314877275536083,0.696367171685493,0.758802666316936
6480,0.263602364799209,0.563975528771994,0.385262808385826,0.593393561072455,0.253953133238563,0.531007346597297,0.374509464025619,0.685346651522238,0.262736591404771,0.608591074276452,0.379821806386078,0.698861304393475,0.691892799078608
6520,0.293385852695133,0.511448401282262,0.360596615579278,0.626148112685459,0.284541932352936,0.63192246835443,0.356334204577602,0.671304869157319,0.286663962906688,0.524766768042084,0.356750153375315,0.699021205386555,0.674438900552535
6540,0.212596714916782,0.50790091821482,0.344715320237673,0.642983931240658,0.189602599738456,0.583493487080931,0.322614812808678,0.793208146487294,0.219703163854936,0.593743326927183,0.341990228958745,0.702881432842195,0.764500587230408
6550,0.190706674164643,0.736547110538568,0.246152616501946,0.802226210251543,0.167134254852744,0.805455737112121,0.22913986843635,0.891037316089226,0.187722859069332,0.822586842045788,0.235449360524037,0.860917477456099,0.887359100616991
6570,0.222391691528081,0.755437563971341,0.312352335532394,0.741292259276799,0.198408086436643,0.63414790174002,0.292681073033928,0.825955941887288,0.225154093665286,0.685708802456499,0.315519591607457,0.739711116882323,0.810908354848073
6580,0.147163036479217,0.672496025437202,0.323487762800844,0.749303553101021,0.117564815714597,0.662957074721781,0.302392828175181,0.81374321880651,0.146461657847246,0.723256870315694,0.320920069394224,0.745149308440448,0.800034211426616
6590,0.296050135222611,0.667886276391555,0.360538483275649,0.721344100763332,0.273495832078679,0.520693378119002,0.336179425517284,0.808724802533235,0.293995799407006,0.49262236084453,0.357003103221548,0.734114207877442,0.778779730578381
6620,0.212998480682193,0.553977584880782,0.316481878337048,0.684410661308804,0.197699955374824,0.613586419074827,0.298355461947963,0.809648076349538,0.216659903902989,0.651631688825404,0.315099796037354,0.706131194374245,0.78323810570267
6630,0.201281695988966,0.512280236770033,0.349018067847253,0.623379618191102,0.185617961762947,0.555040197897341,0.333440593303098,0.741134226087529,0.197987026819497,0.645168890066849,0.337160221629657,0.735089193062213,0.741611898996887
6650,0.199637961760212,0.534039334341906,0.30266489120419,0.62237459968171,0.183350390870653,0.651916288451841,0.29622535338614,0.717272137847024,0.208271774789642,0.53517397881997,0.316624805149644,0.60234394954516,0.717940153643633
6670,0.252829457000017,0.546466431095406,0.341287868963454,0.686372634266368,0.23818350827288,0.601766784452297,0.323332712123113,0.787930364642111,0.253395205236918,0.65017667844523,0.336203081741821,0.742875048563447,0.766136939670324
6680,0.276593039148068,0.598634812286689,0.356238516368492,0.615345721147769,0.233406465602107,0.576109215017065,0.328480294244697,0.805271141448616,0.29007395372277,0.594539249146758,0.370625864069226,0.597459233978005,0.76387308810517
6710,0.329643577793294,0.695492662473794,0.41483281260916,0.552643055985153,0.312377788990275,0.587735849056604,0.398982255788873,0.677626043922054,0.324695444588954,0.563626834381551,0.39477851432763,0.72091555830498,0.683731828023508
6730,0.272892312049595,0.576536514822849,0.396482917383014,0.595456474582665,0.254448970256645,0.51055676066522,0.382311917898005,0.703911628784306,0.273429096662477,0.616955892986262,0.391578877987399,0.685013675374894,0.690339998113741
6740,0.312433507004915,0.530431625289339,0.36109518743932,0.634672664632294,0.294845143603963,0.558071982934689,0.346675616666647,0.730295548843836,0.301561472672148,0.473063132573866,0.352691779716397,0.725327152873822,0.730657929554754
6750,0.181876861905909,0.57130407718643,0.306214237741093,0.658888845917504,0.171337185970561,0.663367569249922,0.29260782472658,0.776406990584969,0.184075463128119,0.604938271604938,0.301359153661306,0.726098241181197,0.784210594165345
6760,0.156117485195875,0.593458428364089,0.344795583031922,0.622201939860489,0.146525990932721,0.609556885163354,0.335388779631449,0.726327180424928,0.153414995371229,0.623174668996771,0.344441106799931,0.694027608166084,0.72793200897681
6770,0.229326960514699,0.537885982330427,0.377889913942201,0.588461114502781,0.217219053070615,0.563613341391119,0.361091989458006,0.716331315289649,0.22395608601033,0.548677659788771,0.376378065880537,0.676697530864197,0.688947819156152
6790,0.211167229712083,0.677976813110181,0.325496077608459,0.70894719783134,0.186305192528536,0.541339783821478,0.307748550531933,0.79043402675467,0.209366370261941,0.65067119944212,0.324065019946292,0.716645058636337,0.783067652778596
6800,0.257154864418255,0.493506493506494,0.324243699539958,0.689413265306122,0.245691965644312,0.492230983302412,0.322796632334568,0.706738021295475,0.266234522737353,0.529568645640074,0.334520841129696,0.672925909494232,0.732525510204082
6810,0.318551863086878,0.675191815856777,0.361720761490951,0.641227417694949,0.311800191014811,0.645299542741998,0.356397319930913,0.693151350268152,0.313824462590219,0.577826861970084,0.357802218696741,0.712038461669095,0.703073978595422
6830,0.263417543181859,0.475693045739188,0.34722075500619,0.638066588325747,0.256510949317469,0.541152451752298,0.343624166228831,0.678701936098273,0.258269805458837,0.554161936499799,0.342380458965497,0.722666044890221,0.698101142787248
6840,0.262393858607285,0.474270557029178,0.359452130534507,0.654801074048862,0.244415684277055,0.503065134099617,0.343040123787305,0.731750624007261,0.260590157767917,0.531358679634542,0.36259399381444,0.680988578776189,0.707232811436351
6850,0.210443530951786,0.56318811795691,0.324304419834044,0.707245945051308,0.190656296090727,0.51409697336039,0.309773302696881,0.791708043694141,0.207110747130526,0.666681058676223,0.314608274674345,0.757341939755048,0.771264481959616
6860,0.137935306564787,0.655313743348833,0.297319440295712,0.723361394759348,0.117154716654293,0.707468481856095,0.282685525396882,0.815047038094159,0.143551804030249,0.704903887637218,0.302491914021519,0.723938422858556,0.80154870220198
6870,0.245171365770831,0.589082602339181,0.340156938615034,0.634550524934383,0.231527015283915,0.550983187134503,0.331096243913115,0.709622703412073,0.237488779552453,0.529429824561404,0.33453990397453,0.700556649168854,0.71180227471566
6882,0.31318792013149,0.578485745341208,0.359133861572613,0.612168243910068,0.306360562443961,0.631660795432223,0.354041572497068,0.674208679700092,0.306120561234196,0.503188800565734,0.354530146642299,0.698945989055352,0.682802783681952
7020,0.207003378362571,0.721822541966427,0.290271320503261,0.645984034690056,0.1837053142881,0.625659472422062,0.279087482076129,0.786794126342761,0.213349138536642,0.565707434052758,0.295447213856007,0.707085838178772,0.794816201833054
7030,0.288512140182462,0.621032789153293,0.32989556074896,0.689107878695614,0.27445339512362,0.552915744327615,0.317791862134318,0.772087020117963,0.279344689992299,0.55610819037078,0.321472137977752,0.769804230964671,0.774874609891726
7040,0.308958066335621,0.661746864267583,0.378652459270765,0.615825990852993,0.300018676146555,0.674560437509333,0.372563255540968,0.674291445192148,0.301084824161959,0.517227863222338,0.37163863358531,0.708213868014279,0.683598284499839
7050,0.319693195614233,0.653058669210589,0.395671546938462,0.587985358707465,0.311191572372078,0.719180777486287,0.389929075259994,0.650336900987104,0.311230399493516,0.562246601478655,0.3907650933249,0.688998932785067,0.660855690692541
7150,0.202451511694409,0.491649625085208,0.305346622996892,0.667842859361653,0.194095107678825,0.495313565098841,0.302590561933355,0.70358973363361,0.20555637891014,0.565929618268575,0.304960633931263,0.711622466412984,0.748325502834511
7170,0.0887157790865103,0.626627188728368,0.221788797407721,0.695819428233244,0.0746156784260712,0.712134361121037,0.216588166098208,0.751894655509708,0.0892043591627634,0.653785287661443,0.222998728866753,0.714774203093919,0.756086734945503
7180,0.37361929092676,0.57579851104707,0.419457149866183,0.587465837290796,0.358451278293176,0.849723823246878,0.406364895672447,0.673153353357416,0.369584178036887,0.685848943323727,0.417856758601424,0.665790613034596,0.664463002800666
7190,0.240472406573215,0.604467987102718,0.346257285094663,0.588063004425931,0.225154942975547,0.595071395670198,0.32872369234334,0.75761086522607,0.239241953988015,0.596269000460617,0.341018869041325,0.662817842575718,0.740757615204374
7210,0.325784081356277,0.467937941705349,0.387418939335084,0.625918397753063,0.31851736547825,0.60182327604232,0.384703371016584,0.650890679029447,0.320351520174476,0.526985321791494,0.384121160150644,0.686126517050381,0.657541975990469
7222,0.223124784456394,0.715391780183956,0.336793658656809,0.738158763585744,0.198834126754023,0.733554546512982,0.307104583283623,0.861880498991666,0.224663626549887,0.70491326114798,0.32862786924199,0.795584744704014,0.854616922170864
7240,0.211456726439636,0.607331052972173,0.356731108388021,0.648968411236741,0.190612046835372,0.494222057871868,0.342999044072909,0.740801181178848,0.205238664695852,0.558657668484792,0.348649824350173,0.72643956172048,0.739353848544896
7250,0.13238089533307,0.56414588361491,0.225034782608232,0.640597345132743,0.121099936925594,0.627594529364441,0.218370391885926,0.77249659632403,0.127155882961004,0.602634754625905,0.223560418535536,0.733168822328114,0.770597345132743
7260,0.131970978221297,0.624840357598978,0.286100208086023,0.688794217232469,0.125843450466198,0.672237346239161,0.280512170795342,0.759073999821795,0.133822273183123,0.656962089130873,0.288547446246697,0.722597567495322,0.779580994386528
7270,0.257575832675256,0.523027459158846,0.354668273833424,0.639708879140144,0.24739027741856,0.554100046344572,0.346387286255121,0.717100291233503,0.250287400432634,0.523903661221179,0.351154735075636,0.721835907739192,0.71702963331613
7280,0.220230248318403,0.548077802306899,0.324598132881013,0.665448181096868,0.214780943101077,0.622183323971627,0.317031304802463,0.737879340236252,0.223556771291026,0.675767115593119,0.319892931649221,0.719616902858217,0.750935721037186
7290,0.235089139505726,0.500453514739229,0.36495796723444,0.655530612244898,0.205831011239644,0.534013605442177,0.345435759714968,0.765469387755102,0.237950271167182,0.664852607709751,0.376822501484433,0.651428571428571,0.721367346938775
7310,0.393388936734987,0.561190638491252,0.424159337786582,0.565783474641087,0.380523282642474,0.577414224039991,0.417169816580222,0.629680123204322,0.390821015332556,0.558236764371734,0.421939230798065,0.656545675151072,0.635948751991897
7350,0.293658753335406,0.533388520971302,0.348747255224314,0.666093027573719,0.282889340408884,0.503798208024932,0.342058232368099,0.722708473055737,0.288045423399659,0.54460459680561,0.342645714855508,0.734272499247343,0.723825095459503
7360,0.368908619505657,0.829723502304147,0.402001421438169,0.571035220539829,0.356688730807286,0.465898617511521,0.393724037713672,0.65461323238973,0.368848820056772,0.561290322580645,0.402614046590416,0.651805464121132,0.671976629361422
7380,0.238199228454256,0.625858123569794,0.308248216333431,0.70935661163779,0.21932819185403,0.761012585812357,0.286126125710592,0.837952558025499,0.246018490745919,0.688072082379863,0.314343673399814,0.697940503432494,0.785045153644982
7430,0.166113572588049,0.554177174001464,0.32658350268946,0.651036213458311,0.136486831358088,0.509598958757016,0.320601544125312,0.689991856542188,0.163301694052208,0.571138046042463,0.329962174748484,0.631068122517492,0.729977896328796
7480,0.16459150263776,0.446729262047024,0.267403444095491,0.696416341375366,0.156206396323795,0.546649077882103,0.262117685952787,0.765613138957021,0.165931121277421,0.48255347766483,0.26898694326451,0.695422754983958,0.769270346591273
7490,0.204823867228092,0.484594127806563,0.271843796993568,0.696158150877682,0.193786312009204,0.629119170984456,0.264310309284298,0.778226541799419,0.203815458614084,0.647599309153713,0.272744932349991,0.725054262900625,0.777876112523556
7510,0.280306813324503,0.65151642832464,0.382464513852701,0.59079224581681,0.272371020304407,0.590092443560552,0.375102140932884,0.662083993124636,0.276747524732619,0.5532624908357,0.375591496147689,0.699325997807463,0.67071428893671
7540,0.165113550447828,0.514161735700197,0.294297019465151,0.726358811687916,0.146074216603372,0.601577909270217,0.286043661845609,0.789702921978893,0.167988377932853,0.432899408284024,0.296610958449549,0.7358018666504,0.785432806685781
7550,0.33953224861189,0.737399823730759,0.404167029186673,0.590183474522157,0.326202694725776,0.577794174916477,0.392451123576342,0.675332818664307,0.335565827502517,0.549550103506938,0.395762946115244,0.695338755383028,0.659266861259114
7560,0.275484193382163,0.622132374962564,0.337522437475866,0.694136073326508,0.260891913712,0.569781371668164,0.328586265732279,0.741722734142655,0.273847882110178,0.640011979634621,0.334412658538819,0.729780361757106,0.757116912876018
7580,0.249456354863397,0.539974025974026,0.318541369486326,0.664222113022113,0.242283662846618,0.562545454545455,0.31418593833121,0.719549877149877,0.25580868676225,0.580519480519481,0.320409733426056,0.683345454545455,0.739614742014742
7590,0.25673236850295,0.721873751967487,0.322462002518265,0.664590527873705,0.246227341571894,0.669133366222661,0.313518885203728,0.742121326875908,0.255598962493814,0.629149341038833,0.32128030793,0.71276847071576,0.741492492200366
7610,0.359050708535226,0.452935874323976,0.375825682105844,0.603854041695194,0.351084731175128,0.756824620139068,0.370391966509126,0.662868633128773,0.352161062595699,0.649768220448107,0.371475532462085,0.694137516252834,0.681028466800249
7630,0.251650851120894,0.868965517241379,0.31250939093448,0.615095203821239,0.205700594584276,0.754563894523327,0.293809111803969,0.789962703657659,0.260237882900671,0.641379310344828,0.321564786014127,0.619675456389452,0.752012039521036
7660,0.347005411956086,0.78457937905269,0.409189643888865,0.564673636914067,0.335793208382239,0.826942070683214,0.401520380291977,0.64526570212987,0.340088824283158,0.594602138532228,0.402609934375944,0.683329762177237,0.654704105368584
7670,0.235995079601729,0.544538621461698,0.351868985400082,0.632239382239382,0.200131796239069,0.607708300015992,0.334513554389445,0.764157014157014,0.233302605608002,0.478650247881017,0.354491332681405,0.653722403722404,0.763439263439263
7680,0.213974755942676,0.548370927318296,0.292610696798683,0.715217054983137,0.200508754690919,0.64182678919521,0.287449311290589,0.774315418175067,0.216500048851116,0.56463380673907,0.297704458627942,0.708546056499273,0.775720164609053
2881,0.0754894724382852,0.608298203812317,0.241044059335958,0.667909452087287,0.0617089083980843,0.738567631964809,0.22741256369072,0.848160282258065,0.072934452280432,0.639250366568915,0.234839535291281,0.779908384724858,0.845432578273245
2890,0.310710733098171,0.79408824168659,0.39553939526472,0.571410293089198,0.294657548235522,0.733434760559299,0.38336568190294,0.680980195816644,0.302783525052037,0.619995653118887,0.388568655570043,0.696934007247759,0.681285364613135
3000,0.0707177685172848,0.596643778026906,0.259638279194858,0.664439461883408,0.0684615417926043,0.674929932735426,0.254871874653411,0.751255605381166,0.0714977718453933,0.657707399103139,0.263012784486195,0.681707772795217,0.761953163926258
3120,0.17062995216389,0.455941114616193,0.267171392524149,0.759020975150811,0.144444806474106,0.63080967402734,0.253596207096489,0.841233604516022,0.177837207571526,0.540536277602524,0.280753882991089,0.689357463058277,0.835422546903536
3160,0.376208791444826,0.599249728408474,0.388063296684627,0.585304733334055,0.369097121915017,0.705238321564367,0.383085220348871,0.644301544919583,0.371485128647662,0.735368006518197,0.38559889334226,0.672834097376865,0.652764820841927
3190,0.289651697376951,0.611764705882353,0.383953267246289,0.799078947368421,0.213710074180114,0.715588235294118,0.279555244223293,0.945460526315789,0.298130072430395,0.820294117647059,0.364443547207911,0.835592105263158,0.877763157894737
3200,0.208475296832031,0.547245306248076,0.329208455136444,0.698791236464367,0.178360007849475,0.795937211449677,0.27804346676236,0.892092671871065,0.219044903657055,0.841489689135118,0.328414726197093,0.794359103500378,0.883379501385042
3250,0.271023442027668,0.67201812571373,0.389108806224937,0.586800023602998,0.261962374690742,0.661588551157762,0.382615219848661,0.659380470486418,0.26622443115153,0.548867750321938,0.383927706994054,0.683651400116704,0.665174678573068
3390,0.190949312778429,0.63257546769447,0.359478351902473,0.610835393656623,0.182689235190259,0.537659057862624,0.348595731349585,0.717389454121298,0.192965337722318,0.515246596213918,0.355899529526996,0.701601471154544,0.71232608173949
3850,0.161234835087359,0.560541813898704,0.326271870325379,0.669403450426107,0.147504455813735,0.574676089517079,0.310437289221097,0.794117647058823,0.165190446665929,0.524028268551237,0.334178120559964,0.676564123882769,0.778777800872999
3870,0.292463397736839,0.777662028757422,0.40435447888856,0.564787295010957,0.281621133817998,0.774890013591816,0.397791054150378,0.642237119938463,0.286474845367977,0.620278632234065,0.401495102293503,0.670026427473911,0.653170820870088
3880,0.11561049347277,0.51596069630306,0.313058021858393,0.690345869520851,0.108930587099695,0.581423987344621,0.304015452954956,0.770934431619765,0.110196685452646,0.646192775887902,0.305508318312581,0.779391256037552,0.778923558357332
3930,0.179903735134647,0.533547140689998,0.349111620998605,0.635561508366624,0.175479341513669,0.560303453160596,0.342372287977318,0.708004889827998,0.177810080078785,0.579420579420579,0.345282640350954,0.717160612348126,0.712184628724841
3940,0.258985639127484,0.707520622462918,0.357789214813948,0.656679624274497,0.251303548964379,0.683449417647712,0.353238861308076,0.6998427245618,0.254215240897868,0.582774632319225,0.354291774626962,0.725060423133756,0.712055087709433
3960,0.25152129210959,0.567272727272727,0.352032253396094,0.76055469953775,0.194341512688919,0.623272727272727,0.34579927063798,0.766656394453005,0.260169180903718,0.541818181818182,0.381464032503109,0.646101694915254,0.775963020030817
4020,0.257717933930653,0.580689655172414,0.335658071089305,0.720816696914701,0.244489352831261,0.614827586206897,0.320536398003445,0.799115245009074,0.25798074157686,0.663965517241379,0.335954522209782,0.741715063520871,0.786456442831216
4021,0.193793776951182,0.551578947368421,0.293959622617848,0.789297317367493,0.154568173827248,0.564210526315789,0.274241058468209,0.860326742782883,0.194837663261454,0.489924812030075,0.298377687698725,0.792481203007519,0.840907825118351
4050,0.269125950813887,0.526705983227722,0.397405975042118,0.598631113299385,0.260689963031056,0.578173034694774,0.388482727315888,0.680105553807976,0.263616475232714,0.613265156743418,0.387268598830608,0.705028318387729,0.693949423526676
4060,0.195945225052341,0.543925687572096,0.342071854362767,0.659400117064257,0.189456587375634,0.482922847563731,0.337019222118531,0.708299152986292,0.193642500749197,0.539952374206518,0.339953686070432,0.729596940955029,0.715974219507561
4090,0.400813038552166,0.948412106754137,0.431137036385597,0.607702882852858,0.386328042168733,0.558073654390935,0.414499120558906,0.686175915125257,0.391129856515583,0.611748919039809,0.416423536734467,0.702042715103038,0.683145864578126
4120,0.286610914616524,0.598696064485538,0.37281265867004,0.638252169513208,0.277581625925597,0.697842579421527,0.365928089968673,0.702090513332124,0.278922988021976,0.60547652916074,0.366547787406651,0.730054619702712,0.709727068555663
4230,0.302103878828532,0.632192361388113,0.380089334124506,0.616337564172834,0.29268734936081,0.631992919824491,0.371883486317033,0.694962020013028,0.294193858052577,0.61145043877144,0.375989647363375,0.710863538925541,0.70411265722165
4250,0.111988462876148,0.54496247113164,0.244914918383908,0.662476810661417,0.104141581983585,0.641743648960739,0.239439220271471,0.771362586605081,0.115787148331987,0.523094688221709,0.252738487442291,0.626093211676069,0.76339302616136
4280,0.199294526557277,0.584313893653516,0.383853609193594,0.593607367475292,0.191757785919099,0.531140651801029,0.376266686418362,0.674308176100629,0.195021308610477,0.479579759862779,0.380215053770154,0.693582455280568,0.678397043208364
4290,0.147000820195888,0.576609848484849,0.31117614523668,0.638106921487603,0.135951902068612,0.714488636363636,0.302639328058509,0.734972236570248,0.146252845526884,0.726420454545455,0.305861627131908,0.710412900309917,0.750403538223141
4320,0.292229949037845,0.640329218106996,0.453323882907833,0.680580580580581,0.169346024513411,0.565843621399177,0.38963454547949,0.843243243243243,0.296612278906041,0.554320987654321,0.44139749969053,0.73023023023023,0.805505505505505
4330,0.203023509238574,0.568945868945869,0.329299430014405,0.711967343687774,0.162661156257177,0.543874643874644,0.325636931956707,0.71989247311828,0.205959988810221,0.633428300094967,0.338046054724225,0.68068498606133,0.749044205495818
4430,0.318292300091731,0.644747725392887,0.385483646647242,0.628543899477324,0.274875947865132,0.554177005789909,0.363431177194595,0.772068528588776,0.319906962254485,0.630272952853598,0.388675056716916,0.692254896784753,0.737989018531229
4440,0.302586266565699,0.624694525904203,0.374548763865697,0.615774157057364,0.296557127034192,0.658550454921423,0.370644335998187,0.659394613924974,0.296852080139512,0.551507632152793,0.370133976812313,0.697540276966866,0.67592459130054
4470,0.279427390731758,0.679077883457445,0.363132474718551,0.586452035025359,0.267047636487225,0.5807466391408,0.344282938980917,0.696722985044153,0.268167787454628,0.490525694905257,0.339800866921645,0.721945605820855,0.682347181683612
4480,0.300317201621288,0.587748344370861,0.415547267857711,0.693676145955071,0.197261905998148,0.574503311258278,0.368562683100396,0.837034151408908,0.32217977454236,0.59023178807947,0.41766784469622,0.707375665497987,0.791455655109726
4520,0.344949368225303,0.533555030249609,0.398284735654226,0.590143467869629,0.333044517022363,0.738330862614688,0.391204140023033,0.662352497263623,0.336400848688971,0.643254938098482,0.394332243011956,0.691840823456535,0.673506908348756
4540,0.279547512120436,0.601863102470636,0.320482567962826,0.615219796910259,0.260840156008821,0.467800729040097,0.306707156192604,0.751404921020656,0.278217930226078,0.6848926690968,0.318364445586055,0.686849071341781,0.762557498698143
4560,0.346013632553702,0.641804962857594,0.399905636577913,0.596112421475647,0.335575035267656,0.709451556819978,0.394642932171156,0.64922162612916,0.340844593905239,0.599715504978663,0.395632652503673,0.688595841102336,0.663915767976193
4570,0.193927473185359,0.526395692482086,0.305734762682987,0.68214349234826,0.188119726682178,0.544006315533784,0.296338294324979,0.752598266275896,0.193216913299474,0.621837172584106,0.301147771695967,0.749224773231671,0.739115893502014
4590,0.145158023646531,0.559530948409947,0.253293093864649,0.721816769862179,0.141391121457837,0.618710529767817,0.247110113860818,0.797798031839608,0.147502675986186,0.629293705376384,0.253173421169066,0.75941180645727,0.801772763900081
4610,0.360673931338933,0.701036028170654,0.415565449855412,0.558727243276116,0.349362002116435,0.741109364996217,0.412436833460844,0.603466306455478,0.354937951922494,0.586025260462138,0.413192611221999,0.657461988846967,0.633480695326317
4620,0.240912343903329,0.669806178073895,0.326628907201516,0.65170459461798,0.232528300898972,0.614839491217444,0.320413804443312,0.725120756964203,0.240627050834278,0.502619624470018,0.325512824371607,0.712879640044994,0.724258025439128
4630,0.094373498451565,0.652609573241061,0.202437314058855,0.717719905299581,0.0680486701672563,0.838547673971549,0.179075843783817,0.878634735627997,0.0935145946994826,0.727292387543253,0.195818076052266,0.794823347295575,0.843046196806896
4640,0.174471748996437,0.584453405017921,0.278767363443572,0.757828711563856,0.13957615038052,0.63418458781362,0.258693816310218,0.85243350311262,0.178080814372791,0.653897849462366,0.285966038661827,0.708702760485443,0.831211092246746
4641,0.300496549739721,0.650246305418719,0.381931779957872,0.578448275862069,0.260842790194228,0.579802955665025,0.370988990640317,0.674838362068966,0.309343998911206,0.571428571428571,0.393729430578114,0.55770474137931,0.716433189655172
4650,0.270160833064053,0.512104675417711,0.36769739701513,0.628908868141204,0.254578351514361,0.492825688459999,0.355557489066104,0.720435616005601,0.258866570120914,0.557046838456838,0.360998625482605,0.720119704751049,0.724045115542407
4660,0.208358648187591,0.59217999126256,0.314870200845759,0.716139737081602,0.199129886279309,0.545276928304451,0.310394019807798,0.751511977147033,0.199725311802771,0.602895490510169,0.307206686350385,0.768092501242195,0.763150188591616
4661,0.255227322878357,0.548672873818788,0.33065465861705,0.673068962662472,0.239170052927564,0.558747915508616,0.314634818662241,0.77833153958661,0.25542832593306,0.617565314063369,0.323095316643376,0.750092446946491,0.791022987554157
4670,0.270569305197156,0.750511116790187,0.346197715694604,0.750518521213885,0.243275424251085,0.477095578839765,0.315256467105526,0.833779837711957,0.251955152469266,0.661896243291592,0.321644775605234,0.813732624990903,0.823329815879485
4680,0.232292059103332,0.608376511226252,0.311198367243193,0.717116400759247,0.213551331989018,0.66580310880829,0.303357024728199,0.771174267685836,0.240658391939831,0.780915371329879,0.309974834050196,0.75410403734674,0.780382701482583
4690,0.218621207793604,0.550204384986994,0.298857976695254,0.724002849002849,0.199892109371367,0.57785209959123,0.291999691979281,0.779176473017053,0.220482653139181,0.534968413229283,0.305596092139683,0.695817333498493,0.777308105206656
4740,0.264290732550958,0.494190929451288,0.324282154871715,0.634076281034603,0.256270641766536,0.522536394176932,0.316742493437115,0.725861525072069,0.251823301575118,0.566683775040438,0.311009959838331,0.763791944718756,0.727500224436664
4750,0.227569331983611,0.514985590778098,0.293160227752472,0.649265815836421,0.21773335588043,0.518270893371758,0.285508497233895,0.747102145373039,0.227736404839216,0.57314121037464,0.293929028192497,0.715205159873748,0.744869859567266
4770,0.367909854830099,0.790953008344313,0.385371427146887,0.613873762494164,0.358571707087331,0.822438431134083,0.379394383562193,0.676000366844848,0.363306076631219,0.556788622006013,0.382169466419396,0.697839545874663,0.682865606151559
4780,0.249169100903389,0.553801169590643,0.316077595617378,0.720349894343702,0.234665314381543,0.610087719298246,0.30942243676227,0.766189984765836,0.256178456768071,0.728508771929825,0.317365226784208,0.731927858862843,0.779949874686717
4840,0.16301816497057,0.614890622250894,0.288571558070536,0.724862110914962,0.142011944813033,0.772124802064395,0.276724703123881,0.799125559102509,0.159545040165476,0.71151252125975,0.287857490315197,0.752760068418597,0.797634619078544
4860,0.308938235363098,0.678035451353494,0.386277302388189,0.647448360963571,0.299604124972729,0.696483180428135,0.368480214989726,0.717452116529857,0.303924624083605,0.75067957866123,0.360539312967724,0.749683459413059,0.73895863511991
4880,0.352837792502487,0.789569932145206,0.376683407873309,0.614510582313475,0.346277189001552,0.685509873433966,0.370454127715914,0.677836886445438,0.349049362266181,0.571151285711994,0.371777881543317,0.704205759226607,0.684621141311928
4900,0.304409405889313,0.528061224489796,0.411945754868181,0.630668934240363,0.275519773223524,0.754931972789116,0.383746447701342,0.767875429741789,0.294152354095891,0.745068027210884,0.399823353242635,0.731411381757004,0.763532294638285
4910,0.157766667968787,0.433058845299778,0.285060228587438,0.730811848429989,0.12933580373344,0.673343819393042,0.263482522057864,0.848734315500343,0.159081073100516,0.609641006661732,0.287508863001084,0.749828328859479,0.814228416255696
4930,0.33171887774181,0.646560257362039,0.369536965614859,0.617705846771934,0.324908045190707,0.673265693310237,0.364988114920732,0.667218840422996,0.326226580539128,0.5543904149138,0.366212943061874,0.694029405448498,0.679358787846846
4940,0.287111881268515,0.626787458921751,0.352894862349138,0.671908499690314,0.271391694121359,0.538502531308287,0.345872981009089,0.716364325757937,0.278025407846424,0.545119459987566,0.344724693621853,0.734535550367653,0.739900463734972
4950,0.349127289270757,0.641601998037642,0.386580462357518,0.588342504501798,0.343195937335941,0.736241191686736,0.381644648372191,0.641936933294074,0.341986459602548,0.52962863853953,0.380836705649974,0.686397715112897,0.658816608583814
4970,0.185702857680598,0.485683646112601,0.285933591943416,0.589175828130342,0.170107335748899,0.496085790884718,0.278092757778335,0.7313659427461,0.179506492369438,0.538793565683646,0.282957853915795,0.683720333951095,0.691731741547763
4980,0.351409749268532,0.634776044287871,0.375018882580621,0.611981012783812,0.344364586379803,0.565576245596376,0.370906448893929,0.656341939452318,0.345569461861836,0.469728233517866,0.370799213111065,0.696755163040047,0.670039997137908
5010,0.351412629811982,0.5880571309796,0.39725150036976,0.637367260032581,0.336948595035501,0.51824687472162,0.383841509035666,0.712891517030841,0.339920468402425,0.534593342637408,0.387125607535933,0.728929870398826,0.699997966025225
5011,0.284638280243832,0.547062641999351,0.349281338117756,0.630150719310997,0.276290808523305,0.588839430611583,0.344639183343866,0.681577684216301,0.281122283827938,0.498296007789679,0.344668022635572,0.692236378347985,0.672714181878026
5060,0.297846941221159,0.652596918859322,0.397621689084293,0.57155567318106,0.287417028493685,0.68346792216693,0.394340151551604,0.623030924666556,0.286996678948165,0.619967817873,0.393038548643181,0.662706359582793,0.654956288844874
5070,0.258515479528284,0.598327228327228,0.319685294562141,0.738734275761587,0.246882174981049,0.578925518925519,0.310519987191344,0.801274035255128,0.247902995386451,0.625396825396825,0.312746117523763,0.811609579729328,0.805790585464955
5080,0.245096605603971,0.525443097014925,0.350541642301034,0.580152123995408,0.234010252488246,0.523670708955224,0.346403728480407,0.63942820239462,0.244299749598092,0.640345149253731,0.346543105787511,0.666454813842874,0.673584344759718
5100,0.272461074179764,0.522053083528493,0.33741874789561,0.615965129428945,0.261788551447209,0.508548009367682,0.330869373982926,0.695078405357032,0.271921070604878,0.442037470725995,0.335555803234228,0.6595633609674,0.684566477591473
5110,0.354152186181219,0.62728813559322,0.384458233968031,0.617218389080546,0.346103903838063,0.624794188861985,0.379425789290796,0.668252837358132,0.347212625325197,0.533256658595642,0.37936268473648,0.703020848957552,0.678849307534623
5120,0.182251273448179,0.534824358818524,0.309266765485589,0.678517702396339,0.160477545744471,0.58259389814027,0.287172621357169,0.816142975189101,0.182446456033173,0.664883918803938,0.302716760559534,0.75334237345594,0.799595313261436
