"stateroute","mat.mean","elev.mean","map.mean","ndvi.mean","bio.mean.bio1","bio.mean.bio2","bio.mean.bio3","bio.mean.bio4","bio.mean.bio5","bio.mean.bio6","bio.mean.bio7","bio.mean.bio8","bio.mean.bio9","bio.mean.bio10","bio.mean.bio11","bio.mean.bio12","bio.mean.bio13","bio.mean.bio14","bio.mean.bio15","bio.mean.bio16","bio.mean.bio17","bio.mean.bio18","bio.mean.bio19","aou","occ","presence","ALPHA.CODE","latitude","longitude","sp_success","sp_fail","pred_glm_pr","pred_glm_occ","pred_gam_pr","pred_gam_occ","pred_rf_occ","pred_rf_pr","max_pred_pres"
6004,106.239583333333,1984.75,21.1666666666667,0.264622072072072,106.797945205479,139.986301369863,36.3527397260274,8469.97945205479,311.356164383562,-68.4931506849315,379.849315068493,210.061643835616,145.547945205479,217.986301369863,0.383561643835616,251.869863013699,34.6746575342466,7.8527397260274,33.7808219178082,89.2739726027397,34.208904109589,72.7534246575343,58.8835616438356,4320,0,0,"BTLH",36.5612867,-110.5019459,0,15,0.453711951258439,0.13363120694602,0.00152913681838879,4.67401768153511e-10,0.0292375886524819,0.114835164835165,0.186228975653648
6011,87.8101851851852,2152.38888888889,27.0416666666667,0.360796713615024,88,166.607638888889,42.1215277777778,7974.34722222222,292.565972222222,-98.2395833333333,390.805555555556,185.569444444444,123.871527777778,192.534722222222,-12.5972222222222,322.229166666667,51.1631944444444,10.1284722222222,44.0451388888889,130.298611111111,38.5694444444444,107.493055555556,68.15625,4320,0.133333333333333,1,"BTLH",35.678979,-109.2046208,2,13,0.634608006255953,0.246531288389908,1,0.0862656256413807,0.179503105590062,0.168905472636816,0.544948637485504
6014,129.205882352941,1525.29411764706,37.0833333333333,0.411158215962441,129.505226480836,172.961672473868,46.6585365853659,7162.72822299652,326.087108013937,-40.5644599303136,366.651567944251,219.790940766551,157.578397212544,224.508710801394,42.3693379790941,445.655052264808,74.0696864111498,10.0243902439024,48.3205574912892,177.473867595819,43.5261324041812,147.456445993031,118.912891986063,4320,1,1,"BTLH",34.6437087,-112.4327389,15,0,0.457089304942869,0.215291231381494,1,0.999568292917275,0.135694444444444,0.212475633528265,0.605425417423248
6017,105.78431372549,1876.94117647059,28.7450980392157,0.296875117370892,105.145833333333,181.996527777778,46.5520833333333,7524.79861111111,306.454861111111,-80.4131944444444,386.868055555556,197.458333333333,139.263888888889,203.177083333333,10.4131944444444,347.670138888889,64.7708333333333,11.1631944444444,57.3541666666667,162.461805555556,37.6111111111111,134.149305555556,66.6145833333333,4320,0.133333333333333,1,"BTLH",34.4781336,-109.6046705,2,13,0.241021866282898,0.0937895806903473,0.988058805487064,0.00749871713954347,0.0716570327552983,0.194864341085272,0.385793089866638
6020,204.887254901961,501.058823529412,22.3921568627451,0.293782380952381,203.932624113475,168.351063829787,45.2695035460993,7456.90780141844,397.081560283688,29.2978723404255,367.783687943262,207.946808510638,234.439716312057,301.737588652482,113.198581560284,276.007092198582,38.4184397163121,3.64539007092199,47.0673758865248,94.7978723404255,18.5531914893617,68.9255319148936,89.9574468085106,4320,0,0,"BTLH",33.7034749,-112.2723363,0,15,0.118790438322059,0.0408382151270486,2.22044604925031e-16,2.22044604925031e-16,0.0145210727969345,0.100580431177446,0.0991443172097206
6022,145.294117647059,1345.52941176471,42.9509803921569,0.425144600938967,146.02846975089,163.014234875445,44.797153024911,7224.00711743772,336.402135231317,-23.2348754448399,359.637010676157,208.476868327402,175.839857651246,240.818505338078,57.2064056939502,515.889679715302,78.7259786476868,9.06405693950178,46.4021352313167,185.729537366548,41.2989323843416,149.839857651246,154.021352313167,4320,0,0,"BTLH",33.8114477,-110.9051519,0,15,0.377060855497152,0.203648341354589,2.22044604925031e-16,1.69212046669275e-13,0.417081807081807,0.572289156626506,0.53142774105072
6023,84.7061403508772,2168.05263157895,42.4122807017544,0.499259624413146,85.9151943462898,192.844522968198,51.3427561837456,6649.31802120141,278.826855123675,-92.9187279151944,371.745583038869,168.289752650177,114.427561837456,173.600706713781,3.68197879858657,510.378091872792,92.5901060070671,13.5971731448763,58.7985865724382,241.187279151943,48.9293286219081,201.83038869258,109.34628975265,4320,0,0,"BTLH",33.6100527,-109.1067429,0,15,0.789766180861814,0.49636706431916,0.497907829256746,0.216625139692591,0.565415204678362,0.866954022988505,0.785872578620911
6028,161.872549019608,1351.47058823529,32.2450980392157,0.299018357487923,162.300724637681,166.623188405797,47.9094202898551,6715.53260869565,338.942028985507,-4.97463768115942,343.916666666667,242.199275362319,195.619565217391,249.297101449275,78.445652173913,388.688405797101,89.2826086956522,4.95289855072464,78.8695652173913,211.978260869565,25.7789855072464,182.192028985507,81.6811594202899,4320,0,0,"BTLH",32.0343407,-110.3031159,0,15,0.162695212742529,0.109229124883332,2.22044604925031e-16,2.22044604925031e-16,0.0437390761548062,0.0660112359550565,0.182271748781204
6029,159.34375,1213.5625,26.53125,0.226276960784314,158.585714285714,190.521428571429,49.575,7314.51428571429,353.121428571429,-27.6285714285714,380.75,246.678571428571,194.942857142857,253.875,66.725,319.889285714286,63.0535714285714,6.2,65.775,159.575,24.15,133,72.2607142857143,4320,0,0,"BTLH",32.4996877,-109.3368449,0,15,0.0865478001152425,0.041544182438423,2.22044604925031e-16,9.64901215687744e-14,0.0278552971576224,0.17174688057041,0.100029081106186
6033,155.037037037037,1449.55555555556,31.6342592592593,0.317462254901961,154.530909090909,172.258181818182,49.1418181818182,6579.41818181818,334.156363636364,-13.2327272727273,347.389090909091,232.047272727273,188.305454545455,239.607272727273,72.0290909090909,381.690909090909,91.2145454545455,5.6,82.3490909090909,213.385454545455,28.3781818181818,188.16,74.7672727272727,4320,0,0,"BTLH",31.8181957,-109.6948089,0,15,0.262229567187812,0.15795048522965,2.22044604925031e-16,1.9363675410353e-05,0.0766978776529335,0.208666666666667,0.206783026456833
6054,113.241228070175,1811.52631578947,17.1228070175439,0.197355111111111,112.578231292517,146.534013605442,37.3027210884354,8534.82993197279,320.489795918367,-67.1530612244898,387.642857142857,216.479591836735,152.421768707483,224.210884353742,4.65646258503401,209.146258503401,30.4863945578231,6.90476190476191,34.6836734693878,76.1054421768708,29.7312925170068,62.6428571428571,48.2721088435374,4320,0,0,"BTLH",36.3915637,-110.8794319,0,15,0.175479466703022,0.0495174881290255,2.22044604925031e-16,2.22044604925031e-16,0.00702777777777738,0.051574074074074,0.0526692606508732
6057,145.087962962963,1310.5,20.125,0.276627536515389,147.027972027972,155.013986013986,42.5699300699301,7519.57692307692,344.293706293706,-15.5839160839161,359.877622377622,237.793706293706,175.77972027972,246.783216783217,56.1258741258741,234.482517482517,35.9545454545455,5.15034965034965,41.7587412587413,84.465034965035,25.5699300699301,68.9125874125874,65.013986013986,4320,0,0,"BTLH",35.4272901,-113.8087941,0,15,0.252202305024009,0.069431953156175,2.22044604925031e-16,2.22044604925031e-16,0.0126440879382053,0.221743295019157,0.136452689766884
6064,124.75,1534.77777777778,33.8287037037037,0.385755092592593,124.060070671378,177.6925795053,47.3816254416961,7159.89399293286,323.265017667845,-47.9257950530035,371.190812720848,214.554770318021,152.038869257951,219.024734982332,36.7314487632509,412.455830388693,70.9611307420495,10.0918727915194,49.1378091872792,168.21554770318,41.4169611307421,141.452296819788,106.742049469965,4320,0,0,"BTLH",34.7733727,-112.6192267,0,15,0.339417334946716,0.149400884887698,0.00343191522198352,0.000144287234385408,0.431093839953943,0.632451923076923,0.577580511569977
6065,104.470588235294,1887.11764705882,48.6960784313725,0.570631455399061,105.146341463415,164.351916376307,45.0766550522648,7109.10801393728,297.801393728223,-62.4285714285714,360.229965156794,194.616724738676,133.480836236934,199.526132404181,18.219512195122,579.895470383275,85.5052264808362,10.9372822299652,44.1080139372822,214.010452961672,53.9059233449477,173.644599303136,161.759581881533,4320,0.866666666666667,1,"BTLH",34.3566847,-111.1008299,13,2,0.869536050185537,0.634551540832661,1,0.889415077955324,0.346761734997029,0.522916666666667,0.740840673446655
6067,92.2222222222222,2102.05555555556,43.8425925925926,0.539792792792793,92.6737588652482,174.613475177305,47.2340425531915,6949.59574468085,284.843971631206,-81.0602836879433,365.904255319149,178.666666666667,122.31914893617,183.528368794326,6.13829787234043,530.875886524823,87.4609929078014,14.4468085106383,48.8439716312057,221.723404255319,52.6418439716312,183.780141843972,126.971631205674,4320,0.4,1,"BTLH",34.1153987,-109.9154509,6,9,0.861424892437171,0.585848814884064,1,0.482655917271318,0.604005167958656,0.705213675213676,0.83306896686554
6069,215.264705882353,327.647058823529,14.7058823529412,0.272612054047899,216.480427046263,167.953736654804,44.270462633452,7693.53736654804,409.786476868327,34.8042704626335,374.982206405694,312.91103202847,248.839857651246,315.861209964413,121.156583629893,172.380782918149,29.1743772241993,1.41281138790036,52.779359430605,65.8042704626335,8.89679715302491,48.8042704626335,54.3843416370107,4320,0,0,"BTLH",33.2869987,-112.9375459,0,15,0.0886437884520083,0.0300902997092943,2.22044604925031e-16,2.22044604925031e-16,0.00737750172532753,0.0518976897689759,0.0285574682056904
6070,212.916666666667,349.333333333333,15.3657407407407,0.288634795576606,212.754448398576,170.967971530249,44.8149466192171,7698.4590747331,407.181494661922,30.0249110320285,377.156583629893,309.032028469751,245.711743772242,312.540925266904,117.498220640569,185.302491103203,30.9964412811388,1.91459074733096,51.9679715302491,69.7829181494662,10.1921708185053,53.3629893238434,58.1886120996441,4320,0,0,"BTLH",33.3339864,-112.677217,0,15,0.0940332186904255,0.0326630762536815,2.22044604925031e-16,2.22044604925031e-16,0.0059099099099095,0.0527322404371582,0.0418811216950417
6071,178.009259259259,922.944444444444,38.2314814814815,0.323129468599034,180.27304964539,164.946808510638,45.2375886524823,7309.80496453901,373.127659574468,12.3262411347518,360.801418439716,151.124113475177,209.421985815603,276.464539007092,91.563829787234,449.677304964539,59.4645390070922,6.51418439716312,44.7730496453901,149.13475177305,33.613475177305,111.421985815603,146.421985815603,4320,0,0,"BTLH",33.8177037,-111.6398389,0,15,0.24220158382793,0.097808219185354,2.22044604925031e-16,2.22044604925031e-16,0.0514913844325607,0.127039007092199,0.245652854442596
6072,170.87962962963,1111.66666666667,36.2453703703704,0.309746883230904,170.924460431655,156.924460431655,43.4712230215827,7448.78057553957,356.474820143885,-0.280575539568345,356.755395683453,261.248201438849,205.420863309353,267.5,77.9964028776978,431.158273381295,71.1870503597122,8.03237410071942,50.5647482014388,167.928057553957,31.5503597122302,138.39928057554,125.935251798561,4320,0,0,"BTLH",33.1754789,-110.5290913,0,15,0.122006398404842,0.0692388335005516,1.71306502184815e-11,0.0154223505485287,0.0431521739130433,0.171642969984202,0.265014588832855
6073,70.0462962962963,2415.44444444444,44.1527777777778,0.530213063063063,70.0141843971631,185.535460992908,50.4574468085106,6543.75886524823,259.099290780142,-104.535460992908,363.63475177305,151.028368794326,97.7269503546099,156.36170212766,-10.8333333333333,523.719858156028,97.5035460992908,14.6241134751773,60.4290780141844,250.265957446808,52.822695035461,210.957446808511,107.085106382979,4320,0.6,1,"BTLH",33.8668667,-109.1657669,9,6,0.848743000569813,0.58824640894683,1,0.608432336085618,0.496594982078853,0.652405498281787,0.707718968391418
6078,167.96875,1272.625,36.1302083333333,0.355121917808219,166.403571428571,157.285714285714,45.5928571428571,6972.25,343.492857142857,2.07857142857143,341.414285714286,249.742857142857,200.085714285714,257.028571428571,79.7535714285714,430.785714285714,78.4464285714286,7.09642857142857,59.9857142857143,195.432142857143,30.3107142857143,163.410714285714,111.3,4320,0,0,"BTLH",32.5434377,-110.5053099,0,15,0.265823273770326,0.141934758568001,2.22044604925031e-16,0.0307850002528764,0.171324354657688,0.322525252525253,0.365287959575653
6082,181.941176470588,1055.94117647059,32.6666666666667,0.303249047619048,181.014440433213,162.476534296029,47.2888086642599,6741.37184115523,354.12274368231,14.4801444043321,339.642599277978,262.093862815884,212.689530685921,268.252707581227,97.5198555956679,396.021660649819,86.115523465704,4.69675090252708,71.8736462093863,205.317689530686,23.7292418772563,170.974729241877,90.2274368231047,4320,0,0,"BTLH",31.9576267,-110.9446259,0,15,0.0890074616778052,0.0680170952902984,2.22044604925031e-16,0.00548729002837708,0.082365792759051,0.10400641025641,0.15240266919136
6083,150.949074074074,1480.11111111111,32.3425925925926,0.308317142857143,151.449275362319,176.869565217391,49.5398550724638,6580.82971014493,332.894927536232,-20.9202898550725,353.815217391304,228.20652173913,185.923913043478,235.949275362319,68.4420289855072,387.677536231884,93.8405797101449,5.67028985507246,82.2173913043478,216.221014492754,29.0760869565217,190.239130434783,75.8876811594203,4320,0,0,"BTLH",31.6464055,-109.4732045,0,15,0.24158029512969,0.1517066948091,0.00332510268202931,0.0251146349184505,0.100517676767677,0.160857142857143,0.195604026317596
6103,116.662280701754,1746.78947368421,15.1666666666667,0.20192100456621,115.808219178082,142.578767123288,36.3424657534247,8634.69863013699,323.777397260274,-63.5034246575342,387.280821917808,220.688356164384,156.534246575342,228.794520547945,6.54109589041096,184.506849315069,26.8561643835616,6.68835616438356,33.2534246575342,66.486301369863,27.5856164383562,55.4315068493151,43.6746575342466,4320,0,0,"BTLH",36.6095467,-111.0768659,0,15,0.16085715239629,0.0447867639848576,2.22044604925031e-16,2.22044604925031e-16,0.0100297088532377,0.0920289855072462,0.0387353822588921
6105,92.1574074074074,2068.88888888889,25.6574074074074,0.40216036036036,91.5567010309278,156.962199312715,39.3814432989691,8292.68728522337,298.611683848797,-94.914089347079,393.525773195876,192.312714776632,129.484536082474,200.219931271478,-13.6082474226804,308.481099656357,43.8900343642612,9.6701030927835,37.4742268041237,114.343642611684,39.7731958762887,93.0446735395189,70.2268041237113,4320,0,0,"BTLH",36.3019687,-109.1965869,0,15,0.729986119809521,0.309018442206679,0.000921361274416332,0.0978714836581126,0.285356921166977,0.503540587219344,0.565552771091461
6122,163.960526315789,1188.73684210526,41.6447368421053,0.365163809523809,164.113475177305,154.308510638298,43.4787234042553,7283.77304964539,349.457446808511,-1.33333333333333,350.790780141844,214.829787234043,195.198581560284,259.375886524823,74.6914893617021,502.971631205674,77.1418439716312,8.30141843971631,47.968085106383,177.836879432624,37.2943262411348,143.475177304965,157.872340425532,4320,0.6,1,"BTLH",33.5656117,-110.9464649,9,6,0.219642768368563,0.123525663764536,0.99964551317203,0.514444339298152,0.0838095238095236,0.0858558558558561,0.430306285619736
6123,84.7061403508772,2168.05263157895,42.4122807017544,0.499259624413146,85.9151943462898,192.844522968198,51.3427561837456,6649.31802120141,278.826855123675,-92.9187279151944,371.745583038869,168.289752650177,114.427561837456,173.600706713781,3.68197879858657,510.378091872792,92.5901060070671,13.5971731448763,58.7985865724382,241.187279151943,48.9293286219081,201.83038869258,109.34628975265,4320,0.666666666666667,1,"BTLH",33.6103817,-109.1063079,10,5,0.789766180861814,0.49636706431916,0.497907829256746,0.216625139692591,0.217437379576108,0.322422680412371,0.785872578620911
6133,147.180555555556,1476,32.0648148148148,0.313652450980392,146.586956521739,180.289855072464,49.3695652173913,6827.71376811594,332.851449275362,-28.9311594202899,361.782608695652,226.851449275362,182.677536231884,235.050724637681,60.4782608695652,387.909420289855,83.8369565217391,6.26086956521739,71.6159420289855,202.532608695652,29.4601449275362,172.771739130435,82.268115942029,4320,0.266666666666667,1,"BTLH",31.9825267,-109.2013399,4,11,0.249372167424272,0.136566347768281,0.992754494877268,0.197556201011218,0.0179885057471261,0.00438144329896778,0.258070528507233
6170,212.916666666667,349.333333333333,15.3657407407407,0.288634795576606,212.754448398576,170.967971530249,44.8149466192171,7698.4590747331,407.181494661922,30.0249110320285,377.156583629893,309.032028469751,245.711743772242,312.540925266904,117.498220640569,185.302491103203,30.9964412811388,1.91459074733096,51.9679715302491,69.7829181494662,10.1921708185053,53.3629893238434,58.1886120996441,4320,0,0,"BTLH",33.3339864,-112.677217,0,15,0.0940332186904255,0.0326630762536815,2.22044604925031e-16,2.22044604925031e-16,0.00512578616352158,0.0559061488673131,0.0418811216950417
6172,157.823529411765,1246,35.0980392156863,0.308622286160841,158.08273381295,165.63309352518,44.9928057553957,7397.08273381295,347.291366906475,-16.6762589928058,363.967625899281,247.773381294964,192.525179856115,254.014388489209,65.5071942446043,417.187050359712,71.2230215827338,8.5,52.4784172661871,173.528776978417,32.2985611510791,143.942446043165,113.046762589928,4320,0,0,"BTLH",33.178809,-110.215069,0,15,0.138606484452118,0.0736600032310486,0.000655799563439492,0.0612913520469857,0.0589719029374199,0.13073476702509,0.291057169437408
14096,43.030701754386,2468.47368421053,41.3771929824561,0.435306306306306,43.5439189189189,147.003378378378,44.2972972972973,6315.97297297297,228.435810810811,-99.277027027027,327.712837837838,-26.1925675675676,122.567567567568,128.418918918919,-30.8175675675676,495.077702702703,79.9155405405405,15.2128378378378,52.6790540540541,216.780405405405,51.0135135135135,53.6756756756757,211.679054054054,4320,0,0,"BTLH",38.1752167,-119.1943049,0,15,0.190761086514089,0.0876366284748089,2.22044604925031e-16,0.00893079533399408,0.295017361111111,0.333236434108527,0.356033563613892
14170,44.1491228070175,2442.05263157895,41.4605263157895,0.436966666666667,44.5743243243243,148.726351351351,44.2804054054054,6385.94932432432,231.493243243243,-100.206081081081,331.699324324324,-26.3074324324324,123.560810810811,130.351351351351,-30.8885135135135,486.60472972973,77.7702702702703,15.2905405405405,51.2331081081081,211.425675675676,51.5912162162162,54.1114864864865,206.398648648649,4320,0,0,"BTLH",38.2592757,-119.2218859,0,15,0.206001952442371,0.0906603117646025,2.22044604925031e-16,0.000576192771039225,0.293791588198368,0.330819366852887,0.408860266208649
17002,46.7708333333333,2108.45,30.9,0.473233777777778,47.4,170.51935483871,38.6161290322581,9078.72903225806,282.958064516129,-152.829032258065,435.787096774194,57.6612903225806,-61.7,164.5,-70.458064516129,364.441935483871,37.1193548387097,22.7806451612903,14.7612903225806,103.509677419355,75.7129032258065,90.8129032258065,76.0129032258065,4320,0.2,1,"BTLH",40.8403233,-107.6901017,3,12,0.415765471921508,0.115541499982331,1,0.356105678222222,0.192653968253968,0.622119341563786,0.53612220287323
17008,76.925,1984.75,29.6833333333333,0.454759555555555,78.7873754152824,155.02657807309,36.1827242524917,9105.60465116279,303.308970099668,-119.388704318937,422.697674418605,130.116279069767,-34.6544850498339,196.514950166113,-38.843853820598,349.039867109635,36.0797342192691,21.1129568106312,15.6312292358804,100.641196013289,73.7275747508306,85.2923588039867,73.7408637873754,4320,0.466666666666667,1,"BTLH",39.4003427,-108.8123629,7,8,0.62803359202066,0.197092915774101,1,0.469034449518311,0.275154639175258,0.84295532646048,0.654372990131378
17022,70.6388888888889,2256.27777777778,39.0138888888889,0.609824774774775,68.4324324324324,158.746621621622,39.3243243243243,8182.63175675676,280.486486486487,-118.658783783784,399.14527027027,149.875,104.172297297297,175.243243243243,-35.1689189189189,479.023648648649,53.8006756756757,18.0506756756757,24.2837837837838,150.334459459459,79.929054054054,120.378378378378,115.256756756757,4320,0,0,"BTLH",37.5181967,-108.5355759,0,15,0.959867718785442,0.708365079516003,0.00937869678127774,0.376051227821035,0.567017368902185,0.904600694444443,0.804754018783569
17032,48.7719298245614,2134.84210526316,35.1710526315789,0.616198268398268,48.2605863192182,177.586319218241,40.2736156351792,8707.77198697068,278.934853420195,-156.452768729642,435.387622149837,38.3387622149837,-38.2019543973941,160.677524429967,-64.0749185667752,427.156351791531,42.0553745928339,27.5048859934853,13.1172638436482,120.452768729642,91.8729641693811,104.908794788274,92.3029315960912,4320,0.933333333333333,1,"BTLH",40.1380256,-107.9697719,14,1,0.825922206574219,0.338901649781626,1,0.67569524625634,0.316175567833026,0.677001862197393,0.641911149024963
17033,20.2368421052632,2665,47.2368421052632,0.711598333333333,20.084142394822,152.954692556634,40.0194174757282,7958.32038834951,231.113268608414,-146.245954692557,377.359223300971,53.0582524271845,-61.0097087378641,124.148867313916,-78.0679611650485,565.747572815534,55.3300970873786,37.2006472491909,11.3559870550162,159.754045307443,123.242718446602,151.113268608414,124.300970873786,4320,0,0,"BTLH",40.8796847,-106.4591899,0,15,0.927948983014325,0.500979658158481,6.27615500298299e-05,0.00390264666309338,0.598176638176638,0.970940170940169,0.577829957008362
17034,21.7314814814815,2674.27777777778,44.7268518518518,0.643138461538461,23.9134615384615,151.073717948718,40.099358974359,7788.77564102564,231.644230769231,-140.50641025641,372.150641025641,88.2467948717949,-61.0032051282051,126.605769230769,-71.1858974358974,527.480769230769,58.0096153846154,30.2083333333333,22.7788461538462,166.826923076923,98.7179487179487,158.099358974359,99.400641025641,4320,0.733333333333333,1,"BTLH",40.8716166,-105.9079302,11,4,0.885446714357784,0.447920374998148,1,0.932013873598501,0.409269162210339,0.782771535580525,0.792774617671967
17038,90.5601851851852,1810.44444444444,26.9074074074074,0.413710526315789,90.0529801324503,154.327814569536,35.9801324503311,9137.94039735099,313.927152317881,-109.046357615894,422.973509933775,155.069536423841,-10.1754966887417,208.03642384106,-28.3245033112583,325.546357615894,34.158940397351,18.5728476821192,17.3344370860927,95.9867549668874,66.8907284768212,79.4271523178808,68.2185430463576,4320,0.0666666666666667,1,"BTLH",39.1643935,-108.7012441,1,14,0.430516859759965,0.122203179285993,1,0.190572074860566,0.169619047619048,0.35586592178771,0.556379854679108
17045,79.3026315789474,2079.05263157895,32.1052631578947,0.543177333333333,77.8637873754153,150.820598006645,36.797342192691,8621.53156146179,293.02657807309,-111.674418604651,404.700996677741,155.591362126246,55.5049833887043,190.239202657807,-31.9169435215947,393.544850498339,41.6943521594684,19.8803986710963,19.4651162790698,118.900332225914,79.3056478405316,98.4518272425249,85.2358803986711,4320,0.6,1,"BTLH",38.7397289,-108.623622,9,6,0.870781343767342,0.432136000515832,1,0.429170484964263,0.359777777777778,0.738512241054614,0.76085352897644
17052,22.1296296296296,2955.66666666667,58.5972222222222,0.749001731601731,20.2398648648649,163.435810810811,42.3716216216216,7417.02702702703,219.155405405405,-161.733108108108,380.888513513513,111.628378378378,50.4189189189189,116.375,-71.5777027027027,713.885135135135,78.8445945945946,32.1554054054054,21.277027027027,219.300675675676,127.043918918919,186.591216216216,178.601351351351,4320,1,1,"BTLH",37.7907487,-108.0204389,15,0,0.985509186851484,0.843707515373477,1,0.999079369089364,0.722458628841607,0.822792792792792,0.858247101306915
17122,62.125,2390.38888888889,42.9953703703704,0.639934234234234,62.7878787878788,158.585858585859,39.6734006734007,8061.0202020202,272.56228956229,-122.737373737374,395.299663299663,146.006734006734,97.6161616161616,167.996632996633,-38.9292929292929,511.255892255892,57.2491582491582,19.7003367003367,23.9461279461279,159.666666666667,85.5690235690236,129.430976430976,124.191919191919,4320,0.133333333333333,1,"BTLH",37.5166544,-108.4645163,2,13,0.979215372900558,0.800798312164633,1,0.339861863890192,0.332934782608696,0.894785276073619,0.843187272548676
17138,86.5138888888889,1916.55555555556,29.0972222222222,0.482588744588745,86.0066666666667,152.683333333333,36.2466666666667,8944.44,306.453333333333,-109.353333333333,415.806666666667,150.706666666667,5.38333333333333,201.896666666667,-29.0933333333333,350.583333333333,36.9666666666667,19.3766666666667,17.83,103.56,71.6933333333333,85.1733333333333,74.8333333333333,4320,0.0666666666666667,1,"BTLH",39.0521056,-108.5755774,1,14,0.710846739964275,0.255904119998391,1,0.112537688538147,0.327026515151515,0.913557858376509,0.705162703990936
17203,19.35,2666.2,40.5166666666667,0.750300761685572,18.9835526315789,163.190789473684,40.1710526315789,8301.28947368421,233.815789473684,-166.710526315789,400.526315789474,105.506578947368,-41.8026315789474,125.424342105263,-86.8815789473684,482.417763157895,49.0592105263158,31.1184210526316,12.9868421052632,138.434210526316,106.424342105263,135.144736842105,110.046052631579,4320,0.933333333333333,1,"BTLH",40.1331937,-106.4907839,14,1,0.967130917700087,0.680341586965626,1,0.89754306470531,0.543986928104575,0.856042884990253,0.739413857460022
17208,67.2412280701754,2097.26315789474,33.3070175438597,0.532126222222222,66.3828382838284,159.940594059406,37.6798679867987,8761.80858085809,289.135313531353,-130.039603960396,419.174917491749,90.039603960396,-33.1485148514851,180,-46.006600660066,402.937293729373,41.2475247524753,25.016501650165,14.1254125412541,114.227722772277,86.7524752475248,96.8646864686469,86.8349834983498,4320,0,0,"BTLH",39.5130367,-108.4622799,0,15,0.763294195265428,0.278288736914269,0.00153393967589546,0.38228309869208,0.40352628077179,0.860036832412522,0.712082505226135
17215,64.030701754386,2288.42105263158,38.4561403508772,0.615736574074074,63.8406779661017,163.905084745763,39.8305084745763,8205.30508474576,277.972881355932,-128.796610169492,406.769491525424,154.681355932203,72.3966101694915,170.393220338983,-40.6610169491525,459.667796610169,50.5728813559322,22.3152542372881,21.3559322033898,145.718644067797,91.3559322033898,121.596610169492,100.132203389831,4320,0.6,1,"BTLH",38.2657408,-108.3489798,9,6,0.959323416352715,0.665314812727983,0.994414762136345,0.175255583890905,0.230213675213675,0.741283524904215,0.805965662002563
17222,26.287037037037,2892.61111111111,56.8981481481481,0.755542105263158,25.0771812080537,163.11744966443,42.1510067114094,7465.27516778523,225.197986577181,-156.996644295302,382.194630872483,117.030201342282,55.6644295302013,121.953020134228,-67.5268456375839,691.345637583893,76.4194630872483,30.8489932885906,21.3959731543624,212.959731543624,122.852348993289,180.620805369128,172.191275167785,4320,1,1,"BTLH",37.7801857,-108.0888449,15,0,0.988732496106648,0.867111927337707,1,0.998857553918007,0.73994011976048,0.842639593908628,0.868497312068939
17302,50.0833333333333,2022.55,30.9458333333333,0.415005701754386,50.7741935483871,177.683870967742,39.1838709677419,9165.12258064516,289.864516129032,-157.954838709677,447.81935483871,53.3741935483871,-61.7096774193548,168.487096774194,-69.3387096774194,365.735483870968,36.9483870967742,22.5677419354839,14.8741935483871,103.745161290323,75.4225806451613,89.6516129032258,75.6451612903226,4320,0.0666666666666667,1,"BTLH",40.6681037,-107.8616029,1,14,0.218697840295612,0.0598236538227054,1,0.0269563947698329,0.243617571059432,0.682752902155887,0.466093212366104
17308,75.7587719298246,1993.84210526316,28.969298245614,0.444058008658009,77.8877887788779,154.082508250825,35.8448844884488,9188.68646864687,303.06600660066,-120.996699669967,424.062706270627,135.227722772277,-37.4620462046205,196.63696369637,-41.009900990099,341.095709570957,35.2739273927393,20.5874587458746,15.7854785478548,98.9372937293729,71.3993399339934,84.2310231023102,71.4125412541254,4320,0.6,1,"BTLH",39.4433277,-108.9548949,9,6,0.593483680918498,0.182426010693169,0.997419794330447,0.338444223423836,0.168097731239092,0.610955056179776,0.595122218132019
17315,60.0526315789474,2352.68421052632,41.0745614035088,0.590340990990991,63.9834437086093,163.980132450331,39.8907284768212,8188.32450331126,278.218543046358,-128.254966887417,406.473509933775,151.05298013245,89.0596026490066,170.32119205298,-40.3675496688742,471.456953642384,52.5066225165563,21.2384105960265,22.7218543046358,150.496688741722,89.3377483443709,123.85761589404,105.566225165563,4320,0.133333333333333,1,"BTLH",38.0687767,-108.4608309,2,13,0.965386991617631,0.698041825624049,1,0.264813670327378,0.301901234567901,0.599817850637523,0.820824205875397
17322,73.3970588235294,2154.17647058824,34.8333333333333,0.505643518518519,73.3030303030303,159.841750841751,38.5993265993266,8427.59932659933,290.754208754209,-118.397306397306,409.151515151515,150.148148148148,111.181818181818,183,-34.5858585858586,419.407407407407,47.5454545454545,16.1919191919192,24.993265993266,135.622895622896,72.8080808080808,106.37037037037,95.1111111111111,4320,0.933333333333333,1,"BTLH",37.8399527,-108.7610769,14,1,0.866730159816076,0.456691874631237,1,0.974688185027291,0.680443293033967,0.904188481675391,0.736036241054535
17352,43.4605263157895,2286.10526315789,37.9824561403509,0.690833766233766,43.1324503311258,172.923841059603,40.2781456953642,8507.8178807947,268.506622516556,-155.261589403974,423.76821192053,31,-13.1490066225166,153.307947019868,-65.387417218543,457.192052980132,45.0695364238411,30.0033112582781,12.0298013245033,127.758278145695,101.354304635762,111.596026490066,102.53642384106,4320,0.6,1,"BTLH",40.0522652,-107.8736167,9,6,0.944697675349981,0.567307164217393,1,0.819756468271142,0.588,0.922284644194755,0.733775675296783
17353,8.60833333333333,2883,48.3625,0.70284025974026,7.30645161290323,152.306451612903,39.9645161290323,7848.17419354839,211.761290322581,-164.193548387097,375.954838709677,44.1838709677419,-24.8193548387097,109.303225806452,-90.2161290322581,586.370967741935,60.0709677419355,36.7032258064516,14.3612903225806,170.274193548387,124.954838709677,160.767741935484,132.909677419355,4320,0.533333333333333,1,"BTLH",40.3126093,-105.9787229,8,7,0.903523551937652,0.463768222671443,0.999975179240874,0.522195169611827,0.535948509485095,0.591117216117216,0.769546389579773
17359,38.4333333333333,2453.8,40.5916666666667,0.724465777777778,38.6809210526316,165.381578947368,39.9934210526316,8279.1052631579,255.950657894737,-152.476973684211,408.427631578947,41.0131578947368,13.5164473684211,146.111842105263,-65.7138157894737,486.677631578947,48.4177631578947,31.8190789473684,11.1217105263158,133.868421052632,111.476973684211,117.549342105263,114.753289473684,4320,1,1,"BTLH",39.7578337,-107.6922689,15,0,0.970856438264852,0.680045991130616,1,0.981547470514835,0.560499706055262,0.96590038314176,0.798949420452118
17360,20.7777777777778,2662.77777777778,38.6712962962963,0.730955690508322,20.9869281045752,165.022875816993,40.1307189542484,8353.68300653595,236.66339869281,-168.709150326797,405.372549019608,115.934640522876,-43.5196078431373,127.964052287582,-85.7843137254902,460.117647058824,47.4607843137255,29.3398692810458,13.7516339869281,134.140522875817,101.235294117647,129.967320261438,104.87908496732,4320,0.266666666666667,1,"BTLH",39.9539677,-106.5583499,4,11,0.967741588477163,0.684499203781232,1,0.323221493932734,0.697492728330425,0.879629629629629,0.721895754337311
17365,72.3291666666667,2158.35,35.2,0.528862162162162,72.59,161.956666666667,38.8933333333333,8417.16,289.523333333333,-121.916666666667,411.44,157.563333333333,95.9933333333333,181.91,-35.1533333333333,422.083333333333,46.64,19.57,22.34,134.246666666667,82.88,109.903333333333,91.18,4320,0.933333333333333,1,"BTLH",38.2700861,-108.5366804,14,1,0.88345428205434,0.459049928811107,1,0.76938117288947,0.526348408710218,0.896477663230239,0.754633247852325
17368,47.25,2545.65,33.525,0.56616301369863,44.3333333333333,167.363636363636,41.4646464646465,7941.92592592593,248.626262626263,-149.619528619529,398.245791245791,141.707070707071,-57.1111111111111,146.875420875421,-57.4646464646465,406.774410774411,66.5319865319865,15.8013468013468,47.2558922558923,166.49494949495,56.1616161616162,162.808080808081,56.1616161616162,4320,0.866666666666667,1,"BTLH",38.1502227,-105.5137559,13,2,0.83896845235849,0.507088201845753,1,0.824050812190001,0.310012077294686,0.562941176470589,0.648422956466675
17372,63.9074074074074,2362.33333333333,42.3472222222222,0.597972888888889,68.0821917808219,158.366438356164,39.4075342465753,8150.16095890411,279.017123287671,-118.304794520548,397.321917808219,149.417808219178,103.575342465753,174.455479452055,-34.9691780821918,486.02397260274,54.8013698630137,18.2294520547945,24.5034246575342,152.202054794521,80.2054794520548,122.674657534247,117.972602739726,4320,0.8,1,"BTLH",37.4432477,-108.4743579,12,3,0.975795497714338,0.77642700725692,1,0.548252146879889,0.190679055361982,0.699595469255664,0.842893660068512
17422,62.125,2390.38888888889,42.9953703703704,0.639934234234234,62.7878787878788,158.585858585859,39.6734006734007,8061.0202020202,272.56228956229,-122.737373737374,395.299663299663,146.006734006734,97.6161616161616,167.996632996633,-38.9292929292929,511.255892255892,57.2491582491582,19.7003367003367,23.9461279461279,159.666666666667,85.5690235690236,129.430976430976,124.191919191919,4320,0.266666666666667,1,"BTLH",37.5166544,-108.46451,4,11,0.979215372900558,0.800798312164633,1,0.339861863890192,0.26193853427896,0.896055226824457,0.843187272548676
17453,8.85,2888.15,47.3375,0.712655555555555,8.47540983606557,154.245901639344,39.8786885245902,7942.33114754098,214.045901639344,-167.236065573771,381.281967213115,45.2491803278688,-18.3245901639344,111.314754098361,-91.0196721311475,569.780327868853,58.527868852459,35.5016393442623,14.4032786885246,165.350819672131,121.616393442623,154.95737704918,131.495081967213,4320,0.333333333333333,1,"BTLH",40.179928,-106.00812,5,10,0.932363970055868,0.540306556897719,1,0.3241138336949,0.593259705488621,0.685654008438819,0.76572048664093
33017,90.2324561403509,1067.52631578947,31.5964912280702,0.44018,90.6172839506173,146.660493827161,37.1635802469136,8319.97222222222,315.283950617284,-73.8950617283951,389.179012345679,-5.00925925925926,193.675925925926,199.799382716049,-14.9938271604938,373.592592592593,52.212962962963,8.98148148148148,41.4382716049383,148.089506172839,40.3425925925926,48.1728395061728,137.166666666667,4320,0,0,"BTLH",43.455341,-116.0962005,0,15,0.00727742934164381,0.00907705313119117,2.22044604925031e-16,2.22044604925031e-16,0.242434842249657,0.324912280701755,0.233279690146446
33018,67.3041666666667,1333.75,42.0958333333333,0.603951028806584,66.3271604938272,154.885802469136,38.5432098765432,8222.68827160494,294.660493827161,-102.148148148148,396.808641975309,-28.2067901234568,167.858024691358,173.320987654321,-38.8302469135802,506.885802469136,74.0771604938272,12.9320987654321,45.3734567901235,209.296296296296,54.6018518518519,62.9104938271605,198.793209876543,4320,0,0,"BTLH",43.7258179,-115.951094,0,15,0.0399513451477988,0.0474898566256091,2.22044604925031e-16,2.22044604925031e-16,0.462178526841448,0.547145488029466,0.41098552942276
33023,65.9791666666667,1565.95,29.1666666666667,0.411326923076923,65.496855345912,162.704402515723,41.0534591194969,7698.57547169811,291.751572327044,-99.5251572327044,391.276729559748,-14.5660377358491,162.990566037736,168.393081761006,-29.4150943396226,350.641509433962,41.2767295597484,11.811320754717,31.2987421383648,121.433962264151,46.7641509433962,59.1981132075472,111.606918238994,4320,0,0,"BTLH",42.8131415,-116.6394012,0,15,0.0495952507318615,0.0216088336434401,2.22044604925031e-16,2.22044604925031e-16,0.392738312082574,0.4135477582846,0.419060200452805
33222,24.3416666666667,2077.35,44.5458333333333,0.795109282700422,25.7784615384615,151.424615384615,36.7076923076923,8759.91692307692,250.84,-156.646153846154,407.486153846154,-11.6646153846154,121.990769230769,138.6,-85.7753846153846,525.916923076923,60.9046153846154,31.9169230769231,19.6646153846154,161.855384615385,104.273846153846,116.615384615385,152.190769230769,4320,0.2,1,"BTLH",43.8248162,-111.2006106,3,12,0.566434183030567,0.258230613390369,1,0.26358993251507,0.536642899584076,0.515355805243446,0.592305958271027
33223,65.9625,1584.6,28.0291666666667,0.36240329218107,66.08125,169.4125,42.278125,7599.2,295.940625,-100.44375,396.384375,-18.253125,162.609375,168.15,-27.015625,334.88125,38.16875,11.859375,29.49375,112.1875,45.99375,58.590625,102.959375,4320,0,0,"BTLH",42.6439302,-116.9936762,0,15,0.0504795247215488,0.018755294123166,2.22044604925031e-16,7.62137526771678e-12,0.0743417874396133,0.301486199575372,0.39996325969696
53046,17.8106060606061,2179.13636363636,38.2234848484849,0.70242,17.3454545454545,148.172727272727,36.0787878787879,8785.33636363636,241.115151515152,-164.369696969697,405.484848484848,18.9212121212121,53.3848484848485,129.963636363636,-94.8969696969697,453.221212121212,54.330303030303,26.4636363636364,23.4666666666667,144.160606060606,88.0606060606061,115.115151515152,116.124242424242,4320,0,0,"BTLH",44.5869032,-112.025803,0,15,0.297708744639755,0.129178042119601,2.22044604925031e-16,0.000139300506433368,0.325458409228901,0.655462962962963,0.449301958084106
53047,12.8333333333333,2177.5,48.9886363636364,0.771494936708861,12.3547400611621,151.088685015291,36.2293577981651,8933.58103975535,238.97247706422,-172.666666666667,411.639143730887,-73.2446483180428,117.960244648318,126.746177370031,-102.042813455657,591.477064220183,66.5321100917431,34.0764525993884,22.0703363914373,185.914373088685,108.37003058104,129.648318042813,179.623853211009,4320,0,0,"BTLH",44.5987327,-111.5237969,0,15,0.299361075958713,0.143779344136288,2.22044604925031e-16,2.20697670446888e-10,0.516148531951641,0.594,0.477136462926865
53097,17.6791666666667,2268.05,30.2625,0.570227309236948,18.190332326284,152.848942598187,37.2477341389728,8545.03021148036,242.172205438066,-162.833836858006,405.006042296073,94.0151057401813,-64.3474320241692,128.317220543807,-90.4259818731118,362.441087613293,51.178247734139,18.6374622356495,33.5558912386707,130.909365558912,64.6586102719033,116.984894259819,66.2719033232628,4320,0,0,"BTLH",44.5611413,-112.710893,0,15,0.203979432084414,0.0903265272740851,2.22044604925031e-16,8.25908894123165e-05,0.452453703703704,0.665262172284644,0.410915464162827
55009,88.525,1677.3,21.6041666666667,0.274191111111111,88.3344155844156,169.63961038961,41.2435064935065,8018.2012987013,322.522727272727,-83.7305194805195,406.253246753247,76.301948051948,191.454545454545,196.016233766234,-8.51948051948052,258.88961038961,30.0909090909091,10.3636363636364,26.038961038961,83.3311688311688,39.2987012987013,48.4837662337662,69.5,4320,0,0,"BTLH",40.1686217,-117.1872779,0,15,0.269621506721943,0.0606505349373676,2.22044604925031e-16,3.08157497842869e-08,0.0224313725490193,0.100159489633174,0.163643136620522
55010,81.0753968253968,1847.80952380952,24.6666666666667,0.314027631578947,80.5980392156863,159.875816993464,39.6928104575163,8031.11111111111,309.199346405229,-88.4607843137255,397.660130718954,63.656862745098,184.424836601307,188.545751633987,-16.1764705882353,298.823529411765,34.6601307189542,13.0686274509804,24.3137254901961,96.7352941176471,48.4934640522876,56.9117647058824,77.8790849673203,4320,0,0,"BTLH",40.0802831,-116.5858881,0,15,0.354197519804185,0.0838977042500158,0.0284558332209496,0.0737842072114104,0.0793127809890813,0.325,0.422362804412842
55011,71.075,1987.9,29.125,0.385320888888889,71.6513157894737,159.029605263158,39.4572368421053,8051.50657894737,296.032894736842,-102.555921052632,398.588815789474,54.7861842105263,174.539473684211,179.105263157895,-27.0953947368421,349.105263157895,38.0394736842105,16.4440789473684,21.3848684210526,107.516447368421,59.5756578947368,66.7171052631579,94.1019736842105,4320,0.0666666666666667,1,"BTLH",40.0935212,-115.6324132,1,14,0.498570938780179,0.128383259227906,0.999999999999599,0.0100842946596875,0.174263959390863,0.705416666666667,0.687384009361267
55016,74.5925925925926,2044.27777777778,25.1342592592593,0.339646153846154,73.8976897689769,156.80198019802,40.016501650165,7818.17161716172,293.881188118812,-92.7854785478548,386.666666666667,53.980198019802,159.554455445545,178.633663366337,-20.1056105610561,306.178217821782,34.6336633663366,17.7326732673267,19.1782178217822,98.7227722772277,59.9471947194719,65.1188118811881,73.8712871287129,4320,0,0,"BTLH",39.5518146,-116.3870941,0,15,0.468327686346525,0.0990349839190746,2.22044604925031e-16,0.0181907349479996,0.0961252115059219,0.350765306122449,0.552499830722809
55017,62.7731481481481,2101.33333333333,26.212962962963,0.361213852813853,63.2417218543046,169.953642384106,41.205298013245,7954.97682119205,287.062913907285,-120.155629139073,407.218543046358,49.841059602649,75.9900662251656,168.831125827815,-35.2615894039735,313.652317880795,33.0496688741722,21.5264900662252,12.4437086092715,93.0629139072848,69.887417218543,73.3377483443709,72.9569536423841,4320,0,0,"BTLH",39.3621311,-115.2707624,0,15,0.421378983126667,0.079302624604456,0.00370706929700107,0.00831925285401796,0.119805825242718,0.381460674157304,0.518212914466858
55121,64.6833333333333,2184.65,20.65,0.36921399695586,62.9765886287625,170.71237458194,43.4749163879599,7341.33110367893,280.789297658863,-107.478260869565,388.267558528428,46.0535117056856,61.3946488294314,161.277591973244,-25.5819397993311,254.966555183946,26.5518394648829,16.5953177257525,13.6555183946488,73.7090301003344,55.4314381270903,62.7090301003344,61.2608695652174,4320,0.0666666666666667,1,"BTLH",38.8931842,-117.19377,1,14,0.691883126926797,0.14727625080278,0.988320569805651,0.0188954101205337,0.273916821849783,0.330277777777778,0.576519548892975
60001,100.236842105263,1849.78947368421,24.2324561403509,0.302053881278539,101.472413793103,164.81724137931,39.1965517241379,8726.45517241379,320.61724137931,-94.4137931034483,415.031034482759,176.403448275862,143.027586206897,214.579310344828,-10.9758620689655,283.155172413793,38.5172413793103,10.7965517241379,32.7068965517241,99.8620689655172,44.6862068965517,81.051724137931,62.5275862068966,4320,0,0,"BTLH",36.7711947,-108.1106179,0,15,0.412454567881851,0.125859580782851,2.22044604925031e-16,0.000631573333205628,0.0103238095238091,0.0619963369963369,0.363020777702332
60005,91.8508771929825,2005.52631578947,35.0657894736842,0.381494520547945,91.840830449827,170.287197231834,43.3321799307958,7735.56055363322,288.089965397924,-100.207612456747,388.297577854671,192.38062283737,-6.47404844290657,192.38062283737,-6.47404844290657,419.128027681661,81.6989619377163,9.39792387543253,70.5536332179931,208.695501730104,31.3944636678201,208.695501730104,31.3944636678201,4320,0,0,"BTLH",36.5885417,-104.1164099,0,15,0.208867763267364,0.135755220589562,8.05628514610919e-08,1.58152904695088e-05,0.209024822695035,0.351128472222222,0.454748570919037
60013,84.6176470588235,2192.70588235294,27.9019607843137,0.289467579908676,84.7517482517483,192.730769230769,47.951048951049,7446.51048951049,291.199300699301,-106.433566433566,397.632867132867,176.22027972028,118.06993006993,182.143356643357,-9.13986013986014,334.77972027972,67.0979020979021,12.013986013986,61.520979020979,165.583916083916,38.9475524475524,138.486013986014,59.5979020979021,4320,0.2,1,"BTLH",34.6383511,-108.4498979,3,12,0.420092803712112,0.152660728351147,0.977005078150802,0.23875154141471,0.105856209150327,0.290652557319224,0.423320263624191
60019,75.5294117647059,2304.94117647059,33.1862745098039,0.361329951690821,75.2296819787986,199.356890459364,51.0282685512367,6970.06360424028,274.282685512367,-112.86925795053,387.151943462898,160.526501766784,93.5512367491166,166.717314487633,-12.4876325088339,397.551236749117,83.0494699646643,11.3816254416961,70.339222614841,213.060070671378,41.3639575971731,176.604240282686,66.8233215547703,4320,0.4,1,"BTLH",33.9262784,-108.1876061,6,9,0.495031370789225,0.234101073262549,0.993515760129753,0.240682354361468,0.198792549775209,0.472310405643739,0.597786128520966
60022,117.231481481481,1878.5,30.5648148148148,0.372664788732394,116.147887323944,168.535211267606,45.9366197183099,7249.30985915493,301.961267605634,-61.0739436619718,363.035211267606,200.81338028169,67.6830985915493,210.640845070423,24.5176056338028,369.654929577465,76.080985915493,11.4014084507042,68.0211267605634,194.5,46.1338028169014,178.306338028169,54.2429577464789,4320,0.733333333333333,1,"BTLH",33.6891907,-105.8493706,11,4,0.380843336835342,0.177251228328068,1,0.846304586531056,0.316012101210121,0.653996598639456,0.673355400562286
60031,146.313725490196,1483,30.5588235294118,0.298356862745098,145.591240875912,182.839416058394,49.2299270072993,6926.71167883212,334.28102189781,-33.5839416058394,367.86496350365,226.419708029197,183.204379562044,235.124087591241,57.9014598540146,372.142335766423,79.7518248175183,5.92335766423358,71.463503649635,195.197080291971,28.0948905109489,165.156934306569,77.514598540146,4320,0,0,"BTLH",31.9280116,-108.9941583,0,15,0.247727629635744,0.127686195254087,0.00168098630603433,0.0103921338162382,0.0909020310633212,0.304476190476191,0.219034746289253
60052,83.9517543859649,2065,26.5745614035088,0.262500456621005,84.1280276816609,165.505190311419,39.5951557093426,8467.86851211073,299.546712802768,-113.148788927336,412.695501730104,185.61937716263,118.868512110727,193.878892733564,-25.356401384083,319.425605536332,50.8062283737024,14.8512110726644,38.6124567474048,125.42214532872,50.7058823529412,106.0276816609,62.4221453287197,4320,0,0,"BTLH",36.4327042,-107.4794163,0,15,0.178027906940931,0.05964654875201,0.00308958304836311,0.0475910025977434,0.183257142857143,0.415538194444444,0.305408865213394
60053,60.4212962962963,2262.44444444444,36.7824074074074,0.501807555555556,60.4931034482759,180.406896551724,42.2758620689655,8089.28620689655,275.989655172414,-145.58275862069,421.572413793103,158.775862068966,95.9068965517241,164.451724137931,-44.6655172413793,439.434482758621,67.0931034482759,21.8,34.3448275862069,164.734482758621,72.5137931034483,142.362068965517,93.8793103448276,4320,0,0,"BTLH",36.6172567,-106.9010999,0,15,0.68139058338053,0.299158817072942,0.00027760487116022,0.0308568998754729,0.19160960960961,0.417407407407407,0.665783882141113
60060,77.5791666666667,2296.75,39.7041666666667,0.521529901960784,78.78125,174.385416666667,46.0798611111111,7079.20833333333,270.701388888889,-103.569444444444,374.270833333333,164.427083333333,-6.55555555555556,171.777777777778,-9.90972222222222,468.635416666667,91.15625,17.1944444444444,64.3402777777778,228.277777777778,55.6319444444444,222.118055555556,56.375,4320,1,1,"BTLH",35.6605096,-105.3361242,15,0,0.796768407920883,0.502958307546522,1,0.957219072395223,0.438157596371882,0.857944732297063,0.807056307792664
60063,88.5735294117647,2111.82352941176,27.3529411764706,0.27254537037037,88.2587412587413,195.461538461538,48.986013986014,7334.36713286713,292.821678321678,-102.258741258741,395.08041958042,178.839160839161,120.65034965035,184.269230769231,-3.75524475524476,330.472027972028,68.458041958042,11.1293706293706,65.3741258741259,168.730769230769,36.6223776223776,141.461538461538,55.034965034965,4320,0,0,"BTLH",34.4625537,-108.7731399,0,15,0.281634879625466,0.105608354393972,0.0115912742192723,0.000417541077052007,0.0830115361262899,0.325448028673835,0.318756818771362
60065,108.00462962963,1944.88888888889,29.3981481481481,0.3348,107.141342756184,174.544169611307,44.8657243816254,7638.79505300353,308.328621908127,-76.2473498233216,384.575971731449,197.325088339223,45.7314487632509,206.590106007067,9.85159010600707,356.526501766784,67.6678445229682,15.4310954063604,58.339222614841,172.886925795053,50.4734982332156,154.579505300353,56.6007067137809,4320,0.0666666666666667,1,"BTLH",34.5074572,-106.1909023,1,14,0.446887051833652,0.166318731877552,0.995970111025618,0.191060885946398,0.225632183908046,0.577014652014652,0.652037560939789
60067,125.652777777778,1611.77777777778,28.6944444444444,0.315199537037037,124.802816901408,176.211267605634,45.0457746478873,7629.41901408451,322.242957746479,-63.4929577464789,385.735915492958,214.408450704225,42.0035211267606,224.179577464789,27.4225352112676,343.035211267606,70.2922535211268,10.6830985915493,65.8098591549296,171.647887323944,34.7605633802817,167.024647887324,35.8591549295775,4320,0,0,"BTLH",34.7803261,-104.9434186,0,15,0.161463530386013,0.0795913291510584,2.22044604925031e-16,2.29097196902886e-06,0.0755439208842347,0.398342541436464,0.394376665353775
60069,79.6323529411765,2212.41176470588,39.2745098039216,0.493364351851852,79.2173913043478,199.336956521739,52.1702898550725,6682.35869565217,274.710144927536,-103.717391304348,378.427536231884,162.057971014493,107.731884057971,167.31884057971,-3.72826086956522,477.423913043478,90.8949275362319,13.3007246376812,62.4094202898551,235.394927536232,46.8586956521739,197.228260869565,95.5471014492754,4320,0.133333333333333,1,"BTLH",33.644134,-108.7910908,2,13,0.766726312363072,0.465443408937156,0.999999999992197,0.407659326763455,0.381687027341478,0.545365418894831,0.769726514816284
60075,146.026315789474,1419.21052631579,28.0350877192982,0.222880952380952,145.167857142857,190.460714285714,49.525,7308.37142857143,339.946428571429,-41.3321428571429,381.278571428571,232.785714285714,181.889285714286,240.814285714286,53.4821428571429,338.057142857143,66.0821428571429,6.35,66.425,171.4,26.4142857142857,142.642857142857,72.8214285714286,4320,0,0,"BTLH",32.3972197,-108.7266319,0,15,0.102830963552752,0.0494634821818177,2.22044604925031e-16,2.22044604925031e-16,0.0253190319031898,0.222916666666667,0.104132138192654
60101,102.526315789474,1821.73684210526,22.8991228070175,0.293566666666667,102.741496598639,164.938775510204,39.234693877551,8739.64285714286,321.867346938775,-93.1190476190476,414.986394557823,178.200680272109,144.493197278912,216.006802721088,-9.8843537414966,273.93537414966,37.5816326530612,10.4455782312925,33.3673469387755,97.5238095238095,43.0986394557823,79.0612244897959,59.9557823129252,4320,0,0,"BTLH",36.7454597,-108.1474769,0,15,0.366563799257654,0.110264947906139,2.22044604925031e-16,0.000145430252027365,0.0117827997489011,0.119556840077071,0.321282953023911
60107,81.8684210526316,2262.21052631579,28.4868421052632,0.38983196347032,81.0742049469965,174.650176678445,44.0494699646643,7759.80565371025,285.031802120141,-107.123674911661,392.155477031802,174.780918727915,114.342756183746,182.247349823322,-17.416961130742,347.515901060071,62.1484098939929,14.3286219081272,50.6183745583039,154.053003533569,46.3250883392226,130.83038869258,70.0424028268551,4320,1,1,"BTLH",35.2666767,-108.1239789,15,0,0.697574236667126,0.298534320864898,1,0.834963570909543,0.22578231292517,0.673423423423424,0.752771258354187
60116,113.598039215686,1931.35294117647,30.0490196078431,0.332342857142857,113.148936170213,171.478723404255,45.436170212766,7438.78723404255,306.797872340426,-66.0248226950355,372.822695035461,200.471631205674,51.1843971631206,210.248226950355,19.1205673758865,360.595744680851,73.6560283687943,12.5886524822695,66.3617021276596,186.531914893617,46.4007092198582,172,51.5248226950355,4320,0.6,1,"BTLH",34.05,-105.8166667,9,6,0.413279689702086,0.176211444392737,1,0.442734890340174,0.162964975845411,0.628114478114478,0.636046946048737
60153,60.4212962962963,2262.44444444444,36.7824074074074,0.501807555555556,60.3664383561644,180.554794520548,42.2979452054795,8089.24657534247,275.914383561644,-145.828767123288,421.743150684931,158.647260273973,95.777397260274,164.311643835616,-44.7945205479452,440.294520547945,67.1095890410959,21.8184931506849,34.2294520547945,164.804794520548,72.6541095890411,142.38698630137,94.2260273972603,4320,0,0,"BTLH",36.6191539,-106.9003714,0,15,0.679439152454073,0.297747470848922,0.000328334743802308,0.0328107365641385,0.167514934289128,0.378831417624521,0.664554834365845
60155,77.6973684210526,2143.78947368421,34.2982456140351,0.469351598173516,80.4226804123711,180.487972508591,44.6941580756014,7708.31271477663,280.683848797251,-118.546391752577,399.230240549828,179.73883161512,-18.5704467353952,179.73883161512,-18.5704467353952,403.584192439863,77.7079037800687,10.8350515463918,66.8006872852234,196.164948453608,35.127147766323,196.164948453608,35.127147766323,4320,0,0,"BTLH",36.6066007,-104.7260509,0,15,0.582859473663344,0.328725207972811,0.0050115083096915,0.0406783986049036,0.394036409290647,0.560837887067396,0.561585307121277
60163,89.6813725490196,2096.41176470588,27.0245098039216,0.255859817351598,90.4612676056338,193.866197183099,48.419014084507,7423.05281690141,295.80985915493,-100.517605633803,396.327464788732,182.045774647887,123.419014084507,187.535211267606,-2.7887323943662,322.816901408451,66.056338028169,10.9542253521127,63.9683098591549,162.514084507042,36.1654929577465,136.281690140845,54.5,4320,0,0,"BTLH",34.5445357,-108.7904439,0,15,0.265836683230127,0.0967117902471126,1.08321648754341e-07,8.47286100870941e-06,0.07327868852459,0.248109965635739,0.272983878850937
60201,97.2416666666667,1876.65,25.8541666666667,0.334457619047619,97.5680272108844,165.496598639456,39.2721088435374,8678.80272108844,316.853741496599,-99.0714285714286,415.925170068027,171.248299319728,138.578231292517,210.040816326531,-14.343537414966,308.942176870748,41.2687074829932,11.8095238095238,31.2721088435374,106.778911564626,48.9829931972789,86.8775510204082,69.6360544217687,4320,0,0,"BTLH",36.8338846,-108.010155,0,15,0.470283622120482,0.151515129396137,2.22044604925031e-16,0.0140039942321503,0.0350308641975305,0.124045138888889,0.499417126178741
60263,79.9166666666667,2246.44444444444,29.8935185185185,0.335747826086957,80.3485915492958,197.760563380282,49.8556338028169,7180.13028169014,284,-109.109154929577,393.109154929577,168.94014084507,111.855633802817,174.549295774648,-9.70070422535211,355.852112676056,74.0281690140845,12.0176056338028,66.5352112676056,184.179577464789,39.0739436619718,153.964788732394,60.1232394366197,4320,0,0,"BTLH",34.341296,-108.523606,0,15,0.530693031476907,0.219409211822263,0.0227366094769376,0.0497106776714497,0.282121212121212,0.791567460317461,0.57077568769455
60301,97.2416666666667,1876.65,25.8541666666667,0.334457619047619,97.5680272108844,165.496598639456,39.2721088435374,8678.80272108844,316.853741496599,-99.0714285714286,415.925170068027,171.248299319728,138.578231292517,210.040816326531,-14.343537414966,308.942176870748,41.2687074829932,11.8095238095238,31.2721088435374,106.778911564626,48.9829931972789,86.8775510204082,69.6360544217687,4320,0,0,"BTLH",36.8338846,-108.010155,0,15,0.470283622120482,0.151515129396137,2.22044604925031e-16,0.0140039942321503,0.0309350333940495,0.120349907918969,0.499417126178741
69064,67.4351851851852,1602.77777777778,26.0925925925926,0.28142724,67.4574132492114,172.343848580442,42.7854889589905,7590.32492113565,299.312302839117,-100.182965299685,399.495268138801,-17.5646687697161,163.914826498423,169.621451104101,-25.3785488958991,312.996845425867,35.4132492113565,11.4258675078864,28.5993690851735,102.930599369085,44.4006309148265,56.7476340694006,93.3659305993691,4320,0,0,"BTLH",42.3630417,-117.0811619,0,15,0.0285318284337341,0.0107325277838778,2.22044604925031e-16,7.56982543597153e-10,0.0342975734355041,0.207129094412332,0.187989607453346
69256,68.9625,1560.45,26.0666666666667,0.31101358,69.2689873417721,172.183544303797,42.6993670886076,7604.78164556962,301.186708860759,-98.3386075949367,399.525316455696,-4.02215189873418,165.76582278481,171.569620253165,-23.7911392405063,313.395569620253,35.379746835443,11.3829113924051,28.5189873417722,102.563291139241,44.376582278481,56.7278481012658,93.0348101265823,4320,0,0,"BTLH",42.5261832,-117.1751241,0,15,0.0367983789248836,0.0134182327634802,2.22044604925031e-16,4.66917750729042e-13,0.0364479905437349,0.227552986512524,0.236236542463303
83184,167.791666666667,1386,27.7708333333333,0.273215233333333,166.881481481481,170.462962962963,48.8222222222222,6454.97037037037,332.566666666667,-13.262962962963,345.82962962963,235.762962962963,96.1666666666667,245.922222222222,80.9074074074074,333.151851851852,60.8,6.14814814814815,75.1962962962963,178.188888888889,24.337037037037,164.407407407407,28.6962962962963,4320,0,0,"BTLH",30.0400667,-104.0259486,0,15,0.199734430316826,0.0684726624537654,2.22044604925031e-16,2.22044604925031e-16,0.0392613283674731,0.174022346368715,0.104687325656414
83319,197.828125,989.9375,25.375,0.20844324,197.066666666667,160.488888888889,45.9,6729.48888888889,358.692592592593,12.4407407407407,346.251851851852,266.559259259259,121.492592592593,276.977777777778,105.451851851852,305.788888888889,59.9481481481481,6.76296296296296,74.8185185185185,164.374074074074,23.1888888888889,149.166666666667,24.9444444444444,4320,0,0,"BTLH",29.1679858,-103.6103013,0,15,0.0425358286665518,0.0203853931695803,2.22044604925031e-16,2.22044604925031e-16,0.0389113355780019,0.130110497237569,0.0796020328998566
85012,61.5614035087719,2124.42105263158,27.1315789473684,0.397309913333333,63.3201320132013,148.521452145215,35.4785478547855,8979.84818481848,282.19801980198,-129.970297029703,412.168316831683,149.207920792079,6.23102310231023,179.815181518152,-51.7920792079208,320.376237623762,34.6072607260726,20.6666666666667,16.6336633663366,96.947194719472,67.5379537953795,85.1683168316832,71.019801980198,4320,0,0,"BTLH",39.5972957,-110.5606389,0,15,0.255701213976998,0.0678798371535004,4.80418206630164e-10,0.00118775123671931,0.175106837606838,0.62010582010582,0.507007300853729
85014,88.1111111111111,1753.88888888889,22.0231481481481,0.28894734,88.0733333333333,177.77,40.9366666666667,8609.94666666667,322.22,-106.84,429.06,149.08,-11.6066666666667,202.433333333333,-19.6933333333333,263.883333333333,30.4266666666667,13.58,23.4933333333333,81.1333333333333,49.41,68.9066666666667,49.68,4320,0,0,"BTLH",38.4788417,-113.4325409,0,15,0.279182324879645,0.0653263008169541,2.22044604925031e-16,0.00114770868008211,0.030346534653465,0.0914089347079041,0.233374267816544
85015,64.8508771929825,2125.21052631579,30.5614035087719,0.531073153333333,63.6442953020134,176,42.5738255033557,8005.93959731544,286.39932885906,-122.167785234899,408.56711409396,107.164429530201,47.744966442953,169.701342281879,-35.5536912751678,373.651006711409,44.7953020134228,17.9463087248322,21.7718120805369,112.56711409396,77.7651006711409,96.3959731543624,85.1946308724832,4320,0.666666666666667,1,"BTLH",38.2041397,-112.6462479,10,5,0.879118709890325,0.431718237605471,0.993511640285795,0.538623057025695,0.442171717171717,0.782587064676616,0.735886991024017
85018,95.4351851851852,1824,27.2083333333333,0.37646618,95.6755852842809,152.859531772575,36.2341137123746,8998.51170568562,316.90635451505,-99.2274247491639,416.133779264214,167.324414715719,70.7056856187291,212.558528428094,-19.9665551839465,326.501672240803,36.38127090301,14.7491638795987,21.2173913043478,101.133779264214,63.7759197324415,81.0602006688963,71.9130434782609,4320,0,0,"BTLH",38.5833333,-109.3333333,0,15,0.452388078157363,0.139008603625542,2.22044604925031e-16,0.0375918198076666,0.178864333947207,0.614794007490637,0.636173248291016
85019,92.1470588235294,1712.94117647059,25.8137254901961,0.3958936,91.277027027027,167.334459459459,41.0743243243243,8254.60135135135,311.003378378378,-92.4324324324324,403.435810810811,119.155405405405,102.712837837838,200.405405405405,-11.8581081081081,316.202702702703,37.0033783783784,12.3614864864865,23.3648648648649,95.8817567567568,60.1418918918919,76.8141891891892,74.8614864864865,4320,0.0666666666666667,1,"BTLH",37.7942977,-113.4586179,1,14,0.359576349163663,0.104136246938756,0.993183306183311,0.125666201120439,0.210800744878957,0.679472693032015,0.607750535011292
85020,73.2,2165.75,35.5875,0.511221333333333,73.5084745762712,165.142372881356,42.4406779661017,7656.08813559322,283.203389830508,-101.040677966102,384.24406779661,29.2203389830508,103.105084745763,174.6,-20.3796610169492,429.46779661017,50.6474576271186,15.7830508474576,25.9796610169492,133.898305084746,70.9084745762712,103.972881355932,120.661016949153,4320,0.933333333333333,1,"BTLH",37.4140427,-112.7998329,14,1,0.882492601574709,0.461478678586993,1,0.861424510563636,0.621413105413105,0.837096774193548,0.788455009460449
85119,87.3981481481482,1792.66666666667,26.0833333333333,0.376340453333333,87.2871621621622,168.027027027027,41.0641891891892,8243.32094594595,308.297297297297,-96.3513513513514,404.648648648649,133.621621621622,95.4121621621622,196.547297297297,-15.3243243243243,311.780405405405,35.7837837837838,12.7466216216216,22.4391891891892,93.6418918918919,60.8783783783784,76.9358108108108,71.9628378378378,4320,0.0666666666666667,1,"BTLH",37.8962567,-113.6579899,1,14,0.384926121906465,0.105173074811398,1,0.0350511241013244,0.115086543830262,0.611935483870968,0.59515917301178
85120,118.148148148148,1606.22222222222,28.8194444444444,0.26731872,117.91186440678,166.53220338983,42.0847457627119,7925.10508474576,330.891525423729,-59.9627118644068,390.854237288136,42.4067796610169,150.820338983051,222.420338983051,20.0271186440678,345.203389830508,41.7627118644068,11.1118644067797,29.2101694915254,112.067796610169,52.0508474576271,80.7593220338983,102.094915254237,4320,0.0666666666666667,1,"BTLH",37.0000397,-112.8619309,1,14,0.260078223745066,0.0699951893496069,1,0.0452338023790541,0.0848727498448165,0.190697674418605,0.312938809394836
85121,56.9166666666667,2363.35,28.7,0.41550186,56.6767676767677,161.811447811448,40.8989898989899,7849.75084175084,265.93265993266,-125.084175084175,391.016835016835,154.161616161616,85.5993265993266,159.639730639731,-41.3939393939394,344.602693602694,48.4882154882155,15.4511784511785,28.9360269360269,118.767676767677,60.5589225589226,100.848484848485,79.7710437710438,4320,0.866666666666667,1,"BTLH",37.8217747,-111.8435129,13,2,0.593460123035636,0.196145361237174,1,0.862071197978133,0.306523716699155,0.846858638743454,0.666474342346191
85123,91.7205882352941,1953,28.1127450980392,0.357463893333333,92.0338983050847,153.498305084746,37.0271186440678,8776.88813559322,311.206779661017,-97.1322033898305,408.338983050847,164.46779661017,132.657627118644,206.766101694915,-20.0474576271186,336.569491525424,39.5220338983051,11.2983050847458,26.6847457627119,109.054237288136,52.3728813559322,82.5389830508475,84.1423728813559,4320,0,0,"BTLH",37.6748957,-109.4037019,0,15,0.563180403680803,0.19555453278825,2.22044604925031e-16,0.0189006058851695,0.0620047031158139,0.297565543071161,0.557745933532715
85163,69.0601851851852,2093.44444444444,26.6435185185185,0.43638658,69.453642384106,147.016556291391,34.3112582781457,9314.44039735099,292.496688741722,-128.168874172185,420.665562913907,146.940397350993,-30.9966887417219,189.801324503311,-51.1158940397351,315.847682119205,33.7185430463576,18.9139072847682,17.7582781456954,96.3675496688742,64.2086092715232,82.8377483443709,64.887417218543,4320,0,0,"BTLH",39.5487857,-109.7414019,0,15,0.502418808910715,0.153525082748083,0.00385070563490879,0.0270929396686492,0.240100439422473,0.586610486891386,0.446643680334091
85168,95.2962962962963,1840.22222222222,27.1851851851852,0.35376312,93.5218855218855,152.828282828283,36.4107744107744,8927.84511784512,314.259259259259,-99.7811447811448,414.040404040404,164.973063973064,98.959595959596,209.754208754209,-20.8922558922559,333.292929292929,37.3771043771044,14.3804713804714,22.0572390572391,104.3367003367,63.6902356902357,83.0740740740741,74.7037037037037,4320,0,0,"BTLH",38.4470777,-109.3860549,0,15,0.356432320147671,0.107522572870077,0.584937738343917,0.1452060004365,0.281669805398619,0.760590277777778,0.570917189121246
85169,141.649122807018,1215.84210526316,23.2368421052632,0.280068526666667,142.522184300341,162.283276450512,40.5904436860068,8304.21501706485,357.153583617747,-37.6621160409556,394.815699658703,56.8941979522184,178.860068259386,252.447098976109,39.7337883959044,274.706484641638,35.8327645051195,6.89078498293515,32.4948805460751,95.3344709897611,39.9590443686007,57.1877133105802,82.7610921501707,4320,0.0666666666666667,1,"BTLH",37.0690767,-113.7700499,1,14,0.19706779698753,0.0618523655825732,0.999967213643549,0.0603058103050578,0.0137379972565153,0.0819964349376116,0.163513794541359
85170,68.359649122807,2172.21052631579,29.9166666666667,0.406046226666667,70.8120805369127,169.291946308725,42.5805369127517,7742.93288590604,283.251677852349,-109.604026845638,392.855704697987,121.010067114094,102.261744966443,172.513422818792,-25.6845637583893,359.261744966443,46.5234899328859,14.0838926174497,27.1845637583893,116.006711409396,58.761744966443,95.8489932885906,94.744966442953,4320,0.866666666666667,1,"BTLH",37.4597237,-112.3240509,13,2,0.653726767903927,0.218993727129587,1,0.845471451613724,0.485829145728643,0.837499999999999,0.703622162342072
85218,103.266666666667,1681.65,24.0875,0.316641886666667,102.929292929293,155.333333333333,36.0572390572391,9228.367003367,328.080808080808,-96.8989898989899,424.979797979798,173.882154882155,43.956228956229,222.377104377104,-16.3400673400673,291.727272727273,32.9393939393939,13.5488215488215,21.3771043771044,90.8350168350168,57.7171717171717,72.0909090909091,62.8754208754209,4320,0,0,"BTLH",38.6821807,-109.4773259,0,15,0.236902785891715,0.0711115341440274,0.00103720237824473,0.0144568840883475,0.0320114942528732,0.0936720142602499,0.30433452129364
85263,90.9791666666667,1788.95,24.8166666666667,0.347307106666667,89.5346534653465,152.759075907591,35.3333333333333,9324.46864686469,314.973597359736,-110.689768976898,425.663366336634,159.617161716172,-19.9042904290429,209.864686468647,-31.5148514851485,303.250825082508,32.1848184818482,17.4686468646865,17.5280528052805,90.9174917491749,62.8316831683168,75.6963696369637,63.023102310231,4320,0,0,"BTLH",39.234033,-109.20575,0,15,0.200713986163124,0.0579633772286748,0.00261391508478531,0.0652420651103471,0.0523827874116889,0.178282828282829,0.310384601354599
85268,95.2962962962963,1840.22222222222,27.1851851851852,0.35376312,93.5151515151515,152.835016835017,36.4107744107744,8927.78114478115,314.255892255892,-99.8013468013468,414.057239057239,164.96632996633,98.952861952862,209.744107744108,-20.8989898989899,333.360269360269,37.3804713804714,14.3939393939394,22.047138047138,104.350168350168,63.7373737373737,83.0942760942761,74.6868686868687,4320,0.266666666666667,1,"BTLH",38.45,-109.38333,4,11,0.356229182150165,0.107425767545187,0.642328198573137,0.147988679488075,0.186306818181818,0.348305084745763,0.570935964584351
85313,95.3041666666667,1740.5,24.9541666666667,0.328048246666667,96.950495049505,155.128712871287,35.6897689768977,9339.12871287129,323.122112211221,-105.221122112211,428.343234323432,166.986798679868,-5.01980198019802,217.237623762376,-24.6534653465347,293.339933993399,31.6204620462046,15.980198019802,18.5115511551155,88.6039603960396,59.980198019802,72.4983498349835,61.0561056105611,4320,0,0,"BTLH",39.0819137,-109.1242599,0,15,0.232926683780391,0.0661951979839756,2.22044604925031e-16,0.0182506417776931,0.0589653145208699,0.0996168582375482,0.266775667667389
85318,88.9259259259259,1954.72222222222,28.7685185185185,0.356354046666667,89.2307692307692,152.655518394649,36.6989966555184,8804.88294314381,308.52508361204,-101.578595317726,410.103678929766,160.177257525084,124.598662207358,204.040133779264,-23.438127090301,343.929765886288,39.0434782608696,13.5752508361204,23.8428093645485,109.809364548495,61.2909698996656,86.3678929765886,79.9264214046823,4320,0,0,"BTLH",38.1882837,-109.4157869,0,15,0.472745432338144,0.148798711713508,2.22044604925031e-16,0.211470239349563,0.118212069937958,0.589664804469274,0.605913400650024
85319,91.3240740740741,1764.5,28.3194444444444,0.43800174,90.7718120805369,164.604026845638,41.1308724832215,8102.84899328859,306.959731543624,-88.8523489932886,395.812080536913,72.3489932885906,120.865771812081,198.073825503356,-9.8993288590604,341.506711409396,40.5771812080537,12.2315436241611,24.3221476510067,105.221476510067,61.4798657718121,79.8120805369127,87.1744966442953,4320,0.733333333333333,1,"BTLH",37.6616527,-113.5482669,11,4,0.525484551385935,0.17113598923344,1,0.676967066723884,0.253284760170006,0.771486928104575,0.643252789974213
85320,77.3564814814815,2090.05555555556,31.7222222222222,0.413006666666667,79.6224489795918,168.43537414966,42.6462585034014,7731.65646258503,291.62925170068,-98.843537414966,390.472789115646,75.1496598639456,111.068027210884,181.404761904762,-16.2142857142857,375.312925170068,45.9047619047619,13.8231292517007,26.891156462585,118.812925170068,59.3741496598639,94.1836734693878,105.979591836735,4320,0.666666666666667,1,"BTLH",37.3250947,-112.4560459,10,5,0.722197266697022,0.260313998332849,1,0.842664664699065,0.404288025889968,0.706044905008636,0.73859167098999
85321,70.1157407407407,2219.16666666667,25.9444444444444,0.37581396,69.4362416107383,156.684563758389,39.6073825503356,8036.62751677852,278.238255033557,-112.597315436242,390.835570469799,168.553691275168,103.93288590604,174.828859060403,-31.3355704697987,312.020134228188,44.3557046979866,13.6140939597315,29.8489932885906,108.553691275168,53.5302013422819,91.5973154362416,72.0167785234899,4320,0.0666666666666667,1,"BTLH",37.7695327,-111.6654509,1,14,0.473064683979548,0.144370913116297,0.999999999998935,0.175028677834103,0.321112865035517,0.707385229540918,0.655252635478973
85323,87.0043859649123,2037.26315789474,29.1535087719298,0.411401846666667,86.9050847457627,148.993220338983,36.4915254237288,8697.23728813559,303.210169491525,-98.9898305084746,402.2,161.142372881356,126.789830508475,200.752542372881,-23.8271186440678,350.515254237288,40.4610169491525,12.5898305084746,25.6135593220339,113.138983050847,56.8983050847458,88.2474576271186,85.928813559322,4320,0.866666666666667,1,"BTLH",37.9027647,-109.5097889,13,2,0.715665283401756,0.287113756717152,0.999999970679872,0.807007012625565,0.185618686868687,0.569214437367304,0.711732864379883
85368,95.2962962962963,1840.22222222222,27.1851851851852,0.35376312,93.506711409396,152.825503355705,36.4093959731544,8927.38255033557,314.238255033557,-99.7953020134228,414.03355704698,164.939597315436,99.0637583892617,209.731543624161,-20.9026845637584,333.359060402685,37.3825503355705,14.3859060402685,22.0570469798658,104.362416107383,63.7114093959732,83.0973154362416,74.7046979865772,4320,0.533333333333333,1,"BTLH",38.447119,-109.38558,8,7,0.355983819146947,0.107375503764395,0.759717031348307,0.147649551567021,0.106753022452504,0.459369369369369,0.570823967456818
92015,26.8015873015873,2124.38095238095,19.8134920634921,0.290139253333333,26.3067092651757,175.546325878594,37.7539936102236,9564.76357827476,271.063897763578,-187.05750798722,458.121405750799,95.6038338658147,-87.3354632587859,149.44089456869,-97.9680511182109,240.41214057508,31.6261980830671,12.5399361022364,30.776357827476,81.594249201278,40.2555910543131,71.8242811501597,40.8274760383387,4320,0,0,"BTLH",42.0737597,-110.1608579,0,15,0.0178801239846801,0.0107119924963734,1.23455629712153e-05,2.22044604925031e-16,0.0495675675675672,0.113102119460501,0.0478884987533092
92017,40.5708333333333,2174.75,21.1958333333333,0.22296228,41.25,155.129746835443,36.0348101265823,9260.62025316456,274.082278481013,-149.655063291139,423.737341772152,85.1139240506329,-64.0632911392405,162.5,-76.1867088607595,255.430379746835,37.8955696202532,13.9398734177215,30.8196202531646,92.376582278481,46.3227848101266,66.7879746835443,46.9746835443038,4320,0,0,"BTLH",42.1794577,-108.6225589,0,15,0.0161479690737589,0.00955747425360032,2.22044604925031e-16,2.50859152744367e-13,0.132359477124183,0.322192028985508,0.094658188521862
92018,58.4254385964912,1928.15789473684,21.6929824561403,0.296981886666667,58.1482649842271,143.697160883281,33.6719242902208,9397.44164037855,288.817034700315,-130.725552050473,419.542586750789,100.542586750789,-59.9337539432177,182.318611987382,-59.9337539432177,260.842271293375,45.5993690851735,10.0536277602524,47.2870662460568,112.690851735016,32.2334384858044,74.6845425867508,32.2334384858044,4320,0,0,"BTLH",42.8775297,-107.4436569,0,15,0.0233644317781292,0.0184267500214211,4.36576961711214e-08,1.20171667087364e-07,0.0249905838041427,0.0524179620034538,0.118233755230904
92024,49.287037037037,2091.72222222222,17.7546296296296,0.21092574,49.3653846153846,160.262820512821,37.2371794871795,9151.97115384615,284.746794871795,-140.060897435897,424.807692307692,121.432692307692,-67.2820512820513,169.060897435897,-67.2820512820513,213.173076923077,31.2083333333333,9.81089743589744,34.5160256410256,76.8589743589744,31.5897435897436,63.525641025641,31.5897435897436,4320,0,0,"BTLH",41.7025687,-108.4298239,0,15,0.0303902558042207,0.0142548915340893,2.22044604925031e-16,2.22044604925031e-16,-4.71844785465692e-16,-4.9960036108132e-16,0.045947540551424
92025,36.1375,2363.5,34.2166666666667,0.6669307,37.4166666666667,158.25641025641,38.2307692307692,8702.57692307692,262.63782051282,-145.75,408.38782051282,42.6730769230769,-62.3589743589744,150.612179487179,-72.7820512820513,403.227564102564,40.7435897435897,26.2948717948718,12.9070512820513,114.189102564103,86.7852564102564,102.016025641026,86.974358974359,4320,0.4,1,"BTLH",41.0037197,-107.3612059,6,9,0.933671093639094,0.551480805403664,1,0.221617893029341,0.374110535405872,0.816213768115941,0.729937314987183
92026,26.6375,2608.55,39.4333333333333,0.709820666666667,27.0833333333333,146.362179487179,38.9262820512821,7989.34294871795,236.705128205128,-134.253205128205,370.958333333333,45.8621794871795,-63.8846153846154,132.516025641026,-70.0769230769231,467.092948717949,48.4326923076923,29.4903846153846,15.3108974358974,137.294871794872,96.0833333333333,125.615384615385,96.2211538461538,4320,0.8,1,"BTLH",41.2001097,-106.6531979,12,3,0.956264860087521,0.620750566334729,1,0.592505690239925,0.337364066193853,0.85748106060606,0.826340973377228
92051,20.9208333333333,2199.6,41.625,0.81518164,21.6894409937888,154.083850931677,37.695652173913,8562.59316770186,246.88198757764,-156.739130434783,403.621118012422,-23.916149068323,121.996894409938,131.975155279503,-87.1614906832298,500.577639751553,54.6055900621118,30.9378881987578,16,147.596273291925,106.006211180124,112.307453416149,140.167701863354,4320,0.933333333333333,1,"BTLH",43.1751987,-111.0315169,14,1,0.821575687492402,0.429434337884017,0.999771043039271,0.899318623531206,0.345887445887446,0.640017361111111,0.675211787223816
92058,69.3293650793651,1516.2380952381,20.8214285714286,0.370180886666667,69.08,164.676923076923,35.6584615384615,9648.76923076923,307.446153846154,-148.467692307692,455.913846153846,118.043076923077,-56.0615384615385,194.424615384615,-56.0615384615385,251.864615384615,46.6676923076923,8.08923076923077,54.8338461538462,115.230769230769,26.7907692307692,76.8492307692308,26.7907692307692,4320,0,0,"BTLH",43.7997187,-108.2157059,0,15,0.0121366880874446,0.0140409976231706,2.22044604925031e-16,2.22044604925031e-16,0.109716049382716,0.248158914728682,0.0790790989995003
92080,58.4365079365079,1928.09523809524,21.3730158730159,0.295720886666667,58.1100628930818,144.430817610063,33.6666666666667,9444.49685534591,289.512578616352,-132.207547169811,421.720125786164,101.122641509434,-60.8584905660377,182.716981132075,-60.8584905660377,256.377358490566,44.9119496855346,9.92138364779874,47.6006289308176,111.062893081761,31.6761006289308,73.5220125786164,31.6761006289308,4320,0,0,"BTLH",42.8728707,-107.5244369,0,15,0.0239035233181081,0.0186900111479722,4.14765739941956e-12,9.45662891211755e-08,0.0147322970639029,0.0358433734939763,0.107531778514385
92081,53.0541666666667,2093.5,20.7333333333333,0.27519314,53.8580441640379,141.627760252366,34.4195583596214,9190.21135646688,282.205047318612,-123.186119873817,405.391167192429,95.3438485804416,-61.2018927444795,175.561514195584,-61.2018927444795,249.984227129338,39.6466876971609,11.2807570977918,37.4132492113565,96.2586750788644,36.4731861198738,68.0694006309148,36.4731861198738,4320,0,0,"BTLH",42.2318677,-107.6910709,0,15,0.0456875552246391,0.0240199655655131,2.22044604925031e-16,7.60624077442002e-06,0.0308196721311473,0.204280510018215,0.182579308748245
92082,55.640350877193,2086.47368421053,21.7412280701754,0.29061688,55.5379746835443,138.392405063291,34.2246835443038,9094.32594936709,281.768987341772,-116.930379746835,398.699367088608,95.8069620253165,-57.4367088607595,176.395569620253,-57.4367088607595,261.860759493671,40.7246835443038,12.0696202531646,35.753164556962,99.0696202531646,39.0537974683544,69.7594936708861,39.0537974683544,4320,0.0666666666666667,1,"BTLH",42.1622097,-107.4353169,1,14,0.0538898949734128,0.0270586654063526,0.984935906894882,0.000714400035653472,0.043043735224586,0.131965811965812,0.256839692592621
92085,54.4122807017544,2126.42105263158,27.0394736842105,0.349518986666667,54.4299363057325,141.21974522293,36.0382165605096,8571.5127388535,275.53821656051,-111.203821656051,386.742038216561,91.1528662420382,-50.7675159235669,168.898089171975,-50.7675159235669,326.235668789809,49.6656050955414,15.187898089172,36.9299363057325,127.063694267516,47.4203821656051,90.8917197452229,47.4203821656051,4320,0,0,"BTLH",42.2409977,-106.4130859,0,15,0.103545682665478,0.045146998391572,0.0133970691030226,0.0841767634998068,0.25112205801861,0.585271317829458,0.480591982603073
92086,49.8333333333333,2144.85,31.2708333333333,0.493707586666667,48.9150943396226,141.333333333333,36.9811320754717,8236.57232704402,264.578616352201,-112.534591194969,377.11320754717,83.7767295597484,-50.9308176100629,159.411949685535,-50.9308176100629,376.713836477987,60.7547169811321,15.9779874213836,43.2169811320755,155.141509433962,49.4591194968553,115.330188679245,49.4591194968553,4320,0.866666666666667,1,"BTLH",42.4363077,-105.8889389,13,2,0.264210072882873,0.124270450971423,0.999999997203347,0.62892213570064,0.38180690399137,0.521891891891892,0.595726668834686
92092,31.2833333333333,2153,22.4583333333333,0.343039813333333,32.3118971061093,167.929260450161,38,9184.08038585209,271.450160771704,-164.440514469453,435.890675241158,76.6816720257235,-78.7491961414791,151.408360128617,-85.2315112540193,263.585209003215,31.2990353697749,14.7749196141479,23.7845659163987,84.1672025723473,48.2829581993569,72.9774919614148,48.5209003215434,4320,0,0,"BTLH",41.7723627,-110.5391999,0,15,0.06671089231308,0.0254654871954678,2.22044604925031e-16,0.00084312928687729,0.0847765006385695,0.157741347905283,0.179480120539665
92095,47.025,1989.4,17.2125,0.202497773333333,47.6064516129032,168.116129032258,37,9488.87096774194,288.238709677419,-158.687096774194,446.925806451613,97.2774193548387,-75.5645161290323,169.958064516129,-75.5645161290323,206.745161290323,29.9387096774194,8.9,35.9612903225806,76.0290322580645,28.4612903225806,62.1870967741935,28.4612903225806,4320,0,0,"BTLH",41.6551307,-109.6586379,0,15,0.0126730318981277,0.00807118888331587,2.22044604925031e-16,2.22044604925031e-16,0.00699565487274947,0.0169204737732646,0.0156143316999078
92096,45.9212962962963,2084.33333333333,18.6296296296296,0.237994673333333,46.3322784810127,159.778481012658,36.629746835443,9300.55696202532,281.329113924051,-148.401898734177,429.731012658228,94.1107594936709,-72.6867088607595,167.196202531646,-72.6867088607595,222.411392405063,31.9493670886076,10.8006329113924,32.0284810126582,78.9810126582279,34.7120253164557,64.3481012658228,34.7120253164557,4320,0,0,"BTLH",41.6573027,-109.2247539,0,15,0.0246890679628041,0.0129330407783532,2.22044604925031e-16,2.22044604925031e-16,0.00244314489928485,0.0256140350877184,0.0534835681319237
92097,47.4875,2093.25,18.9916666666667,0.24792468,48.2076677316294,157.766773162939,36.7476038338658,9175.25239616613,281.150159744409,-142.20447284345,423.354632587859,96.6166134185303,-68.4856230031949,167.849840255591,-68.4856230031949,227.102236421725,32.111821086262,11.0990415335463,31.2683706070288,79.9169329073482,35.5846645367412,65.370607028754,35.5846645367412,4320,0,0,"BTLH",41.5697327,-109.1835779,0,15,0.0334993452793425,0.0157968467550216,2.22044604925031e-16,3.24148092360968e-12,0.00313725490196037,0.0265243902439026,0.0800431966781616
92098,44.9561403508772,2109.84210526316,18.6973684210526,0.223940006666667,43.8178913738019,158.431309904153,36.4281150159744,9301.08945686901,278.731629392971,-148.993610223642,427.725239616613,95.2428115015974,-73.7060702875399,165.095846645367,-74.8306709265176,227.722044728434,33.7220447284345,11.7635782747604,31.5303514376997,81.3833865814697,38.5431309904153,63.702875399361,38.5527156549521,4320,0,0,"BTLH",41.8899757,-108.8401949,0,15,0.0178389611904238,0.0101752406249485,2.22044604925031e-16,2.22044604925031e-16,0.00806903991369964,0.0287137681159413,0.0603262521326542
92101,50.3416666666667,2087.5,18.3958333333333,0.22899298,50.5527156549521,156.460063897764,36.4984025559105,9214.49840255591,285.594249201278,-136.990415335463,422.584664536741,114.817891373802,-67.0191693290735,171.108626198083,-67.0191693290735,221.316293929712,31.0543130990415,9.36421725239617,34.6996805111821,78.2364217252396,30.9936102236422,66.5431309904153,30.9936102236422,4320,0,0,"BTLH",41.6704617,-107.9708859,0,15,0.0397132054364993,0.0181675296805891,2.22044604925031e-16,2.22044604925031e-16,-4.44089209850063e-16,0.00543478260869473,0.0490633882582188
92104,45.5921052631579,2320.84210526316,29.0833333333333,0.556318606666667,46.4698412698413,145.67619047619,38.0888888888889,8187.74285714286,262.647619047619,-115.247619047619,377.895238095238,85.5587301587302,-53.0698412698413,155.533333333333,-53.3714285714286,344.047619047619,43.4571428571429,18.1206349206349,28.2507936507936,118.161904761905,57.0222222222222,98.8539682539682,57.0222222222222,4320,0.2,1,"BTLH",41.6851957,-106.3898999,3,12,0.818622717091279,0.37378729165132,1,0.373990425813026,0.562324879227053,0.91319845857418,0.727741241455078
92105,27.3625,2584.25,41.8916666666667,0.656375213333333,27.0285714285714,150.288888888889,39.8063492063492,7876.89523809524,236.536507936508,-136.219047619048,372.755555555556,84.5079365079365,-67.4253968253968,130.787301587302,-69.1936507936508,505.996825396825,53.6888888888889,30.0698412698413,19.3142857142857,155.171428571429,98.6444444444444,146.336507936508,98.6920634920635,4320,0.266666666666667,1,"BTLH",41.0612707,-106.1463019,4,11,0.885661198265801,0.438086113049442,1,0.133447699297587,0.475320599049412,0.668315018315018,0.790937781333923
92106,32.4375,2538.4,35.7333333333333,0.697517513333333,31.6915584415584,145.266233766234,38.8896103896104,7948.54220779221,241.035714285714,-127.753246753247,368.788961038961,66.1590909090909,-63.9707792207792,136.928571428571,-64.6038961038961,435.211038961039,47.1298701298701,25.9480519480519,18.7694805194805,133.064935064935,84.1396103896104,121.155844155844,84.1396103896104,4320,0.2,1,"BTLH",41.3238637,-106.5043939,3,12,0.951953726365724,0.618789155195419,1,0.278197072231445,0.403699268130406,0.737426900584796,0.811771929264069
92108,55.425,2026.35,29.6083333333333,0.427214046666667,53.5696202531646,149.313291139241,38.7373417721519,8127.57911392405,269.686708860759,-111.193037974684,380.879746835443,123.430379746835,-45.8101265822785,162.329113924051,-45.8101265822785,355.332278481013,58.2911392405063,12.873417721519,47.870253164557,150.455696202532,40.0886075949367,122.006329113924,40.0886075949367,4320,0,0,"BTLH",41.9956527,-105.5510869,0,15,0.105307411658987,0.0571800789275424,5.94552340482855e-09,0.00049924630566218,0.372487654320988,0.704991087344029,0.519198179244995
92109,32.1578947368421,2520.10526315789,37.5,0.61493422,31.8863636363636,148.571428571429,39.5064935064935,7876.08116883117,240.801948051948,-130.38961038961,371.191558441558,101.75,-63.0909090909091,136.152597402597,-63.7207792207792,449.074675324675,51.8733766233766,23.9642857142857,27.1363636363636,149.448051948052,77.6590909090909,140.084415584416,77.6655844155844,4320,0,0,"BTLH",41.1540867,-105.9513469,0,15,0.837273600081641,0.393405422928984,0.000123194561807863,0.087018859919205,0.409503033325023,0.87505376344086,0.744193017482758
92123,55.6805555555556,2016.16666666667,19.0509259259259,0.261386013333333,54.8116883116883,158.737012987013,37.0616883116883,9040.88636363636,286.081168831169,-136.340909090909,422.422077922078,97.4675324675325,-60.1850649350649,172.63961038961,-60.1850649350649,233.048701298701,31.5909090909091,10.3344155844156,32.461038961039,82.8344155844156,33.7662337662338,67.5584415584416,33.7662337662338,4320,0,0,"BTLH",41.3426037,-109.5838619,0,15,0.0421186807927665,0.0185535685963663,2.22044604925031e-16,8.01655646756345e-12,0.00812222222222175,0.0595238095238098,0.0857976749539375
92124,49.287037037037,2091.72222222222,17.7546296296296,0.21092574,49.3653846153846,160.262820512821,37.2371794871795,9151.97115384615,284.746794871795,-140.060897435897,424.807692307692,121.432692307692,-67.2820512820513,169.060897435897,-67.2820512820513,213.173076923077,31.2083333333333,9.81089743589744,34.5160256410256,76.8589743589744,31.5897435897436,63.525641025641,31.5897435897436,4320,0,0,"BTLH",41.7025687,-108.42982,0,15,0.0303902558042207,0.0142548915340893,2.22044604925031e-16,2.22044604925031e-16,-4.44089209850063e-16,-1.55431223447522e-15,0.045947540551424
92180,58.1150793650794,1930.19047619048,21,0.301541353333333,57.746875,144.009375,33.640625,9456.028125,289.065625,-131.71875,420.784375,101.009375,-61.425,182.45625,-61.425,252.625,44.16875,9.959375,47.034375,108.871875,31.825,71.8625,31.825,4320,0,0,"BTLH",42.808569,-107.62286,0,15,0.0255186395981132,0.0194971158092329,2.07292650537754e-12,1.49407318107429e-07,0.0103206191265889,0.0254850088183414,0.112487770617008
92195,41.2361111111111,1995.55555555556,16.8657407407407,0.19653334,42.258785942492,172.380191693291,37.0255591054313,9655.38019169329,286.597444089457,-170.811501597444,457.408945686901,100.712460063898,-83.926517571885,166.345047923323,-83.926517571885,202.773162939297,29.5399361022364,8.59424920127796,36.9009584664537,74.849840255591,27.5527156549521,62.2523961661342,27.5527156549521,4320,0,0,"BTLH",41.7809847,-109.7624669,0,15,0.00886248188981385,0.00642566946074995,2.22044604925031e-16,2.22044604925031e-16,0.00666108319374606,0.0215447154471531,0.00917744729667902
92198,44.9561403508772,2109.84210526316,18.6973684210526,0.223940006666667,43.8178913738019,158.431309904153,36.4281150159744,9301.08945686901,278.731629392971,-148.993610223642,427.725239616613,95.2428115015974,-73.7060702875399,165.095846645367,-74.8306709265176,227.722044728434,33.7220447284345,11.7635782747604,31.5303514376997,81.3833865814697,38.5431309904153,63.702875399361,38.5527156549521,4320,0,0,"BTLH",41.8899757,-108.84019,0,15,0.0178389611904238,0.0101752406249485,2.22044604925031e-16,2.22044604925031e-16,0.00828124999999963,0.0319288389513104,0.0603262521326542
92324,49.287037037037,2091.72222222222,17.7546296296296,0.21092574,49.3653846153846,160.262820512821,37.2371794871795,9151.97115384615,284.746794871795,-140.060897435897,424.807692307692,121.432692307692,-67.2820512820513,169.060897435897,-67.2820512820513,213.173076923077,31.2083333333333,9.81089743589744,34.5160256410256,76.8589743589744,31.5897435897436,63.525641025641,31.5897435897436,4320,0,0,"BTLH",41.7025687,-108.42982,0,15,0.0303902558042207,0.0142548915340893,2.22044604925031e-16,2.22044604925031e-16,-4.71844785465692e-16,0.00106382978723291,0.045947540551424
92424,49.287037037037,2091.72222222222,17.7546296296296,0.21092574,49.3653846153846,160.262820512821,37.2371794871795,9151.97115384615,284.746794871795,-140.060897435897,424.807692307692,121.432692307692,-67.2820512820513,169.060897435897,-67.2820512820513,213.173076923077,31.2083333333333,9.81089743589744,34.5160256410256,76.8589743589744,31.5897435897436,63.525641025641,31.5897435897436,4320,0,0,"BTLH",41.7025687,-108.42982,0,15,0.0303902558042207,0.0142548915340893,2.22044604925031e-16,2.22044604925031e-16,-4.44089209850063e-16,-1.4432899320127e-15,0.045947540551424
92524,49.287037037037,2091.72222222222,17.7546296296296,0.21092574,49.3653846153846,160.262820512821,37.2371794871795,9151.97115384615,284.746794871795,-140.060897435897,424.807692307692,121.432692307692,-67.2820512820513,169.060897435897,-67.2820512820513,213.173076923077,31.2083333333333,9.81089743589744,34.5160256410256,76.8589743589744,31.5897435897436,63.525641025641,31.5897435897436,4320,0,0,"BTLH",41.7025687,-108.42982,0,15,0.0303902558042207,0.0142548915340893,2.22044604925031e-16,2.22044604925031e-16,-4.44089209850063e-16,-1.27675647831893e-15,0.045947540551424
