"Aou","stateroute","occ","presence","ALPHA.CODE","latitude","longitude","sp_success","sp_fail","mat.mean","elev.mean","map.mean","ndvi.mean","bio.mean.bio1","bio.mean.bio2","bio.mean.bio3","bio.mean.bio4","bio.mean.bio5","bio.mean.bio6","bio.mean.bio7","bio.mean.bio8","bio.mean.bio9","bio.mean.bio10","bio.mean.bio11","bio.mean.bio12","bio.mean.bio13","bio.mean.bio14","bio.mean.bio15","bio.mean.bio16","bio.mean.bio17","bio.mean.bio18","bio.mean.bio19","pred_glm_pr","pred_glm_occ","pred_rf_occ","pred_rf_pr","max_pred_pres"
6880,6014,1,1,"PARE",34.6437087,-112.4327389,15,0,129.205882352941,1525.29411764706,37.0833333333333,0.411158215962441,129.505226480836,172.961672473868,46.6585365853659,7162.72822299652,326.087108013937,-40.5644599303136,366.651567944251,219.790940766551,157.578397212544,224.508710801394,42.3693379790941,445.655052264808,74.0696864111498,10.0243902439024,48.3205574912892,177.473867595819,43.5261324041812,147.456445993031,118.912891986063,0.0796026604911089,0.23920974621333,2.77555756156289e-16,-2.77555756156289e-17,0.700201451778412
6880,6233,0.0666666666666667,1,"PARE",31.75871,-109.73797,1,14,157.083333333333,1427.36842105263,31.0087719298246,0.303363725490196,156.916058394161,171.832116788321,49.036496350365,6574.76642335766,336.124087591241,-11.0802919708029,347.204379562044,234.164233576642,190.766423357664,241.733576642336,74.3832116788321,373.660583941606,91.3503649635037,5.31021897810219,84.5547445255474,212.452554744526,27.6021897810219,188.328467153285,71.2116788321168,0.0266888663794775,1.02127639539195e-05,2.77555756156289e-16,-3.46944695195361e-17,0.584133982658386
6880,60069,0.133333333333333,1,"PARE",33.644134,-108.7910908,1.99999999999999,13,79.6323529411765,2212.41176470588,39.2745098039216,0.493364351851852,79.2173913043478,199.336956521739,52.1702898550725,6682.35869565217,274.710144927536,-103.717391304348,378.427536231884,162.057971014493,107.731884057971,167.31884057971,-3.72826086956522,477.423913043478,90.8949275362319,13.3007246376812,62.4094202898551,235.394927536232,46.8586956521739,197.228260869565,95.5471014492754,0.112437941827844,0.00614564096982153,0.392857142857143,0.0155440414507772,0.784343719482422
6880,6003,0,0,"PARE",36.1623537,-111.3865819,0,15,119.185185185185,1646.55555555556,16.5277777777778,0.1736899543379,119.989619377163,157.733564013841,39.2560553633218,8500.0830449827,332.065743944637,-64.6470588235294,396.712802768166,223.159169550173,160.283737024221,230.709342560554,11.9965397923875,196.16955017301,30.0726643598616,6.72664359861592,35.7612456747405,72.1764705882353,28.7785467128028,60.0034602076125,45.5847750865052,0.00699626189504655,0.000444333813747941,2.77555756156289e-16,-3.46944695195361e-17,0.450760185718536
6880,6007,0,0,"PARE",35.5156177,-113.2016679,0,15,118.916666666667,1629.27777777778,27.6203703703704,0.311586854460094,117.909407665505,171.236933797909,45.993031358885,7263.66898954704,321.379790940767,-46.7909407665505,368.170731707317,209.885017421603,145.717770034843,214.857142857143,30.2787456445993,335.620209059233,54.4564459930314,9.77700348432056,43.2020905923345,128.04181184669,39.9825783972125,109.365853658537,86.6759581881533,0.0273934544849274,0.0494374733980188,2.77555756156289e-16,-3.46944695195361e-17,0.592969536781311
6880,6008,0,0,"PARE",35.7549067,-112.8721919,0,15,109.149122807018,1772.73684210526,30.0438596491228,0.326374885844749,107.166089965398,168.747404844291,45.4048442906574,7281.49134948097,310.678200692042,-56.8512110726644,367.529411764706,199.076124567474,135.536332179931,204.214532871972,19.3321799307958,365.761245674741,56.3875432525952,11.7474048442907,39.5155709342561,134.155709342561,46.916955017301,115.730103806228,94.6782006920415,0.0201931268770216,0.00818017089272627,2.77555756156289e-16,-3.46944695195361e-17,0.608910202980042
6880,6009,0,0,"PARE",35.3950617,-111.5777809,0,15,94.530701754386,1967.42105263158,35.7850877192982,0.409044848721961,95.2832167832168,161.685314685315,43.0909090909091,7543.53146853147,295.472027972028,-76.2342657342657,371.706293706294,188.762237762238,127.954545454545,194.314685314685,1.31118881118881,422.20979020979,60.5559440559441,10.8146853146853,39.2412587412587,153.258741258741,50.9335664335664,125.699300699301,111.723776223776,0.0494552850357702,0.0080126705434729,2.17969858156028,0.139238095238095,0.69795560836792
6880,6010,0,0,"PARE",35.8687197,-110.6230399,0,15,114.029411764706,1756.64705882353,18.7745098039216,0.17315296803653,114.07560137457,162.79381443299,40.1305841924399,8456.51890034364,326.360824742268,-74.4570446735395,400.817869415808,217.247422680412,153.240549828179,224.037800687285,6.47766323024055,224.525773195876,34.8178694158076,6.4639175257732,40.0756013745704,87.2852233676976,28.9553264604811,70.4089347079038,49.4914089347079,0.00397493535233991,1.72546846352092e-05,2.77555756156289e-16,-3.46944695195361e-17,0.450240641832352
6880,6015,0,0,"PARE",34.8492047,-111.4342499,0,15,97.6372549019608,1972.11764705882,46.0343137254902,0.502104285714286,100.402097902098,162.230769230769,44.3111888111888,7249.47552447552,295.482517482517,-66.6713286713287,362.153846153846,190.013986013986,130.062937062937,196.468531468531,11.3076923076923,542.769230769231,74.6713286713287,11.0559440559441,39.9475524475524,191.776223776224,57.6818181818182,154.548951048951,151.548951048951,0.0906912141460156,0.00341615045574214,0.0791891891891893,0.01,0.79278689622879
6880,6016,0,0,"PARE",34.6673667,-110.3230139,0,15,114.055555555556,1740.94444444444,26.9953703703704,0.275355882352941,113.381944444444,180.538194444444,45.0763888888889,7782.76736111111,320.076388888889,-76.0347222222222,396.111111111111,209.920138888889,147.368055555556,215.260416666667,15.625,329.163194444444,58.6180555555556,8.78472222222222,52.7951388888889,147.246527777778,34.3229166666667,118.857638888889,68.6388888888889,0.0109835734422495,0.000458333558547516,2.4980018054066e-16,-3.46944695195361e-17,0.554262399673462
6880,6017,0,0,"PARE",34.4781336,-109.6046705,0,15,105.78431372549,1876.94117647059,28.7450980392157,0.296875117370892,105.145833333333,181.996527777778,46.5520833333333,7524.79861111111,306.454861111111,-80.4131944444444,386.868055555556,197.458333333333,139.263888888889,203.177083333333,10.4131944444444,347.670138888889,64.7708333333333,11.1631944444444,57.3541666666667,162.461805555556,37.6111111111111,134.149305555556,66.6145833333333,0.0116272448598098,9.68233276972011e-05,2.4980018054066e-16,-3.46944695195361e-17,0.5771803855896
6880,6021,0,0,"PARE",33.0219797,-111.2169189,0,15,199.686274509804,723.588235294118,34.4558823529412,0.279878873239436,199.697841726619,162.892086330935,44.726618705036,7427.5035971223,385.798561151079,26.1438848920863,359.654676258993,282.557553956835,232.395683453237,296.007194244604,107.870503597122,416.676258992806,61.0323741007194,9.03956834532374,44.2769784172662,146.071942446043,35.8345323741007,119.467625899281,127.140287769784,0.0241801589804227,0.0323461479388198,0.0556131260794476,0.0445970695970697,0.559058845043182
6880,6022,0,0,"PARE",33.8114477,-110.9051519,0,15,145.294117647059,1345.52941176471,42.9509803921569,0.425144600938967,146.02846975089,163.014234875445,44.797153024911,7224.00711743772,336.402135231317,-23.2348754448399,359.637010676157,208.476868327402,175.839857651246,240.818505338078,57.2064056939502,515.889679715302,78.7259786476868,9.06405693950178,46.4021352313167,185.729537366548,41.2989323843416,149.839857651246,154.021352313167,0.0609490741426887,0.0975991758037437,3.61657848324515,0.224365942028985,0.714987874031067
6880,6023,0,0,"PARE",33.6100527,-109.1067429,0,15,84.7061403508772,2168.05263157895,42.4122807017544,0.499259624413146,85.9151943462898,192.844522968198,51.3427561837456,6649.31802120141,278.826855123675,-92.9187279151944,371.745583038869,168.289752650177,114.427561837456,173.600706713781,3.68197879858657,510.378091872792,92.5901060070671,13.5971731448763,58.7985865724382,241.187279151943,48.9293286219081,201.83038869258,109.34628975265,0.0946916284777117,0.00113896304118354,0.172882882882883,0.0680555555555556,0.790052056312561
6880,6028,0,0,"PARE",32.0343407,-110.3031159,0,15,161.872549019608,1351.47058823529,32.2450980392157,0.299018357487923,162.300724637681,166.623188405797,47.9094202898551,6715.53260869565,338.942028985507,-4.97463768115942,343.916666666667,242.199275362319,195.619565217391,249.297101449275,78.445652173913,388.688405797101,89.2826086956522,4.95289855072464,78.8695652173913,211.978260869565,25.7789855072464,182.192028985507,81.6811594202899,0.0221805163705404,1.0760745211129e-05,0.105428571428572,0.0773869346733667,0.579475283622742
6880,6029,0,0,"PARE",32.4996877,-109.3368449,0,15,159.34375,1213.5625,26.53125,0.226276960784314,158.585714285714,190.521428571429,49.575,7314.51428571429,353.121428571429,-27.6285714285714,380.75,246.678571428571,194.942857142857,253.875,66.725,319.889285714286,63.0535714285714,6.2,65.775,159.575,24.15,133,72.2607142857143,0.0103057146337094,0.00114499348701759,0.0214548802946596,0.0217687074829932,0.50313264131546
6880,6031,0,0,"PARE",31.387449,-111.064564,0,15,165.268518518519,1233.38888888889,39.75,0.398599530516432,164.229927007299,168.551094890511,49.6569343065693,6345.38321167883,336.470802919708,0.368613138686131,336.102189781022,241,192.390510948905,246.57299270073,85.8138686131387,479.919708029197,115.051094890511,5.71167883211679,80.8430656934307,264,27.6861313868613,224.302919708029,106.412408759124,0.0734086415521137,0.00797810438182553,0.829471544715445,0.0785204991087344,0.686817049980164
6880,6032,0,0,"PARE",31.5175977,-110.7949529,0,15,157.029411764706,1401.17647058824,41.1029411764706,0.394440579710145,157.355311355311,163.069597069597,48.5091575091575,6348.23076923077,328.67032967033,-3.94505494505495,332.615384615385,232.860805860806,187.6336996337,239.604395604396,78.3150183150183,492.747252747253,116.571428571429,5.7032967032967,78.6300366300366,266.362637362637,29.3809523809524,226.673992673993,107.197802197802,0.0463439722371784,7.21953573773744e-05,0.948951781970648,0.20906432748538,0.682366013526917
6880,6033,0,0,"PARE",31.8181957,-109.6948089,0,15,155.037037037037,1449.55555555556,31.6342592592593,0.317462254901961,154.530909090909,172.258181818182,49.1418181818182,6579.41818181818,334.156363636364,-13.2327272727273,347.389090909091,232.047272727273,188.305454545455,239.607272727273,72.0290909090909,381.690909090909,91.2145454545455,5.6,82.3490909090909,213.385454545455,28.3781818181818,188.16,74.7672727272727,0.0318416970988095,1.88524477174906e-05,0.0977836879432627,0.094122807017544,0.599296033382416
6880,6051,0,0,"PARE",36.2863797,-113.0649869,0,15,124.189814814815,1614.27777777778,27.787037037037,0.323701801801802,123.557823129252,160.37074829932,42.5204081632653,7675.5612244898,329.139455782313,-43.8707482993197,373.010204081633,190.363945578231,154.425170068027,225.517006802721,30.4625850340136,334.676870748299,45.2993197278912,10.3333333333333,33.5646258503401,109.319727891156,45.656462585034,92.9523809523809,92.1700680272109,0.0404294220256325,0.0264477065488401,2.77555756156289e-16,-3.46944695195361e-17,0.60602480173111
6880,6058,0,0,"PARE",35.0556327,-112.2188339,0,15,116.143518518519,1698.44444444444,37.1574074074074,0.414844748858448,113.895104895105,169.405594405594,45.9755244755245,7162.21328671329,311.269230769231,-52.965034965035,364.234265734266,203.377622377622,142.622377622378,208.762237762238,26.7237762237762,453.248251748252,69.9055944055944,11.5839160839161,43.1188811188811,171.335664335664,51.8216783216783,142.979020979021,118.206293706294,0.0570342627049077,0.102021782359277,3.68560606060606,0.263039723661485,0.70411217212677
6880,6059,0,0,"PARE",35.1634107,-111.9475859,0,15,93.787037037037,1997.88888888889,43.75,0.516358447488584,93.4216027874565,161.432055749129,45.0418118466899,7034.06271777003,286.414634146341,-67.9721254355401,354.386759581882,181.477351916376,121.414634146341,186.696864111498,8.03484320557491,528.466898954704,74.2717770034843,12.7700348432056,39.0522648083624,186.710801393728,61.5400696864112,154.418118466899,146.337979094077,0.132774266873285,0.0683397032805024,0.0765957446808512,0.00348837209302323,0.806288778781891
6880,6060,0,0,"PARE",35.2779817,-110.3798989,0,15,120.093137254902,1670.41176470588,19.2647058823529,0.162206232259657,120.770034843206,173.355400696864,42.2369337979094,8353.23693379791,333.219512195122,-72.6864111498258,405.905923344948,223.06968641115,159.048780487805,229.571428571429,14.8257839721254,231.881533101045,40.0766550522648,6.49128919860627,48.7177700348432,100.365853658537,27.0313588850174,80.1881533101045,46.8606271777004,0.00320215352150208,1.48812261489178e-05,2.77555756156289e-16,-3.46944695195361e-17,0.439722180366516
6880,6065,0,0,"PARE",34.3566847,-111.1008299,0,15,104.470588235294,1887.11764705882,48.6960784313725,0.570631455399061,105.146341463415,164.351916376307,45.0766550522648,7109.10801393728,297.801393728223,-62.4285714285714,360.229965156794,194.616724738676,133.480836236934,199.526132404181,18.219512195122,579.895470383275,85.5052264808362,10.9372822299652,44.1080139372822,214.010452961672,53.9059233449477,173.644599303136,161.759581881533,0.262965677976623,0.235156917594515,0.0728323699421968,0.00497512437810942,0.854184150695801
6880,6066,0,0,"PARE",34.7,-110.7666667,0,15,103.602941176471,1882.58823529412,34.8382352941176,0.373231428571429,104.564912280702,168.912280701754,43.8140350877193,7638.11228070175,305.259649122807,-75.5017543859649,380.761403508772,199.484210526316,137.287719298246,205.00350877193,9.25964912280702,411.712280701754,66.6070175438597,9.23859649122807,48.0491228070175,170.077192982456,41.6105263157895,137.6,98.3438596491228,0.029564469540483,0.00104766053536584,0.00523255813953513,0.0172413793103449,0.659558713436127
6880,6067,0,0,"PARE",34.1153987,-109.9154509,0,15,92.2222222222222,2102.05555555556,43.8425925925926,0.539792792792793,92.6737588652482,174.613475177305,47.2340425531915,6949.59574468085,284.843971631206,-81.0602836879433,365.904255319149,178.666666666667,122.31914893617,183.528368794326,6.13829787234043,530.875886524823,87.4609929078014,14.4468085106383,48.8439716312057,221.723404255319,52.6418439716312,183.780141843972,126.971631205674,0.195553035705573,0.00744519601487045,0.0598039215686277,0.0120218579234973,0.827694594860077
6880,6072,0,0,"PARE",33.1754789,-110.5290913,0,15,170.87962962963,1111.66666666667,36.2453703703704,0.309746883230904,170.924460431655,156.924460431655,43.4712230215827,7448.78057553957,356.474820143885,-0.280575539568345,356.755395683453,261.248201438849,205.420863309353,267.5,77.9964028776978,431.158273381295,71.1870503597122,8.03237410071942,50.5647482014388,167.928057553957,31.5503597122302,138.39928057554,125.935251798561,0.0209726702601946,0.00161987166566754,0.0181117533718692,0.0152439024390244,0.590990483760834
6880,6073,0,0,"PARE",33.8668667,-109.1657669,0,15,70.0462962962963,2415.44444444444,44.1527777777778,0.530213063063063,70.0141843971631,185.535460992908,50.4574468085106,6543.75886524823,259.099290780142,-104.535460992908,363.63475177305,151.028368794326,97.7269503546099,156.36170212766,-10.8333333333333,523.719858156028,97.5035460992908,14.6241134751773,60.4290780141844,250.265957446808,52.822695035461,210.957446808511,107.085106382979,0.110964833212104,0.000125740301989507,0.689804964539005,0.369962335216572,0.819069147109985
6880,6078,0,0,"PARE",32.5434377,-110.5053099,0,15,167.96875,1272.625,36.1302083333333,0.355121917808219,166.403571428571,157.285714285714,45.5928571428571,6972.25,343.492857142857,2.07857142857143,341.414285714286,249.742857142857,200.085714285714,257.028571428571,79.7535714285714,430.785714285714,78.4464285714286,7.09642857142857,59.9857142857143,195.432142857143,30.3107142857143,163.410714285714,111.3,0.0522511436588027,0.000349376441679811,0.0197969543147211,0.00364583333333326,0.639993071556091
6880,6079,0,0,"PARE",32.6498267,-109.8181145,0,15,156.300925925926,1287.72222222222,29.0694444444444,0.327526470588235,156.028571428571,179.171428571429,48.325,7189.70357142857,345.285714285714,-21.8142857142857,367.1,242.667857142857,190.985714285714,249.628571428571,66.0321428571429,350.425,67.7535714285714,6.62142857142857,64.3178571428571,171.092857142857,26.8571428571429,144.082142857143,82.0321428571429,0.0687093042892688,0.0354126982689986,0.0704710144927539,0.115755919854281,0.61015373468399
6880,6081,0,0,"PARE",31.7120327,-111.0671459,0,15,168.838235294118,1200,37.406862745098,0.362354285714286,170.301818181818,165.2,48.36,6533.98909090909,343.261818181818,5.46909090909091,337.792727272727,248.923636363636,200.454545454545,255.083636363636,89.5309090909091,442.174545454545,101.992727272727,4.94909090909091,76.9127272727273,237.24,25.3563636363636,199.214545454545,98.6690909090909,0.0585142802188011,0.00137552909820968,1.52316384180791,0.0790419161676646,0.647812902927399
6880,6082,0,0,"PARE",31.9576267,-110.9446259,0,15,181.941176470588,1055.94117647059,32.6666666666667,0.303249047619048,181.014440433213,162.476534296029,47.2888086642599,6741.37184115523,354.12274368231,14.4801444043321,339.642599277978,262.093862815884,212.689530685921,268.252707581227,97.5198555956679,396.021660649819,86.115523465704,4.69675090252708,71.8736462093863,205.317689530686,23.7292418772563,170.974729241877,90.2274368231047,0.034802096063413,0.000951213876544694,0.115251572327044,0.119010416666667,0.58401095867157
6880,6083,0,0,"PARE",31.6464055,-109.4732045,0,15,150.949074074074,1480.11111111111,32.3425925925926,0.308317142857143,151.449275362319,176.869565217391,49.5398550724638,6580.82971014493,332.894927536232,-20.9202898550725,353.815217391304,228.20652173913,185.923913043478,235.949275362319,68.4420289855072,387.677536231884,93.8405797101449,5.67028985507246,82.2173913043478,216.221014492754,29.0760869565217,190.239130434783,75.8876811594203,0.0221605894807905,7.74625365637873e-06,0.0415525114155254,0.0873299319727892,0.589453458786011
6880,6107,0,0,"PARE",35.5541565,-113.3760172,0,15,127.627450980392,1519.11764705882,25.3137254901961,0.300243693693694,127.20350877193,167.164912280702,44.9859649122807,7368.03157894737,329.771929824561,-37.6385964912281,367.410526315789,220.4,155.438596491228,225.368421052632,38.2210526315789,306.231578947368,48.9824561403509,8.36491228070175,42.4736842105263,114.764912280702,36.1087719298246,97.0421052631579,80.3543859649123,0.038192941419558,0.158751248561476,0.970588235294114,0.0690607734806629,0.580788195133209
6880,6108,0,0,"PARE",35.2307957,-112.5859679,0,15,112.605263157895,1691.15789473684,32.0087719298246,0.338981944444444,111.859649122807,177.778947368421,47.2280701754386,7186.62807017544,315.021052631579,-57.4245614035088,372.445614035088,202.428070175439,140.466666666667,207.266666666667,24.2666666666667,384.305263157895,64.4140350877193,11.5087719298246,45.3894736842105,153.378947368421,45.0421052631579,130.919298245614,94.9894736842105,0.0237973939693067,0.0351498157597052,0.00328282828282855,0.0242857142857144,0.622534513473511
6880,6115,0,0,"PARE",34.8379964,-111.4382855,0,15,97.6372549019608,1972.11764705882,46.0343137254902,0.50155619047619,100.809688581315,162.287197231834,44.3425605536332,7243.28027681661,295.813148788927,-66.1764705882353,361.989619377163,190.36678200692,130.415224913495,196.806228373702,11.8304498269896,544.792387543253,74.9238754325259,11.0622837370242,39.9723183391003,192.363321799308,57.757785467128,154.996539792388,152.328719723183,0.0877883739454627,0.00262004713053558,0.0852631578947369,0.0124293785310735,0.792261004447937
6880,6116,0,0,"PARE",34.6116178,-110.3781682,0,15,111.352941176471,1772.17647058824,28.7058823529412,0.323995045045045,109.367491166078,179.197879858657,45.2544169611307,7666.56890459364,314.067137809187,-77.6289752650177,391.696113074205,204.625441696113,142.494699646643,209.83038869258,13.2650176678445,360.427561837456,62.9116607773852,9.24734982332155,52.0565371024735,158.798586572438,36.8409893992933,128.441696113074,78,0.0212093435542206,0.00400819996690886,2.77555756156289e-16,-3.46944695195361e-17,0.606341302394867
6880,6122,0,0,"PARE",33.5656117,-110.9464649,0,15,163.960526315789,1188.73684210526,41.6447368421053,0.365163809523809,164.113475177305,154.308510638298,43.4787234042553,7283.77304964539,349.457446808511,-1.33333333333333,350.790780141844,214.829787234043,195.198581560284,259.375886524823,74.6914893617021,502.971631205674,77.1418439716312,8.30141843971631,47.968085106383,177.836879432624,37.2943262411348,143.475177304965,157.872340425532,0.0253418372682134,0.00203964733709706,0.723901098901096,0.0385416666666667,0.650848865509033
6880,6123,0,0,"PARE",33.6103817,-109.1063079,0,15,84.7061403508772,2168.05263157895,42.4122807017544,0.499259624413146,85.9151943462898,192.844522968198,51.3427561837456,6649.31802120141,278.826855123675,-92.9187279151944,371.745583038869,168.289752650177,114.427561837456,173.600706713781,3.68197879858657,510.378091872792,92.5901060070671,13.5971731448763,58.7985865724382,241.187279151943,48.9293286219081,201.83038869258,109.34628975265,0.0946916284777117,0.00113896304118354,0.189171374764595,0.0640132669983416,0.790052056312561
6880,6133,0,0,"PARE",31.9825267,-109.2013399,0,15,147.180555555556,1476,32.0648148148148,0.313652450980392,146.586956521739,180.289855072464,49.3695652173913,6827.71376811594,332.851449275362,-28.9311594202899,361.782608695652,226.851449275362,182.677536231884,235.050724637681,60.4782608695652,387.909420289855,83.8369565217391,6.26086956521739,71.6159420289855,202.532608695652,29.4601449275362,172.771739130435,82.268115942029,0.0234258382163368,7.45057695045257e-05,0.0335238095238098,0.0647403685092128,0.595192551612854
6880,6172,0,0,"PARE",33.178809,-110.215069,0,15,157.823529411765,1246,35.0980392156863,0.308622286160841,158.08273381295,165.63309352518,44.9928057553957,7397.08273381295,347.291366906475,-16.6762589928058,363.967625899281,247.773381294964,192.525179856115,254.014388489209,65.5071942446043,417.187050359712,71.2230215827338,8.5,52.4784172661871,173.528776978417,32.2985611510791,143.942446043165,113.046762589928,0.0188941355797253,0.00165640935185303,0.0434046345811054,0.0370673952641166,0.58978146314621
6880,60013,0,0,"PARE",34.6383511,-108.4498979,0,15,84.6176470588235,2192.70588235294,27.9019607843137,0.289467579908676,84.7517482517483,192.730769230769,47.951048951049,7446.51048951049,291.199300699301,-106.433566433566,397.632867132867,176.22027972028,118.06993006993,182.143356643357,-9.13986013986014,334.77972027972,67.0979020979021,12.013986013986,61.520979020979,165.583916083916,38.9475524475524,138.486013986014,59.5979020979021,0.00708059545692872,9.46471935093534e-07,0.071794871794872,0.0464859437751004,0.569264590740204
6880,60014,0,0,"PARE",34.8555917,-107.3866879,0,15,106.833333333333,1938.64705882353,22.8921568627451,0.234665277777778,107.192307692308,180.524475524476,45.1748251748252,7783.27272727273,312.160839160839,-83.5664335664336,395.727272727273,199.909090909091,74.5314685314685,209,8.47902097902098,273.311188811189,55.9440559440559,11.2097902097902,64.2377622377622,140.374125874126,36.4405594405594,117.370629370629,41.3461538461538,0.00721873634786306,1.52855645839715e-06,2.77555756156289e-16,-3.46944695195361e-17,0.511736333370209
6880,60015,0,0,"PARE",34.7961467,-106.6750109,0,15,118.666666666667,1743.94736842105,23.3114035087719,0.316434234234234,119.384615384615,177.104895104895,44.1958041958042,7979.22377622378,324.129370629371,-71.7832167832168,395.912587412587,213.632867132867,54.6958041958042,223.167832167832,17.8391608391608,277.286713286713,51.5909090909091,12.7202797202797,55.0804195804196,129.968531468531,40.8636363636364,113.611888111888,43.5699300699301,0.0641269695715979,0.00552053597684509,2.77555756156289e-16,-3.46944695195361e-17,0.59818834066391
6880,60019,0,0,"PARE",33.9262784,-108.1876061,0,15,75.5294117647059,2304.94117647059,33.1862745098039,0.361329951690821,75.2296819787986,199.356890459364,51.0282685512367,6970.06360424028,274.282685512367,-112.86925795053,387.151943462898,160.526501766784,93.5512367491166,166.717314487633,-12.4876325088339,397.551236749117,83.0494699646643,11.3816254416961,70.339222614841,213.060070671378,41.3639575971731,176.604240282686,66.8233215547703,0.0136073626494042,3.51654367999349e-06,0.208035714285714,0.198443223443223,0.646705687046051
6880,60020,0,0,"PARE",33.749487,-107.3217132,0,15,108.712962962963,1978.05555555556,27.337962962963,0.313941176470588,108.716783216783,184.101398601399,48.0454545454545,7222.56993006993,301.251748251748,-77.9895104895105,379.241258741259,193.657342657343,75.7937062937063,202.832167832168,17.1538461538462,327.888111888112,71.8881118881119,8.28671328671329,77.5804195804196,187.402097902098,31.2167832167832,155.496503496503,44.0244755244755,0.0228102400572751,3.7620326893041e-06,2.77555756156289e-16,-3.46944695195361e-17,0.595503389835358
6880,60021,0,0,"PARE",33.8231137,-106.6542819,0,15,131.74537037037,1603.88888888889,23.3842592592593,0.263425980392157,132.485815602837,182.372340425532,46.2163120567376,7683.54964539007,330.304964539007,-59.6914893617021,389.996453900709,222,86.9326241134752,231.804964539007,34.1631205673759,277.13829787234,57.0354609929078,8.86170212765957,67.854609929078,146.08865248227,30.3191489361702,124.666666666667,38.258865248227,0.0243731336261805,0.000317626157564751,0.189024390243903,0.0073891625615763,0.541671633720398
6880,60025,0,0,"PARE",32.3245289,-108.1067589,0,15,146.156862745098,1465.58823529412,24.6813725490196,0.208708823529412,145.670289855072,185.503623188406,48.4275362318841,7402.88405797101,338.152173913043,-41.1050724637681,379.257246376812,233.014492753623,151.942028985507,242.199275362319,52.3731884057971,298.916666666667,61.304347826087,5.02898550724638,73.0652173913043,161.166666666667,21.945652173913,134.079710144928,58.3913043478261,0.00637919418387378,6.05539463368219e-06,0.00244565217391329,-2.77555756156289e-17,0.485323041677475
6880,60026,0,0,"PARE",32.3333333,-107.8333333,0,15,147.947916666667,1437.4375,23.28125,0.207920588235294,148.067857142857,185.514285714286,48.1357142857143,7467.17142857143,340.842857142857,-40.5607142857143,381.403571428571,235.8,141.635714285714,245.232142857143,53.6464285714286,278.760714285714,58.625,4.33214285714286,76.3428571428571,155.221428571429,18.9571428571429,128.364285714286,51.0821428571429,0.00874103183259098,1.60154374689621e-05,0.0383928571428575,0.0322033898305085,0.484530955553055
6880,60027,0,0,"PARE",32.3802337,-106.7294539,0,15,153.166666666667,1349.52941176471,21.4901960784314,0.264025714285714,152.115942028986,180.094202898551,47.0760869565217,7521.53260869565,341.065217391304,-37.7934782608696,378.858695652174,239.597826086957,143.365942028986,249.38768115942,56.5326086956522,259.992753623188,55.5507246376812,4.94202898550725,72.4673913043478,141.724637681159,21.3623188405797,122.050724637681,40.8985507246377,0.0482189020518949,0.00881245737031694,0.00622605363984699,0.010655737704918,0.542302370071411
6880,60031,0,0,"PARE",31.9280116,-108.9941583,0,15,146.313725490196,1483,30.5588235294118,0.298356862745098,145.591240875912,182.839416058394,49.2299270072993,6926.71167883212,334.28102189781,-33.5839416058394,367.86496350365,226.419708029197,183.204379562044,235.124087591241,57.9014598540146,372.142335766423,79.7518248175183,5.92335766423358,71.463503649635,195.197080291971,28.0948905109489,165.156934306569,77.514598540146,0.0198169550217783,5.71754950369926e-05,0.111050724637682,0.153809523809523,0.578766763210297
6880,60057,0,0,"PARE",35.2921949,-108.9107183,0,15,91.9907407407407,2072.33333333333,26.3564814814815,0.306846396396396,91.8736842105263,178.463157894737,44.3964912280702,7902.23859649123,299.245614035088,-98.3017543859649,397.547368421053,188.828070175439,127.638596491228,195.056140350877,-7.82105263157895,317.431578947368,54.1929824561403,10.8631578947368,48.3684210526316,134.856140350877,37.5017543859649,113.666666666667,64.680701754386,0.0163980737608063,4.47599300594596e-05,2.77555756156289e-16,0.00561797752808992,0.587873101234436
6880,60058,0,0,"PARE",35.4463117,-107.4433369,0,15,89.9074074074074,2140.77777777778,25.9675925925926,0.299986301369863,89.6445993031359,172.243902439024,42.9303135888502,7958.93379790941,296.682926829268,-100.191637630662,396.87456445993,184.993031358885,72.2508710801394,193.463414634146,-11.6898954703833,313.616724738676,58.2891986062718,14.5540069686411,53.8362369337979,145.731707317073,46.0592334494774,124.759581881533,53.9198606271777,0.013603846928624,5.47307928981694e-06,2.77555756156289e-16,-3.46944695195361e-17,0.580512344837189
6880,60063,0,0,"PARE",34.4625537,-108.7731399,0,15,88.5735294117647,2111.82352941176,27.3529411764706,0.27254537037037,88.2587412587413,195.461538461538,48.986013986014,7334.36713286713,292.821678321678,-102.258741258741,395.08041958042,178.839160839161,120.65034965035,184.269230769231,-3.75524475524476,330.472027972028,68.458041958042,11.1293706293706,65.3741258741259,168.730769230769,36.6223776223776,141.461538461538,55.034965034965,0.0055236978394508,2.30269806337084e-06,2.77555756156289e-16,-3.46944695195361e-17,0.551288068294525
6880,60064,0,0,"PARE",34.0384437,-107.7693099,0,15,82.2450980392157,2269.41176470588,30.0588235294118,0.315787323943662,81.8687943262411,192.734042553192,49.531914893617,7114.25177304965,279.237588652482,-105.893617021277,385.131205673759,167.542553191489,76.5851063829787,175.070921985816,-8.06382978723404,360.397163120567,78.5212765957447,9.85106382978723,75.5248226950355,202.443262411348,37.7056737588652,167.251773049645,53.6241134751773,0.00856387226850572,2.82895427798373e-07,0.0772972972972972,0.0551912568306011,0.597491443157196
6880,60070,0,0,"PARE",33.5104187,-107.2197419,0,15,129.299019607843,1689.35294117647,23.6617647058824,0.246444927536232,129.465949820789,180.835125448029,47.0752688172043,7415.1541218638,321.749103942652,-58.2974910394265,380.046594982079,215.888888888889,88.3405017921147,225.767025089606,35.1899641577061,283.487455197133,62.0071684587814,6.81720430107527,77.1792114695341,162.301075268817,24.831541218638,134.31541218638,36.5770609318996,0.0134992118319944,9.22582289948775e-06,0.838235294117645,0.0204678362573101,0.523919403553009
6880,60071,0,0,"PARE",33.7152917,-106.9502237,0,15,134.627450980392,1579.05882352941,22.1225490196078,0.262443192488263,133.498220640569,184.170818505338,46.7686832740213,7605.30960854093,330.266903914591,-59.0391459074733,389.306049822064,221.985765124555,89.4626334519573,231.79359430605,36.2455516014235,266.779359430605,56.6725978647687,7.49466192170819,72.2064056939502,146.149466192171,25.8113879003559,122.270462633452,34.9501779359431,0.028265308709671,0.000811457184260741,0.294797687861272,0.00852272727272727,0.540638566017151
6880,60075,0,0,"PARE",32.3972197,-108.7266319,0,15,146.026315789474,1419.21052631579,28.0350877192982,0.222880952380952,145.167857142857,190.460714285714,49.525,7308.37142857143,339.946428571429,-41.3321428571429,381.278571428571,232.785714285714,181.889285714286,240.814285714286,53.4821428571429,338.057142857143,66.0821428571429,6.35,66.425,171.4,26.4142857142857,142.642857142857,72.8214285714286,0.00531860923646277,2.20668203342964e-05,0.087359550561798,0.0735238095238095,0.499667376279831
6880,60076,0,0,"PARE",32.9200137,-107.6265249,0,15,122.587962962963,1820.38888888889,30.2083333333333,0.308044761904762,123.163120567376,179.751773049645,48.5212765957447,7027.57446808511,310.585106382979,-56.4326241134752,367.017730496454,205.921985815603,111.042553191489,215.195035460993,34.6985815602837,362.237588652482,76.7198581560284,6.99645390070922,75.9645390070922,202.875886524823,30.031914893617,169.539007092199,58.3297872340426,0.0167858152330943,1.38509897711056e-06,2.4980018054066e-16,0.00520833333333329,0.589160740375519
6880,60077,0,0,"PARE",32.2282717,-106.7975929,0,15,157.425925925926,1320.83333333333,20.7685185185185,0.262273429951691,156.350364963504,178.459854014599,46.9598540145985,7503.75182481752,344.087591240876,-32.3722627737226,376.459854014599,243.310218978102,151.704379562044,253.204379562044,60.9890510948905,251.138686131387,53.9489051094891,4.56204379562044,73.3941605839416,138.13503649635,19.7919708029197,117.788321167883,39.543795620438,0.0562641801138966,0.00725422950970923,0.0242857142857145,0.0303191489361702,0.540460228919983
6880,60081,0,0,"PARE",31.9176187,-108.3188559,0,15,153.289215686275,1404.58823529412,23.5735294117647,0.205376960784314,153.278985507246,188.355072463768,48.7572463768116,7343.71014492754,348.36231884058,-34.3405797101449,382.702898550725,238.518115942029,184.800724637681,248.188405797101,60.3007246376812,283.213768115942,61.2173913043478,4.41304347826087,75.481884057971,155.916666666667,20.1485507246377,129.829710144928,54.2644927536232,0.00851552939461802,5.984409767025e-06,0.0155855855855858,0.0217391304347827,0.481979131698608
6880,60082,0,0,"PARE",31.8359947,-107.5695189,0,15,163.416666666667,1280.125,19.0625,0.174729901960784,163.530685920578,185.620938628159,47.4079422382671,7592.85920577617,358.902527075812,-28.3574007220217,387.259927797834,250.505415162455,168.462093862816,261.379061371841,67.7400722021661,228.653429602888,53.0794223826715,3.16606498194946,84.4620938628159,136.916967509025,14.4259927797834,110.815884476534,36.6064981949458,0.0109001124127771,2.08694111193682e-05,0.0125000000000003,0.00683060109289617,0.451767265796661
6880,60107,0,0,"PARE",35.2666767,-108.1239789,0,15,81.8684210526316,2262.21052631579,28.4868421052632,0.38983196347032,81.0742049469965,174.650176678445,44.0494699646643,7759.80565371025,285.031802120141,-107.123674911661,392.155477031802,174.780918727915,114.342756183746,182.247349823322,-17.416961130742,347.515901060071,62.1484098939929,14.3286219081272,50.6183745583039,154.053003533569,46.3250883392226,130.83038869258,70.0424028268551,0.0589345596474622,0.000105832112065886,0.06990990990991,0.040891472868217,0.677424371242523
6880,60114,0,0,"PARE",34.8699738,-107.2466969,0,15,114.050925925926,1827.05555555556,21.4768518518519,0.216279279279279,114.020979020979,180.276223776224,44.8496503496503,7877.3006993007,319.863636363636,-77.8986013986014,397.762237762238,207.629370629371,61.9020979020979,216.968531468531,14.1118881118881,257.881118881119,52.3286713286713,10.8251748251748,62.8986013986014,130.965034965035,35.1433566433566,109.91958041958,37.8916083916084,0.0067974410671115,5.1397651709909e-06,2.77555756156289e-16,-3.46944695195361e-17,0.492961555719376
6880,60115,0,0,"PARE",34.1107524,-106.8715622,0,15,122.328431372549,1723.70588235294,23.2156862745098,0.2925875,123.221428571429,185.010714285714,46.6285714285714,7626.73928571429,322.989285714286,-69.7714285714286,392.760714285714,212.592857142857,69.3392857142857,221.885714285714,25.75,280.171428571429,58.6892857142857,9.70357142857143,68.9714285714286,149.232142857143,31.6357142857143,125.653571428571,38.0785714285714,0.0379313145089405,0.000558914630080236,2.77555756156289e-16,-3.46944695195361e-17,0.572595417499542
6880,60121,0,0,"PARE",33.1827307,-106.9863819,0,15,141.282407407407,1535,22.9490740740741,0.22026103286385,141.44128113879,172.060498220641,45.6227758007117,7521.83274021352,330.056939501779,-43.0533807829181,373.110320284698,228.626334519573,103.523131672598,239.014234875445,45.7508896797153,273.533807829182,58.1601423487544,6.46975088967972,73.7722419928826,151.747330960854,24.7722419928826,128.491103202847,38.2526690391459,0.0108154688617099,1.18002333046982e-05,0.290055248618785,0.0105820105820106,0.497001230716705
6880,60126,0,0,"PARE",32.5335077,-107.4876559,0,15,144.495098039216,1465.41176470588,23.9166666666667,0.228415238095238,143.894927536232,184.268115942029,47.963768115942,7396.67753623188,335.561594202899,-44.8152173913044,380.376811594203,230.590579710145,137.634057971014,240.152173913043,49.9275362318841,289.851449275362,61.1775362318841,4.57608695652174,76.3333333333333,162.844202898551,19.8369565217391,135.025362318841,48.3985507246377,0.0113590020862971,6.08545405087903e-05,0.00343915343915369,0.00110497237569055,0.505319952964783
6880,60158,0,0,"PARE",35.4463117,-107.443336,0,15,89.9074074074074,2140.77777777778,25.9675925925926,0.299986301369863,89.6445993031359,172.243902439024,42.9303135888502,7958.93379790941,296.682926829268,-100.191637630662,396.87456445993,184.993031358885,72.2508710801394,193.463414634146,-11.6898954703833,313.616724738676,58.2891986062718,14.5540069686411,53.8362369337979,145.731707317073,46.0592334494774,124.759581881533,53.9198606271777,0.013603846928624,5.47307928981694e-06,2.77555756156289e-16,-3.46944695195361e-17,0.580512344837189
6880,60163,0,0,"PARE",34.5445357,-108.7904439,0,15,89.6813725490196,2096.41176470588,27.0245098039216,0.255859817351598,90.4612676056338,193.866197183099,48.419014084507,7423.05281690141,295.80985915493,-100.517605633803,396.327464788732,182.045774647887,123.419014084507,187.535211267606,-2.7887323943662,322.816901408451,66.056338028169,10.9542253521127,63.9683098591549,162.514084507042,36.1654929577465,136.281690140845,54.5,0.00427637431198787,8.55557748783223e-07,2.77555756156289e-16,-3.46944695195361e-17,0.533735752105713
6880,60164,0,0,"PARE",34.17281,-107.3003133,0,15,104.958333333333,2003.94444444444,25.9212962962963,0.3026125,104.588028169014,185.045774647887,47.4295774647887,7376.93661971831,301.605633802817,-84.830985915493,386.43661971831,191.799295774648,65.7711267605634,200.742957746479,10.9859154929577,309.890845070423,67.9225352112676,9.38380281690141,75.2676056338028,174.031690140845,33.5105633802817,144.457746478873,41.693661971831,0.0206563640254029,6.20932643949029e-06,0.0111111111111114,0.0102564102564103,0.583328068256378
6880,60221,0,0,"PARE",33.1786297,-107.0297999,0,15,142.171296296296,1527.66666666667,22.6574074074074,0.21763137254902,142.01083032491,172.180505415162,45.6353790613718,7520.53068592058,330.689530685921,-42.5523465703971,373.241877256318,229.202166064982,103.101083032491,239.58844765343,46.3574007220217,271.494584837545,57.9350180505415,6.35740072202166,74.3212996389892,151.375451263538,24.2129963898917,127.718411552347,37.6425992779783,0.0105778013629478,1.16195051238276e-05,0.388341968911917,0.0222222222222223,0.494331628084183
6880,60263,0,0,"PARE",34.341296,-108.523606,0,15,79.9166666666667,2246.44444444444,29.8935185185185,0.335747826086957,80.3485915492958,197.760563380282,49.8556338028169,7180.13028169014,284,-109.109154929577,393.109154929577,168.94014084507,111.855633802817,174.549295774648,-9.70070422535211,355.852112676056,74.0281690140845,12.0176056338028,66.5352112676056,184.179577464789,39.0739436619718,153.964788732394,60.1232394366197,0.0146439652632954,5.24410493259305e-06,0.100534759358289,0.0739530988274706,0.619037449359894
6880,83082,0,0,"PARE",29.1904253,-103.0065204,0,15,198.739583333333,951.5,25.1354166666667,0.249362786666667,197.088888888889,152.188888888889,45.8740740740741,6449.71111111111,348.577777777778,19.3222222222222,329.255555555556,267.207407407407,126.755555555556,273.011111111111,108.496296296296,309.992592592593,52.7148148148148,7.33333333333333,63.5296296296296,144.351851851852,27.9777777777778,137.42962962963,30.6296296296296,0.0421400793263442,0.000146224189954035,0.00701219512195148,0.00301204819277104,0.526954472064972
6880,83083,0,0,"PARE",29.4492397,-102.8239829,0,15,196.113095238095,922.071428571429,26.5952380952381,0.26602408,195.940520446097,153.836431226766,46.0185873605948,6527.94423791822,347.092936802974,15.7472118959108,331.345724907063,263.710037174721,125.479553903346,273.167286245353,106.553903345725,320.100371747212,53.5390334572491,7.23791821561338,61.9776951672862,143.297397769517,28.6171003717472,134.524163568773,31.3828996282528,0.0542704959936962,0.00134633773559148,0.00625000000000026,0.0038461538461538,0.544405817985535
6880,83319,0,0,"PARE",29.1679858,-103.6103013,0,15,197.828125,989.9375,25.375,0.20844324,197.066666666667,160.488888888889,45.9,6729.48888888889,358.692592592593,12.4407407407407,346.251851851852,266.559259259259,121.492592592593,276.977777777778,105.451851851852,305.788888888889,59.9481481481481,6.76296296296296,74.8185185185185,164.374074074074,23.1888888888889,149.166666666667,24.9444444444444,0.0165020062330309,2.77425204125551e-06,0.0114942528735635,0.00401069518716574,0.485056102275848
6880,83377,0,0,"PARE",29.6816647,-102.6991049,0,15,195.569444444444,853.333333333333,26.5185185185185,0.271220713333333,195.346863468635,156.712177121771,45.9188191881919,6727.52029520295,348.361623616236,10.4833948339483,337.878228782288,258.527675276753,122.985239852399,275.424354243542,103.568265682657,318.712177121771,54.2915129151292,7.25092250922509,60.1254612546125,138.664206642066,28.4760147601476,126.638376383764,31.4538745387454,0.0642942356073062,0.0333222047432788,0.0050279329608941,0.00409836065573767,0.549887955188751
